{"type":"FeatureCollection","features":[{"type":"Feature","properties":{"osm_id":11926088,"osm_type":"relation","name":"Sông Đuống","name:en":"Duong River","name:fr":"La rivière Duong","name:ko":"즈엉강","name:zh":"陇江","natural":"water","type":"multipolygon","water":"river","wikidata":"Q2411584","wikipedia":"en:Đuống River","role":"outer","member_type":"way","member_ref":28365933},"geometry":{"type":"LineString","coordinates":[[105.959451,21.0413896],[105.9590296,21.0410123],[105.9569493,21.039802],[105.9558612,21.039256],[105.9550463,21.0389396],[105.9540657,21.0386218],[105.9535217,21.0384544],[105.9517908,21.0367614],[105.950355,21.0363225],[105.9492731,21.0358609],[105.947037,21.0360685],[105.9461025,21.0361722],[105.9453283,21.0363449],[105.9427097,21.0370117],[105.9418134,21.0372986],[105.9409332,21.0376886],[105.940081,21.0379708],[105.9395939,21.0382524],[105.9381401,21.0387082],[105.9374573,21.0392615],[105.9370052,21.0398784],[105.9363436,21.0412544],[105.9350076,21.0453233],[105.9336495,21.0494592],[105.933082,21.0511875],[105.9329364,21.0519633],[105.932264,21.0555466],[105.9311705,21.0575635],[105.9307913,21.058263],[105.9299701,21.0598531],[105.9293467,21.0610604],[105.9279689,21.0640501],[105.9265562,21.0671156],[105.9255603,21.0683119],[105.9249708,21.0690201],[105.9244473,21.069649],[105.9231879,21.0713673],[105.9222017,21.0727525],[105.9210014,21.0735501],[105.9191422,21.0747855],[105.9168247,21.0758107],[105.9139556,21.0761119],[105.9078855,21.0772547],[105.9072811,21.0773121],[105.906728,21.0774043],[105.9060329,21.0775104],[105.9046684,21.0775331],[105.9040261,21.0776157],[105.9032982,21.0777094],[105.9026799,21.0778335],[105.899844,21.0781401],[105.8983712,21.0783312],[105.8977452,21.078383],[105.8968571,21.0784092],[105.895957,21.0782496],[105.8953411,21.0782107],[105.8947638,21.0780722],[105.8943981,21.0777708],[105.8938359,21.0773936],[105.8931524,21.0774472],[105.8925514,21.0775274],[105.8919025,21.0775555],[105.8913665,21.0774156],[105.8909176,21.0771416],[105.8906024,21.0767226],[105.890181,21.0764674],[105.8895545,21.0763419],[105.8890072,21.0760209],[105.8883263,21.0756549],[105.8867358,21.0750182],[105.885473,21.0746034],[105.8850701,21.0742838],[105.8846223,21.0739789],[105.8835895,21.0735042],[105.883018,21.0731734],[105.8825165,21.0729079],[105.882144,21.0725818],[105.8813986,21.0720676],[105.8804521,21.0714807],[105.8798945,21.0711317],[105.8789368,21.0705793],[105.8783753,21.0701877],[105.8776582,21.0696186],[105.8771017,21.0693479],[105.8764246,21.0690009],[105.875877,21.0687343],[105.8750909,21.0684442],[105.8744598,21.068193],[105.8738775,21.0679882],[105.8732871,21.0677028],[105.872734,21.0674828],[105.872221,21.0673342],[105.8717101,21.0670787],[105.8710899,21.06681],[105.8706256,21.0666167],[105.8700574,21.0663468],[105.8695704,21.066185],[105.8691104,21.0659553],[105.8684641,21.0657826],[105.8678876,21.0656379],[105.8673096,21.0655108],[105.8666555,21.0654284],[105.8661034,21.0653994],[105.865614,21.0652933],[105.8647841,21.0654909],[105.8642759,21.0655822],[105.8635731,21.0658117],[105.8625235,21.066269],[105.8599278,21.0679014],[105.8581539,21.0693199],[105.8578061,21.0697044],[105.8576288,21.0701229],[105.8567781,21.071009],[105.8525351,21.0740184],[105.8507154,21.0753187],[105.8499679,21.0759636],[105.8483744,21.0773453],[105.8469918,21.0782923],[105.846019,21.0789188],[105.8453326,21.0793423],[105.8462592,21.0807252],[105.8498076,21.0776605],[105.8507948,21.0769135],[105.8537346,21.0746889],[105.8548452,21.0738799],[105.8552326,21.073625],[105.8556042,21.0733407],[105.8561307,21.0729893],[105.8566592,21.0724531],[105.8589387,21.0707193],[105.8600594,21.0698669],[105.8607171,21.0693666],[105.8611966,21.0688473],[105.8618182,21.0684689],[105.8637793,21.0678846],[105.8644706,21.0676786],[105.8659336,21.0675],[105.8668595,21.0676735],[105.8690843,21.0681297],[105.8707273,21.0687166],[105.8729416,21.0695962],[105.8749041,21.070557],[105.8763975,21.0712881],[105.8772434,21.0718455],[105.8777226,21.0721613],[105.8788728,21.0729192],[105.8808217,21.0745853],[105.8842836,21.0771049],[105.8898568,21.0797901],[105.8907824,21.08002],[105.8936107,21.0807225],[105.8961417,21.0812012],[105.8980199,21.0812307],[105.8994058,21.0812524],[105.9016628,21.0804369],[105.9033903,21.0790701],[105.9058866,21.0785194],[105.9080754,21.0783309],[105.9101565,21.0778663],[105.9120186,21.0777961],[105.9130889,21.0777558],[105.9156362,21.0775817],[105.91777,21.0771943],[105.9191665,21.0767294],[105.9199288,21.0764756],[105.9210704,21.0759442],[105.9218109,21.075475],[105.9227075,21.0749601],[105.9235493,21.0744015],[105.9241119,21.0740066],[105.9245883,21.0734789],[105.9257488,21.0722411],[105.9279672,21.0697461],[105.9287906,21.0685196],[105.9302083,21.0644462],[105.9313858,21.0630113],[105.9321293,21.0617871],[105.9329686,21.0599137],[105.9337612,21.0581098],[105.9340811,21.0567082],[105.934452,21.0555241],[105.9342844,21.05508],[105.9348881,21.0549383],[105.9351234,21.0545279],[105.935011,21.0539664],[105.9350869,21.0531281],[105.9348941,21.0527098],[105.9353127,21.0524648],[105.9355302,21.0518399],[105.935556,21.0500566],[105.9365426,21.0497131],[105.9363843,21.0489474],[105.9362415,21.0477979],[105.9372778,21.0448523],[105.9386428,21.0435896],[105.9395163,21.0431558],[105.9406324,21.0441777],[105.9422493,21.0435246],[105.9452711,21.0415281],[105.9480977,21.0392129],[105.9505346,21.039277],[105.9528556,21.0404008],[105.9565078,21.0426571],[105.9598094,21.0452257]]}},{"type":"Feature","properties":{"osm_id":9635863,"osm_type":"way","intermittent":"no","name":"Hồ Tây","name:de":"Westsee","name:en":"West Lake","name:fr":"Lac de l'Ouest","name:id":"Danau Barat","name:ja":"タイ湖","name:km":"បឹងខាងលិច","name:ru":"западное озеро","name:th":"ทะเลสาบตะวันตก","name:vi-Hani":"湖西","name:zh":"西湖","natural":"water","note":"Ở đây mép Hồ Tây được tính là mặt nước + dốc, không tính vỉa hè / West Lake's border is defined by the water surface plus with the ramp, excluding the sidewalks","old_name":"Hồ Lãng Bạc;Hồ Dâm Đàm","old_name:fr":"Grand Lac","salt":"no","tidal":"no","water":"lake","wikidata":"Q1187394","wikipedia":"vi:Hồ Tây"},"geometry":{"type":"Polygon","coordinates":[[[105.8338684,21.0549351],[105.8334928,21.0547773],[105.8335828,21.0543002],[105.8336893,21.0539047],[105.8337834,21.0534387],[105.8339969,21.0530635],[105.8342007,21.052688],[105.8350146,21.0526547],[105.8354854,21.05256],[105.8358653,21.0522851],[105.836113,21.0519523],[105.8366792,21.0517987],[105.8370914,21.0518165],[105.8375652,21.0517936],[105.8379753,21.0513012],[105.8383044,21.050926],[105.8384578,21.0505295],[105.8386888,21.0501854],[105.8384447,21.0498498],[105.8384225,21.049322],[105.838184,21.0488568],[105.8377859,21.0482507],[105.8372372,21.0482084],[105.8365812,21.0479796],[105.8362606,21.0476665],[105.8372624,21.0477654],[105.8374073,21.0481406],[105.8366224,21.0470615],[105.8363515,21.0464842],[105.8362446,21.0459519],[105.8360914,21.0445915],[105.8359915,21.0440627],[105.8356488,21.0436973],[105.8350966,21.0436723],[105.8346567,21.0437064],[105.8340901,21.043808],[105.8337141,21.044046],[105.8334525,21.0436422],[105.8330363,21.0437146],[105.8320084,21.04395],[105.8314203,21.0440681],[105.8308374,21.043811],[105.8304242,21.0432983],[105.8297222,21.0431436],[105.8283247,21.0423244],[105.8277935,21.0424387],[105.8271149,21.0421552],[105.8264169,21.0420992],[105.826027,21.0422645],[105.825799,21.0427004],[105.8255579,21.0430296],[105.8253505,21.0434212],[105.8248483,21.0433915],[105.8243843,21.0433516],[105.8238775,21.043329],[105.8235601,21.0435895],[105.8231752,21.0437266],[105.8227608,21.0437125],[105.8216165,21.04402],[105.8210173,21.0442116],[105.8205257,21.0443259],[105.8201078,21.0444724],[105.8194262,21.0443822],[105.8188893,21.0444009],[105.8179908,21.0446224],[105.8166172,21.0451289],[105.8155362,21.0455337],[105.8152568,21.0458469],[105.8148704,21.0465763],[105.8145646,21.0471439],[105.8145129,21.0475877],[105.8146814,21.0481497],[105.8146854,21.0485563],[105.814419,21.0489901],[105.8142298,21.0493663],[105.8139532,21.0497081],[105.8136469,21.0501178],[105.8132737,21.0509638],[105.8129172,21.0518191],[105.8127548,21.052248],[105.8125837,21.0526826],[105.8127098,21.053093],[105.8122231,21.0537322],[105.8119689,21.0543487],[105.8117686,21.054878],[105.8116029,21.0554003],[105.8111769,21.0556267],[105.810695,21.0556632],[105.8103082,21.055827],[105.8102619,21.0563041],[105.8099684,21.0565923],[105.8094884,21.0567807],[105.8090144,21.0568506],[105.8090114,21.0594336],[105.8092296,21.0597787],[105.8096244,21.0600208],[105.8100689,21.0600866],[105.8099529,21.060527],[105.8099044,21.0610448],[105.8094737,21.0611799],[105.809996,21.0617858],[105.8101679,21.0626229],[105.8101087,21.0630537],[105.8104253,21.063581],[105.8106521,21.0640939],[105.8108253,21.0645472],[105.810883,21.0654558],[105.8111112,21.0658358],[105.8114093,21.0662696],[105.811551,21.0670565],[105.8117244,21.067506],[105.8122664,21.0682422],[105.8123362,21.0686761],[105.8126026,21.0689979],[105.812969,21.0692073],[105.8132368,21.0696408],[105.8138343,21.0705481],[105.8141348,21.0713151],[105.8144362,21.0718649],[105.8148571,21.0728439],[105.8151902,21.0732491],[105.8154635,21.0735582],[105.816617,21.0723523],[105.8168869,21.0719916],[105.8173037,21.0720394],[105.8196912,21.0739886],[105.8204874,21.0730073],[105.8208936,21.0727729],[105.8212911,21.0726935],[105.8215875,21.07186],[105.8216681,21.0714047],[105.821975,21.0710207],[105.8224442,21.070626],[105.8226853,21.0701796],[105.8226756,21.0697015],[105.8224206,21.0693654],[105.8216795,21.0689997],[105.8208456,21.0695078],[105.8189757,21.0687485],[105.8188671,21.0681623],[105.8192722,21.0673894],[105.818843,21.0669744],[105.8189866,21.0665136],[105.8193154,21.0661297],[105.819711,21.0658411],[105.8201596,21.0657804],[105.8206142,21.065848],[105.82104,21.0659412],[105.8215269,21.0661227],[105.8220127,21.0664116],[105.8224199,21.0664206],[105.8221588,21.0654288],[105.8198765,21.0642377],[105.8199777,21.0630052],[105.8202323,21.0618141],[105.819884,21.0615801],[105.8195863,21.0612],[105.8190306,21.0609331],[105.8185906,21.0605594],[105.8183539,21.0600374],[105.8183398,21.0594915],[105.818528,21.0590289],[105.8192571,21.057276],[105.8194012,21.0568692],[105.8195204,21.0564373],[105.819536,21.0559554],[105.8196323,21.0553676],[105.8195254,21.0549786],[105.8199612,21.0547216],[105.8201377,21.0542869],[105.8205026,21.0540439],[105.8209058,21.0543332],[105.8210554,21.0547257],[105.8213989,21.055006],[105.821734,21.0554541],[105.821875,21.0558697],[105.8228703,21.0568354],[105.8247271,21.0577875],[105.8253701,21.0582625],[105.8267653,21.0597721],[105.8272443,21.0603186],[105.8277557,21.0609152],[105.8281231,21.0611761],[105.8284499,21.061485],[105.8287831,21.0621433],[105.8291781,21.0624508],[105.829637,21.062381],[105.8305406,21.0617332],[105.8309592,21.0614544],[105.8314196,21.0611976],[105.8315891,21.0608091],[105.8308542,21.0604217],[105.8305197,21.0601647],[105.8301005,21.0599273],[105.8297344,21.0595656],[105.8294364,21.0592967],[105.8291365,21.0589721],[105.8288618,21.0585356],[105.829079,21.0580801],[105.8294458,21.0578362],[105.8299411,21.057928],[105.8303559,21.0581633],[105.8308339,21.0584773],[105.8310384,21.0588289],[105.831349,21.0583665],[105.8309081,21.0581372],[105.8313387,21.0580153],[105.8319352,21.0578761],[105.8317888,21.0583478],[105.8322257,21.0586526],[105.8324996,21.058347],[105.8321575,21.0579072],[105.8322741,21.0574969],[105.8322746,21.0570191],[105.8323963,21.0566218],[105.8325489,21.0561348],[105.8328475,21.0555112],[105.8337573,21.0549684],[105.8333615,21.0554692],[105.8340025,21.0555367],[105.83428,21.0560301],[105.8340421,21.0566059],[105.8342511,21.057031],[105.8347033,21.056879],[105.8350875,21.0559059],[105.835347,21.0554689],[105.8353616,21.0550254],[105.8354302,21.0545978],[105.8358378,21.0538393],[105.8362643,21.0532711],[105.8365433,21.0528556],[105.8359846,21.0526726],[105.8357735,21.0530458],[105.8355858,21.0536682],[105.8354437,21.05405],[105.8350902,21.054275],[105.8349366,21.0546804],[105.8343808,21.0546552],[105.8339944,21.054891],[105.8338684,21.0549351]]]}},{"type":"Feature","properties":{"osm_id":50485676,"osm_type":"way","boat":"no","name":"Sông Đuống","name:en":"Duong River","name:fr":"La rivière Duong","name:ko":"즈엉강","name:zh":"陇江","old_name":"Canal des Rapides","waterway":"river","wikidata":"Q2411584","wikipedia":"en:Đuống River"},"geometry":{"type":"LineString","coordinates":[[105.8419066,21.0825318],[105.8451878,21.0800348],[105.8554244,21.0726471],[105.8614359,21.0683085],[105.8662424,21.0663862],[105.8751688,21.0692696],[105.8842669,21.0747158],[105.8923349,21.0782397],[105.8957682,21.0787202],[105.9040079,21.0780795],[105.9177408,21.0761574],[105.9228907,21.0734343],[105.9280405,21.0679881],[105.9355547,21.0479803],[105.9373229,21.0432155],[105.93884,21.0410434],[105.9406361,21.0402331],[105.9433918,21.0388316],[105.9483591,21.037607],[105.9522448,21.0383506],[105.9591112,21.0431571]]}},{"type":"Feature","properties":{"osm_id":332762598,"osm_type":"way","name":"Sông Tô Lịch","name:en":"To Lich River","tunnel":"no","waterway":"river","wikidata":"Q7862307","wikipedia":"en:Tô Lịch River"},"geometry":{"type":"LineString","coordinates":[[105.8052617,21.0459882],[105.805467,21.0449575],[105.8055268,21.0443318],[105.8055799,21.0435093],[105.8055568,21.0430746],[105.8054785,21.0426627],[105.805437,21.0421565],[105.8054738,21.0416802],[105.8056357,21.0411162],[105.8059391,21.0405471],[105.8062129,21.0400242],[105.8064109,21.0391053],[105.8064355,21.0384987],[105.8063499,21.0377372],[105.8062853,21.0370555],[105.8061034,21.0365014],[105.8057739,21.0359466],[105.805411,21.0354963],[105.8047777,21.0346649],[105.8043896,21.0341184],[105.8041484,21.0337805],[105.80383,21.0332659],[105.8035252,21.0327595],[105.8031879,21.0323239],[105.8025442,21.0316029],[105.8011967,21.0300647],[105.8006903,21.0294638],[105.8000853,21.0287957],[105.7995383,21.0282418],[105.7987744,21.0274023],[105.7983814,21.0269242],[105.7980771,21.0263678],[105.7978929,21.0258537],[105.7977407,21.0254294],[105.7976162,21.0248932],[105.7976593,21.0243445],[105.7978322,21.0239602],[105.7981571,21.0236233],[105.7985716,21.0233265],[105.7991282,21.0229184],[105.7994886,21.02263],[105.7999435,21.0222374],[105.8004499,21.0215884],[105.8008963,21.0209315],[105.8012482,21.0203947],[105.8014799,21.019954],[105.8022009,21.0186561],[105.8026901,21.0177667],[105.8030849,21.0171418],[105.8034369,21.0166851],[105.8039433,21.0160441],[105.8045399,21.0154383],[105.8049628,21.0150621],[105.8057114,21.0143536],[105.8064495,21.0136645],[105.8069817,21.0132078],[105.8075739,21.0127591],[105.8082434,21.0122864],[105.8105694,21.010756],[105.8126293,21.009442],[105.8137365,21.0087369],[105.8145433,21.0080799],[105.8148523,21.0077994],[105.8151442,21.0074709],[105.8154617,21.0070543],[105.8157879,21.0065815],[105.816084,21.0061348],[105.8163393,21.0057182],[105.8166526,21.0051636],[105.8179798,21.0019768],[105.8181899,21.0015153],[105.8183303,21.001119],[105.8184338,21.0006131],[105.8183745,21.0000147],[105.8181878,20.9995064],[105.8175119,20.9987852],[105.8166795,20.9978578],[105.8157307,20.9965311],[105.8153031,20.9958788],[105.8149531,20.9953346],[105.814603,20.9945992],[105.8143207,20.9936242],[105.8139673,20.9925324],[105.8136387,20.9914229],[105.8135248,20.990934],[105.8134092,20.9903269],[105.8132824,20.9894595],[105.8132051,20.9889826],[105.8131578,20.9885476],[105.8131788,20.987863],[105.8133553,20.9872844],[105.8135796,20.9866227],[105.8141485,20.9855469],[105.8147209,20.9846343],[105.8152423,20.9838408],[105.8155981,20.9832855],[105.8161103,20.9826944],[105.8164459,20.9823034],[105.8167671,20.981976],[105.8172183,20.9816106],[105.8176438,20.9812687],[105.8184271,20.9806237],[105.8188571,20.980347],[105.8197761,20.9799142],[105.8210881,20.9793679],[105.8224231,20.9788816],[105.8228392,20.9786878],[105.8236248,20.9782666],[105.8241522,20.9779494],[105.824514,20.977692],[105.8249989,20.9771508],[105.8251657,20.9766045],[105.8251666,20.9758052],[105.8250547,20.9729378],[105.8250331,20.9719519],[105.8249969,20.971093],[105.8249889,20.9706646],[105.8248072,20.9701997],[105.824534,20.9695586],[105.8241306,20.9686369],[105.8239075,20.9681159],[105.8235899,20.967595],[105.8232122,20.9672263],[105.8227488,20.9668015],[105.8222338,20.9663367],[105.8216759,20.9658558],[105.8211609,20.965463],[105.8202168,20.9648459],[105.8193241,20.9642207],[105.8184229,20.9634112],[105.8179422,20.9630265],[105.8175474,20.9627861],[105.8163458,20.9621128],[105.8152729,20.9615357],[105.8143202,20.9611109],[105.8137365,20.9608304],[105.8134018,20.9605819],[105.8131604,20.9604061]]}},{"type":"Feature","properties":{"osm_id":18252877,"osm_type":"relation","name":"Sông Ngũ Huyện Khê","name:en":"Ngu Huyen Khe River","natural":"water","source":"yahoo imagery","type":"multipolygon","water":"river","wikidata":"Q32247459","role":"outer","member_type":"way","member_ref":29730824},"geometry":{"type":"LineString","coordinates":[[105.8907431,21.1095772],[105.8904248,21.1090808],[105.8900834,21.1083151],[105.8895799,21.1071813],[105.889375,21.1065304],[105.8892401,21.1060647],[105.8889994,21.1051013],[105.8887815,21.104499],[105.8885164,21.103613],[105.8883814,21.1029956],[105.8883912,21.1025101],[105.8885359,21.1019578],[105.8887522,21.1012812],[105.8888075,21.1006455],[105.8886335,21.1001919],[105.8882562,21.0996518],[105.8878285,21.0991678],[105.8874968,21.0987976],[105.8868707,21.0983607],[105.8863731,21.0980588],[105.8844884,21.0968162],[105.8837484,21.0963185],[105.883002,21.0957026],[105.8824312,21.0951837],[105.8807384,21.0938227],[105.8794569,21.0927895],[105.8757801,21.0898172],[105.8749833,21.0891329],[105.8743617,21.0886382],[105.8735344,21.0879798],[105.870489,21.0855009],[105.8693081,21.0845697],[105.8674076,21.0830723],[105.8659936,21.081859],[105.8639251,21.0801772],[105.8635045,21.0799309],[105.8627363,21.0792922],[105.861775,21.0784874],[105.8602279,21.077208],[105.8585478,21.0758124],[105.8581808,21.07545],[105.857389,21.0747132],[105.8565458,21.0738242],[105.8560651,21.0732956],[105.8556042,21.0733407],[105.8560093,21.0735451],[105.856326,21.0738775],[105.8567524,21.0742961],[105.8572417,21.0749746],[105.8576758,21.0754253],[105.8585086,21.076159],[105.859511,21.0769642],[105.8608466,21.0780553],[105.8613771,21.0784963],[105.8621019,21.079075],[105.8630919,21.0798523],[105.8637644,21.0803805],[105.8641193,21.0806837],[105.8649506,21.0813443],[105.8661648,21.0823465],[105.8676461,21.0835422],[105.8685484,21.0842603],[105.8691648,21.0847867],[105.8698504,21.0853531],[105.8708012,21.0860677],[105.8716418,21.0867666],[105.8730129,21.0878315],[105.8736984,21.0884346],[105.8748902,21.0894437],[105.8759998,21.0903169],[105.8770048,21.091136],[105.8780154,21.0919517],[105.879026,21.0927604],[105.8809295,21.0943185],[105.8816505,21.0948797],[105.8828087,21.0958225],[105.8831785,21.0960944],[105.8838043,21.0966434],[105.8851175,21.097473],[105.8862663,21.0982816],[105.8866885,21.0985482],[105.8871443,21.0989491],[105.8875814,21.0994127],[105.8878373,21.099817],[105.8883958,21.1003555],[105.8885285,21.1009079],[105.8884295,21.1014186],[105.8882576,21.1018943],[105.8881026,21.102459],[105.8882053,21.103536],[105.888663,21.1050887],[105.8888815,21.1059705],[105.8890683,21.106746],[105.8893653,21.1075023],[105.8896157,21.1079624],[105.8901555,21.1089836],[105.8904861,21.1096127],[105.8907402,21.109902]]}},{"type":"Feature","properties":{"osm_id":53504832,"osm_type":"way","alt_name":"Hồng Hà","boat":"yes","name":"Sông Hồng","name:en":"Red River","name:ko":"홍강","name:vi-Hani":"瀧紅","name:zh":"紅河","name:zh-Hans":"红河","name:zh-Hant":"紅河","source":"Yahoo","waterway":"river"},"geometry":{"type":"LineString","coordinates":[[105.8687024,21.0203104],[105.8709765,21.0124453],[105.8761263,21.0062957],[105.8807826,21.0034512],[105.8875204,21.0018286],[105.8907712,21.0004364],[105.8968759,20.9974565],[105.9021974,20.9936703],[105.9083772,20.9872395],[105.9101131,20.9807353],[105.9081395,20.9773744],[105.9056735,20.9731748],[105.9003091,20.964559],[105.8955884,20.9579466],[105.8921469,20.9539896],[105.890739,20.9523759],[105.886426,20.9464243]]}},{"type":"Feature","properties":{"osm_id":761990818,"osm_type":"way","alt_name":"Sông Nghĩa Trụ","intermittent":"no","lock":"no","name":"Sông Cầu Bây","name:en":"Cau Bay River","name:vi":"Sông Cầu Bây","waterway":"river"},"geometry":{"type":"LineString","coordinates":[[105.9170125,21.0387172],[105.9205118,21.0366995],[105.9216255,21.0360731],[105.9218963,21.0357564],[105.9219495,21.0352919],[105.9200651,21.0330465],[105.9197426,21.032501],[105.9195673,21.0321383],[105.9200483,21.0317006],[105.9206737,21.0311439],[105.9210745,21.0307807],[105.9214405,21.0303774],[105.9218184,21.0299236],[105.9229635,21.0284982],[105.9232311,21.0281467],[105.9234752,21.0277063],[105.9235749,21.0272778],[105.9234156,21.0268291],[105.923396,21.0263888],[105.9234065,21.0258697],[105.9233571,21.0252082],[105.9236089,21.0248775],[105.9240236,21.0248666],[105.9244788,21.0246778],[105.9248108,21.0241748],[105.9250598,21.0236801],[105.9252996,21.0230702],[105.9254743,21.0226626],[105.9258097,21.0224376],[105.9261351,21.0220443],[105.9260083,21.0216055],[105.9257961,21.0212182],[105.9257005,21.0207402],[105.9257007,21.0200857],[105.9256492,21.019659],[105.9256048,21.0192121],[105.9254923,21.0186395],[105.9254242,21.0182333],[105.9252052,21.0175083],[105.9250019,21.0171513],[105.9247707,21.0167691],[105.9245316,21.0162157],[105.9245378,21.0157029],[105.9247351,21.0153156],[105.9253372,21.0150387],[105.9264442,21.0142511],[105.9269742,21.0138543],[105.9274532,21.0134765],[105.9278747,21.013038],[105.9281765,21.0125524],[105.9283203,21.0120434],[105.9284152,21.0116503],[105.9284952,21.0106923],[105.9289338,21.0080655],[105.9294502,21.005267],[105.9294783,21.0044428],[105.9294685,21.0038319],[105.9291382,21.0027277],[105.9282022,21.0006456],[105.9279876,20.9998924],[105.9279619,20.9994517],[105.928212,20.9990299],[105.9285455,20.9985863],[105.9282966,20.9980093],[105.9280048,20.9967673],[105.9277559,20.9963185],[105.9277559,20.9957656],[105.9282811,20.9954626],[105.9284538,20.9950375],[105.9276545,20.9940634],[105.9275445,20.9936345],[105.9277013,20.9932286],[105.9282208,20.9929709],[105.9289195,20.9931271],[105.929703,20.9932032],[105.9303132,20.9931112],[105.9315067,20.9926485],[105.9325968,20.9923064],[105.9340988,20.9918471],[105.9351861,20.9912727],[105.9356867,20.9906451],[105.9358956,20.9902394],[105.9360276,20.9895863],[105.9363561,20.9885616],[105.9365341,20.9880009],[105.9368976,20.9873896],[105.9377123,20.9861094],[105.9379142,20.9856927],[105.9383038,20.9849624],[105.93892,20.9842195],[105.9401182,20.9829456],[105.9404137,20.9826195],[105.9407903,20.9823148],[105.9415267,20.9819468],[105.9418943,20.9817748],[105.9423384,20.9816764],[105.9428265,20.9816278],[105.9432326,20.9815662],[105.9436701,20.9813243],[105.9437557,20.9807415],[105.9435064,20.9800977],[105.9432704,20.9795067],[105.943368,20.9789171],[105.9436784,20.9783614],[105.9438922,20.978022],[105.9441047,20.9776313],[105.9443489,20.9768548],[105.9444227,20.9763547],[105.9443244,20.9757899],[105.9443815,20.9751257],[105.9448134,20.9745255],[105.9452339,20.9741347],[105.9456788,20.9739066],[105.9464641,20.9736782],[105.9469019,20.9734759],[105.9471359,20.972924],[105.9474064,20.9721696],[105.9477657,20.9718901],[105.9483841,20.9715218],[105.9489575,20.9712057],[105.9494687,20.9704783],[105.9497695,20.9697842]]}},{"type":"Feature","properties":{"osm_id":19752042,"osm_type":"relation","intermittent":"no","name":"Sông Cầu Bây","natural":"water","salt":"no","type":"multipolygon","water":"canal;river","wikidata":"Q32245000","role":"outer","member_type":"way","member_ref":909568606},"geometry":{"type":"Polygon","coordinates":[[[105.9282131,21.0005269],[105.9285024,21.0010685],[105.9280542,21.0005801],[105.92792,20.9999804],[105.9279012,20.9995066],[105.9280629,20.9990737],[105.9284142,20.9986652],[105.9283495,20.9981964],[105.9280367,20.9977994],[105.9279751,20.9973061],[105.9279212,20.9968574],[105.9277009,20.9964302],[105.9275237,20.9959498],[105.9278519,20.9955687],[105.9283384,20.9952885],[105.9281284,20.994823],[105.9275238,20.9940838],[105.927451,20.9935874],[105.9275557,20.9931243],[105.9280665,20.9929073],[105.9286488,20.9929286],[105.929176,20.9930325],[105.9297833,20.9930686],[105.9303706,20.9930082],[105.9308222,20.992862],[105.9312909,20.992632],[105.9317955,20.9924109],[105.9330057,20.9920883],[105.9337503,20.991876],[105.9342825,20.9916175],[105.934717,20.9913861],[105.9353425,20.9908793],[105.9356449,20.9904167],[105.9358878,20.9896854],[105.93615,20.9889255],[105.9364184,20.9880689],[105.9366905,20.9875854],[105.9369295,20.9871992],[105.9372307,20.9867117],[105.937464,20.9862797],[105.9376169,20.9858352],[105.9379026,20.9854383],[105.9381377,20.9849439],[105.9385692,20.9843667],[105.9400068,20.9828696],[105.9404757,20.9823935],[105.941086,20.982042],[105.9416562,20.981753],[105.9425001,20.9815383],[105.9430885,20.9814464],[105.9435346,20.9812025],[105.9436203,20.9807165],[105.9431734,20.9796986],[105.9431162,20.9792062],[105.9435275,20.978345],[105.9438045,20.9778137],[105.9441223,20.9771631],[105.9442402,20.9765269],[105.9441799,20.9758634],[105.9442025,20.9753633],[105.9444299,20.9748038],[105.9448206,20.9743456],[105.9454652,20.9738766],[105.9464138,20.973577],[105.9468328,20.9733771],[105.9469861,20.9728872],[105.9471623,20.9723008],[105.9474847,20.9718846],[105.9478738,20.9716329],[105.9486766,20.9711942],[105.9490821,20.9708551],[105.9493884,20.9704776],[105.9495727,20.9700665],[105.9495189,20.9705897],[105.9493474,20.9710185],[105.9489188,20.9713717],[105.9477955,20.9720472],[105.9474469,20.9723981],[105.9472857,20.9730064],[105.9470517,20.9735151],[105.946619,20.9737688],[105.9456487,20.9740741],[105.9451929,20.9743384],[105.9446699,20.9749395],[105.9444735,20.9753792],[105.9445119,20.9760033],[105.9445465,20.9766547],[105.9444441,20.9771631],[105.943561,20.9788836],[105.9434167,20.9794589],[105.9435931,20.9799333],[105.9438488,20.9804245],[105.9439151,20.9810409],[105.9436975,20.981467],[105.943163,20.9817382],[105.9426986,20.9818645],[105.9422526,20.981774],[105.9417132,20.9819583],[105.9412952,20.9821556],[105.9407045,20.9824815],[105.940269,20.9828848],[105.938825,20.9845381],[105.9383756,20.9851226],[105.9381541,20.9855497],[105.9384036,20.985938],[105.9379122,20.9860638],[105.9376192,20.9865216],[105.9371754,20.9871372],[105.9368793,20.9875736],[105.9365775,20.9881323],[105.9363024,20.9889737],[105.9361535,20.9895038],[105.936086,20.989966],[105.9359677,20.9904087],[105.9357797,20.9908284],[105.9354738,20.9912088],[105.935075,20.9915363],[105.9346212,20.9917857],[105.9341289,20.9920173],[105.9329399,20.9923633],[105.9324413,20.9924502],[105.9319876,20.9925962],[105.9315016,20.9927792],[105.9309996,20.9929827],[105.93051,20.9931679],[105.9299965,20.9933101],[105.9295093,20.993322],[105.9289947,20.9932653],[105.9285328,20.9931734],[105.9280562,20.993108],[105.9276792,20.9934715],[105.9277523,20.9939444],[105.9280569,20.9943637],[105.9286875,20.9951393],[105.9284207,20.9955092],[105.9279535,20.9957398],[105.9278385,20.9962602],[105.9281305,20.9967245],[105.9281677,20.9973539],[105.9283037,20.9978841],[105.9286578,20.9983173],[105.9286471,20.998773],[105.9282555,20.9991937],[105.9280784,20.9996645],[105.9282135,21.0003005],[105.9282131,21.0005269]]]}},{"type":"Feature","properties":{"osm_id":469772108,"osm_type":"way","alt_name":"Hồng Hà","boat":"yes","name":"Sông Hồng","name:ar":"النهر الأحمر","name:en":"Red River","name:fr":"Le fleuve Rouge","name:id":"Sungai Merah","name:ja":"紅河","name:ko":"홍강","name:ms":"Sungai Merah","name:ru":"Хонгха","name:th":"แม่น้ำแดง","name:vi-Hani":"瀧紅","name:zh":"紅河","name:zh-Hans":"红河","name:zh-Hant":"紅河","source":"Yahoo","waterway":"river"},"geometry":{"type":"LineString","coordinates":[[105.837709,21.0860229],[105.8419066,21.0825318],[105.8424353,21.0790743],[105.8451095,21.0746556],[105.852989,21.0669416],[105.856691,21.0618576],[105.8595457,21.057937],[105.8624768,21.0485579],[105.8623903,21.0403028],[105.866122,21.0288456],[105.8687024,21.0203104]]}},{"type":"Feature","properties":{"osm_id":10237514,"osm_type":"way","boat":"no","name":"Sông Tô Lịch","name:en":"To Lich River","waterway":"river","wikidata":"Q7862307","wikipedia":"en:Tô Lịch River"},"geometry":{"type":"LineString","coordinates":[[105.8131604,20.9604061],[105.8132387,20.9598766],[105.8137194,20.959556],[105.8143288,20.9595881],[105.8150755,20.9597884],[105.8155218,20.9598766],[105.8163458,20.9598606],[105.8172985,20.9596281],[105.8177277,20.9594999],[105.8183714,20.9592274],[105.818955,20.9586423],[105.8193584,20.9582014],[105.8197876,20.9577686],[105.8201824,20.957472],[105.820706,20.9572476],[105.8212639,20.9571434],[105.8219726,20.9570337],[105.8227659,20.956911],[105.8246885,20.9566465],[105.8253408,20.9565423],[105.8259417,20.9563339],[105.8263708,20.9560774],[105.826963,20.9557568],[105.8274694,20.9554362],[105.8279415,20.9550434],[105.8285166,20.9545384],[105.8290144,20.9541296],[105.829598,20.9537609],[105.8303619,20.953296],[105.8309113,20.9530075],[105.8316666,20.9526227],[105.8321815,20.9523823],[105.832645,20.952238],[105.8331016,20.9521494],[105.8341986,20.952222],[105.8349078,20.9522754],[105.835692,20.9523181],[105.8363443,20.9524464],[105.8373592,20.9529247],[105.8377863,20.9531518],[105.8382646,20.9534104],[105.8390883,20.9538651],[105.8397947,20.9541617],[105.8405071,20.9542739],[105.8410736,20.9542419],[105.8416401,20.9540174],[105.8421808,20.9535605],[105.8425756,20.9530876],[105.8427216,20.9525907],[105.842713,20.9520697],[105.842713,20.9515326],[105.842975,20.9511351],[105.8437876,20.9511737],[105.8444414,20.9512489],[105.8450647,20.9512921],[105.8456055,20.9514444],[105.8466097,20.951749],[105.8475538,20.9520697],[105.8487383,20.9524945],[105.8498198,20.9529033],[105.8504721,20.9531998],[105.8516308,20.9537289],[105.8531289,20.9545078],[105.853974,20.9549472],[105.8577333,20.9568469],[105.8585446,20.9572546],[105.8591066,20.9575121],[105.8594929,20.9577125],[105.8600336,20.9578407],[105.8607349,20.9579182],[105.8627888,20.9581453],[105.865089,20.9583858],[105.866428,20.958522],[105.8671232,20.95849],[105.8676897,20.9582976],[105.8684107,20.9578648],[105.869269,20.9573198]]}},{"type":"Feature","properties":{"osm_id":654611725,"osm_type":"way","alt_name":"Hồng Hà","boat":"yes","name":"Sông Hồng","name:en":"Red River","name:vi-Hani":"瀧紅","name:zh":"紅河","name:zh-Hans":"红河","name:zh-Hant":"紅河","source":"Yahoo","waterway":"river"},"geometry":{"type":"LineString","coordinates":[[105.7812281,21.0973514],[105.7856445,21.0972131],[105.7895386,21.0970912],[105.7922079,21.0948054],[105.7998345,21.0929963],[105.8100454,21.0925575],[105.8209133,21.0904263],[105.837709,21.0860229]]}},{"type":"Feature","properties":{"osm_id":331066106,"osm_type":"way","name":"Sông Nhuệ","name:en":"Nhue River","name:id":"Sungai Nhue","name:ko":"뉘에강","name:ru":"Ньюе","name:vi":"Sông Nhuệ","name:zh":"锐江","waterway":"river"},"geometry":{"type":"LineString","coordinates":[[105.7712173,21.0944552],[105.7714654,21.0928192],[105.7712636,21.0918326],[105.7706199,21.0901509],[105.7706003,21.0895027],[105.7706893,21.0883988],[105.7710105,21.0835015],[105.7712938,21.078127],[105.7722379,21.0623088],[105.7726201,21.0571146],[105.7727112,21.0565466],[105.772651,21.055936],[105.7725058,21.0551927],[105.7722137,21.0545586],[105.7717505,21.0536175],[105.7711436,21.0526076],[105.7708988,21.0521424],[105.76925,21.0498107],[105.7687436,21.0490848],[105.7657389,21.044456],[105.7654788,21.0441258],[105.7649998,21.0437105],[105.7646245,21.0434912],[105.7632604,21.0431292],[105.7626139,21.0429779],[105.7621286,21.0427804],[105.7618174,21.0424919],[105.7615608,21.0420452],[105.7615207,21.0419219]]}},{"type":"Feature","properties":{"osm_id":875161060,"osm_type":"way","name":"Hồ Xuân Quan","natural":"water","water":"lake"},"geometry":{"type":"Polygon","coordinates":[[[105.9233332,20.9633289],[105.9217721,20.9626465],[105.9210189,20.9622962],[105.9208463,20.9619085],[105.9208235,20.9615044],[105.9215048,20.9602918],[105.9216539,20.9598653],[105.9215836,20.9592801],[105.9211854,20.9586597],[105.9209238,20.9581252],[105.9209833,20.9576757],[105.9212324,20.9572976],[105.924412,20.9558196],[105.9248905,20.9555657],[105.9253266,20.9555737],[105.9257364,20.9557125],[105.9259502,20.9560734],[105.9261923,20.9566207],[105.9265381,20.9571853],[105.9257783,20.9572884],[105.9258969,20.9568158],[105.9257391,20.9562597],[105.9255924,20.9558851],[105.9248799,20.9558857],[105.9250767,20.956704],[105.9245996,20.956749],[105.9239684,20.9565762],[105.9231502,20.9566669],[105.9234341,20.9571484],[105.9241241,20.9574507],[105.9258045,20.958108],[105.9244675,20.9578678],[105.9231577,20.9573625],[105.9228004,20.9568108],[105.9221452,20.9571449],[105.922644,20.9579456],[105.9238582,20.9584933],[105.9250746,20.9589262],[105.9239472,20.9587654],[105.9222514,20.9581282],[105.9217569,20.9573245],[105.9211748,20.9578038],[105.9216801,20.9586364],[105.9235649,20.9594719],[105.9241029,20.9596813],[105.9243102,20.9600598],[105.9238171,20.9601278],[105.9220498,20.9592943],[105.9219284,20.9599884],[105.9231838,20.9605604],[105.923959,20.9609808],[105.923266,20.9610384],[105.9219005,20.9603389],[105.9214671,20.9608953],[105.9226564,20.9615191],[105.9235159,20.961945],[105.9225376,20.9618843],[105.9214013,20.9612133],[105.9210907,20.9618256],[105.921459,20.9620491],[105.9220347,20.9623319],[105.9233399,20.9630294],[105.9233332,20.9633289]]]}},{"type":"Feature","properties":{"osm_id":654611731,"osm_type":"way","alt_name":"Hồng Hà","boat":"yes","name":"Sông Hồng","name:en":"Red River","name:vi-Hani":"瀧紅","name:zh":"紅河","name:zh-Hans":"红河","name:zh-Hant":"紅河","source":"Yahoo","waterway":"river"},"geometry":{"type":"LineString","coordinates":[[105.7895386,21.0970912],[105.7963369,21.0994369],[105.8038122,21.1028483],[105.8064515,21.1031286],[105.8081317,21.1026471],[105.8094556,21.1022678],[105.8123309,21.100406],[105.8155542,21.0987287],[105.8160727,21.0984589],[105.8177168,21.0976033],[105.8225052,21.0965492],[105.8253557,21.0959217],[105.8280809,21.0939998],[105.8328659,21.0896755],[105.837709,21.0860229]]}},{"type":"Feature","properties":{"osm_id":484479705,"osm_type":"way","name":"Sông Ngũ Huyện Khê","name:en":"Ngu Huyen Khe River","source":"bing","waterway":"river"},"geometry":{"type":"LineString","coordinates":[[105.8554244,21.0726471],[105.8558529,21.0731747],[105.8572297,21.0747199],[105.8578584,21.0753532],[105.8583011,21.0757991],[105.8610971,21.0781045],[105.8632411,21.0798672],[105.8638781,21.0803907],[105.8672566,21.0831112],[105.8699567,21.0853329],[105.8709759,21.0861022],[105.8727942,21.0874707],[105.8745883,21.0889936],[105.8749752,21.0893167],[105.8778954,21.0918214],[105.8812314,21.0944366],[105.8821093,21.0951376],[105.8828112,21.0956981],[105.8831557,21.0959732],[105.883768,21.0964621],[105.88605,21.0980086],[105.8869425,21.0986135],[105.8887384,21.1006328],[105.8882618,21.1022716],[105.8883993,21.1037501],[105.8890615,21.1056953],[105.889321,21.1070454],[105.88986,21.1081162],[105.8904788,21.1093918]]}},{"type":"Feature","properties":{"osm_id":177322598,"osm_type":"way","alt_name":"Hồ điều hòa Yên Sở / Hồ công viên Yên Sở","name":"Hồ Yên Sở","name:en":"Yen So Lake","natural":"water","water":"lake"},"geometry":{"type":"Polygon","coordinates":[[[105.8549285,20.9708508],[105.8547906,20.9714946],[105.8549285,20.9726695],[105.8551308,20.9735232],[105.8554842,20.9739784],[105.8578243,20.9747978],[105.858324,20.974923],[105.8588237,20.9747978],[105.8592503,20.9742402],[105.8590248,20.973546],[105.8586226,20.9730623],[105.8584154,20.9726697],[105.8585434,20.9720608],[105.859072,20.9715465],[105.8593767,20.9710116],[105.8596327,20.9706531],[105.8599603,20.9703932],[105.8604456,20.9703135],[105.8603847,20.9707971],[105.860131,20.971318],[105.8595788,20.9718423],[105.8594495,20.9722688],[105.8597643,20.9730718],[105.8597837,20.9736371],[105.8600305,20.9743241],[105.8602848,20.9746621],[105.8607424,20.9749864],[105.8616156,20.975083],[105.862262,20.9751112],[105.8627182,20.9751122],[105.8635102,20.9750721],[105.8639222,20.9750304],[105.8643873,20.9747309],[105.8647608,20.9751745],[105.8647051,20.9745063],[105.865113,20.9741864],[105.8651766,20.9729539],[105.8650682,20.9721965],[105.8641602,20.9712348],[105.8619699,20.9693058],[105.8615321,20.9689833],[105.8611299,20.9694386],[105.8608983,20.9699393],[105.8605266,20.9702494],[105.8601244,20.9700531],[105.8602005,20.9696093],[105.8601761,20.9689961],[105.860314,20.9685616],[105.8604151,20.9680166],[105.8602599,20.9674815],[105.8599885,20.9671757],[105.8582882,20.9654015],[105.8577538,20.9652888],[105.8570524,20.9654312],[105.8566457,20.965383],[105.8561779,20.9654753],[105.8541318,20.9661555],[105.8533251,20.9663139],[105.8526914,20.9662171],[105.8519082,20.9662189],[105.8516116,20.9677505],[105.851554,20.969155],[105.851834,20.969468],[105.8534741,20.9696319],[105.8541383,20.970035],[105.8538045,20.970314],[105.8544034,20.9702928],[105.8549285,20.9708508]]]}},{"type":"Feature","properties":{"osm_id":19752042,"osm_type":"relation","intermittent":"no","name":"Sông Cầu Bây","natural":"water","salt":"no","type":"multipolygon","water":"canal;river","wikidata":"Q32245000","role":"outer","member_type":"way","member_ref":909568575},"geometry":{"type":"LineString","coordinates":[[105.9171619,21.0387057],[105.9206606,21.0367153],[105.921098,21.0364256],[105.9215764,21.0361394],[105.9219018,21.0358219],[105.9220485,21.0353725],[105.9201095,21.0330014],[105.9198504,21.0326282],[105.9195941,21.0322088],[105.9200331,21.0317706],[105.9207182,21.0311596],[105.9214032,21.0304956],[105.9223261,21.0293818],[105.9228729,21.028712],[105.9231717,21.0283553],[105.9234369,21.0279606],[105.9236036,21.027474],[105.923506,21.0269469],[105.9234506,21.0264847],[105.9234599,21.0259384],[105.9234241,21.025346],[105.9236518,21.0249297],[105.9242236,21.0249322],[105.9247073,21.024623],[105.9248906,21.0241478],[105.925208,21.023574],[105.9253705,21.0231081],[105.9256385,21.0226099],[105.9261473,21.0222768],[105.9261454,21.0217469],[105.9259233,21.0213338],[105.9257906,21.0208556],[105.9256249,21.0203774],[105.9256465,21.0208285],[105.9257686,21.0213313],[105.9260087,21.0217682],[105.9259772,21.0222213],[105.9255212,21.0225005],[105.9252817,21.0229075],[105.9251838,21.0233494],[105.9248896,21.0238531],[105.9247223,21.0242917],[105.9243304,21.0246906],[105.9238809,21.0248219],[105.9233659,21.0249292],[105.9233201,21.0254844],[105.9233399,21.0259768],[105.9233343,21.0264541],[105.9234078,21.026973],[105.9234786,21.0275034],[105.9233128,21.0279462],[105.9228399,21.0285946],[105.9222118,21.0293869],[105.9217646,21.0299492],[105.9214448,21.0303349],[105.9209169,21.0308874],[105.9203365,21.0313863],[105.919977,21.0317146],[105.9195097,21.0321535],[105.9197462,21.0326021],[105.9200208,21.0330129],[105.9205631,21.0336462],[105.9209542,21.0340773],[105.9217731,21.0349938],[105.9219004,21.0354407],[105.9217618,21.0358964],[105.9213239,21.0361935],[105.9207632,21.036503],[105.9181436,21.0379905],[105.9176286,21.0382972],[105.9172102,21.0385124],[105.9170125,21.0387172]]}},{"type":"Feature","properties":{"osm_id":12435856,"osm_type":"relation","check_date":"2026-04-03","fishing":"no","intermittent":"no","name":"Sông Bắc Hưng Hải","name:en":"Bắc Hưng Hải River","natural":"water","note":"nếu cần hình hình ảnh con sông mới nhất hãy sử dụng hình ảnh Esri Hình ảnh Thế giới","start_date":"1959-5-6","type":"multipolygon","water":"river","wikidata":"Q10771825","wikipedia":"vi:Hệ thống thủy lợi Bắc Hưng Hải","role":"outer","member_type":"way","member_ref":916306204},"geometry":{"type":"LineString","coordinates":[[105.9598775,20.9686069],[105.9592163,20.9684998],[105.9587397,20.9683436],[105.9581269,20.9682323],[105.9575268,20.968184],[105.9568746,20.9681121],[105.9564182,20.9681943],[105.9561579,20.9687282],[105.9560025,20.9695621],[105.95579,20.9701402],[105.9555955,20.9706086],[105.9554152,20.9711131],[105.9549483,20.9714228],[105.9544454,20.9716227],[105.9539681,20.9716045],[105.953521,20.9714806],[105.9526271,20.9712331],[105.9520795,20.9709839],[105.9516352,20.9708282],[105.951211,20.9706538],[105.950393,20.9703043],[105.9498617,20.9701374],[105.9492589,20.9699294],[105.9484272,20.9697576],[105.9479559,20.9696763],[105.9474772,20.9694376],[105.9469354,20.9694681],[105.9464339,20.9693754],[105.945935,20.9693003],[105.9454334,20.9692176],[105.9447414,20.9691149],[105.9441379,20.9690223],[105.9433896,20.9689146],[105.9422094,20.9687092],[105.9416542,20.968609],[105.9409702,20.9685063],[105.9404257,20.9684262],[105.9399409,20.9683012],[105.9390998,20.9681439],[105.9383353,20.9680287],[105.9376836,20.967896],[105.9371096,20.9678308],[105.9362944,20.9677503],[105.9357455,20.9677579],[105.9348837,20.9678376],[105.9340502,20.9679211],[105.9332128,20.9680084],[105.9323387,20.9680843],[105.9317207,20.9681527],[105.9310164,20.9682177],[105.9304041,20.9683416],[105.9299016,20.9685201],[105.9293194,20.9687448],[105.9286929,20.9691265],[105.9280824,20.9694206],[105.9276294,20.9696206],[105.9271056,20.9698635],[105.9265376,20.970146],[105.9261199,20.9703361],[105.9255453,20.9706377],[105.9249384,20.9709507],[105.9244127,20.9711887],[105.9238574,20.9714567],[105.9232647,20.971652],[105.9226022,20.9718098],[105.9220899,20.9719876],[105.9214461,20.9720903],[105.9206718,20.9721872],[105.9201927,20.9720505],[105.9200332,20.971811]]}},{"type":"Feature","properties":{"osm_id":982175798,"osm_type":"way","name":"Sông Bắc Hưng Hải","name:en":"Bắc Hưng Hải River","source":"bing","waterway":"river","wikidata":"Q10771825","wikipedia":"vi:Hệ thống thủy lợi Bắc Hưng Hải"},"geometry":{"type":"LineString","coordinates":[[105.9200178,20.9719204],[105.9207164,20.9718646],[105.9213259,20.9718018],[105.9218323,20.9717184],[105.923137,20.9714185],[105.9296276,20.9682836],[105.9300956,20.9681409],[105.9305635,20.9680223],[105.934282,20.9675704],[105.936274,20.9673998],[105.9369707,20.9674132],[105.9473073,20.969232],[105.9477727,20.9693139],[105.9485957,20.9694403],[105.9497695,20.9697842],[105.9532479,20.9711904],[105.9539601,20.971421],[105.9543611,20.9714491],[105.9548467,20.9712958],[105.9552513,20.9708507],[105.9561014,20.9683184],[105.9563985,20.9679421],[105.9573211,20.967916],[105.9579225,20.9679655],[105.9594676,20.9683048]]}},{"type":"Feature","properties":{"osm_id":12435856,"osm_type":"relation","check_date":"2026-04-03","fishing":"no","intermittent":"no","name":"Sông Bắc Hưng Hải","name:en":"Bắc Hưng Hải River","natural":"water","note":"nếu cần hình hình ảnh con sông mới nhất hãy sử dụng hình ảnh Esri Hình ảnh Thế giới","start_date":"1959-5-6","type":"multipolygon","water":"river","wikidata":"Q10771825","wikipedia":"vi:Hệ thống thủy lợi Bắc Hưng Hải","role":"outer","member_type":"way","member_ref":911185025},"geometry":{"type":"LineString","coordinates":[[105.9200332,20.971811],[105.9206539,20.9715659],[105.9213263,20.9714321],[105.9218519,20.9713247],[105.9226062,20.971187],[105.9230541,20.9710916],[105.9234886,20.9709535],[105.9241448,20.9706975],[105.9248935,20.9702688],[105.9256393,20.9699427],[105.926611,20.9694643],[105.9275623,20.968967],[105.928847,20.9683369],[105.9294183,20.968009],[105.9303699,20.9678319],[105.9310282,20.9676435],[105.9318423,20.9675113],[105.9326917,20.9674254],[105.9332776,20.9673582],[105.9339749,20.9672904],[105.9347057,20.9672028],[105.9355675,20.9671103],[105.9363798,20.9670574],[105.9372787,20.9671781],[105.9381352,20.9673284],[105.9388749,20.9674441],[105.9396179,20.9675602],[105.9401115,20.9676353],[105.9409184,20.9677983],[105.9415519,20.9679123],[105.9421722,20.9680053],[105.9426299,20.9681021],[105.9431329,20.9681898],[105.943668,20.96828],[105.9441695,20.9683589],[105.9446376,20.9684227],[105.945284,20.9685179],[105.9459452,20.9686306],[105.946669,20.9687503],[105.9474846,20.9689165],[105.9478186,20.969237],[105.9483959,20.9691351],[105.9491076,20.9692646],[105.9498039,20.9695062],[105.9508375,20.9698827],[105.9522813,20.9705615],[105.9532601,20.9709447],[105.9544708,20.971169],[105.9549501,20.9709321],[105.9555218,20.9694313],[105.95564,20.96893],[105.9558923,20.9681396],[105.9562148,20.9677898],[105.9569299,20.9676455],[105.9583865,20.9677687],[105.9593002,20.9679693]]}},{"type":"Feature","properties":{"osm_id":875161063,"osm_type":"way","name":"Hồ Thiên Nga","name:en":"Swan Lake","natural":"water","water":"lake"},"geometry":{"type":"Polygon","coordinates":[[[105.9292115,20.9593623],[105.9286164,20.9587039],[105.9288946,20.9583119],[105.929098,20.9576786],[105.9294291,20.9572189],[105.9298682,20.9569205],[105.930789,20.9565595],[105.9316371,20.955942],[105.9323133,20.9553419],[105.9328401,20.9549302],[105.9333594,20.9545674],[105.9336694,20.954229],[105.9341775,20.9536986],[105.9345175,20.9531962],[105.9348575,20.9525752],[105.9351775,20.9518075],[105.9355743,20.9517476],[105.9357986,20.9513701],[105.9358528,20.9508499],[105.9362102,20.9504954],[105.9368462,20.9503021],[105.9374205,20.9504333],[105.9379061,20.9506842],[105.9384015,20.950843],[105.9387663,20.9510202],[105.9391853,20.9514438],[105.9395782,20.9517807],[105.9401927,20.9521819],[105.940902,20.952943],[105.9412337,20.9533052],[105.9415982,20.953714],[105.9418695,20.9543544],[105.9421075,20.9547264],[105.9421162,20.9552313],[105.942,20.955643],[105.9415933,20.9559572],[105.941671,20.9554196],[105.9417442,20.9547981],[105.9415373,20.9543702],[105.9410134,20.9540056],[105.9406207,20.953635],[105.9399748,20.9527523],[105.9395904,20.9522348],[105.9391853,20.9518098],[105.9387219,20.9515105],[105.9382462,20.9513218],[105.9377606,20.9511814],[105.9373293,20.951232],[105.9369497,20.9514093],[105.9364986,20.9517085],[105.9361511,20.9520722],[105.9363581,20.9524497],[105.9364099,20.9528571],[105.9368634,20.9528617],[105.936718,20.9532853],[105.9363902,20.953573],[105.9359761,20.9537871],[105.9355854,20.9536785],[105.9349815,20.9543115],[105.9344738,20.9547534],[105.9340424,20.9550158],[105.9336012,20.9552345],[105.9331649,20.9554117],[105.9327459,20.9556995],[105.9324353,20.9559527],[105.9321741,20.9562795],[105.9318684,20.9566593],[105.9316589,20.9571012],[105.9314987,20.9576053],[105.9312818,20.9580128],[105.9309564,20.9583787],[105.9305621,20.9587746],[105.9302268,20.9590301],[105.9297043,20.9592419],[105.9293032,20.9593046],[105.9292115,20.9593623]]]}},{"type":"Feature","properties":{"osm_id":576506893,"osm_type":"way","name":"Sông Nhuệ","name:en":"Nhue River","name:id":"Sungai Nhue","name:ko":"뉘에강","name:ru":"Ньюе","name:vi":"Sông Nhuệ","name:zh":"锐江","tunnel":"no","waterway":"river"},"geometry":{"type":"LineString","coordinates":[[105.7613507,21.0414394],[105.7606937,21.0400203],[105.7594549,21.0392514],[105.7585641,21.0384081],[105.7584636,21.0377772],[105.7585144,21.0365355],[105.7588838,21.034016],[105.7587726,21.032085],[105.7585372,21.0303769],[105.7546748,21.0260707],[105.7543838,21.0255813],[105.7541867,21.0250192],[105.7542993,21.0245385],[105.7545139,21.0240378],[105.7549726,21.0233819],[105.7552569,21.0227559],[105.7552475,21.0222339],[105.7551549,21.0217144],[105.7538648,21.0192057],[105.7537897,21.0182793],[105.7549068,21.0168359],[105.7561895,21.0155367],[105.7583334,21.0130814],[105.7606047,21.0113943],[105.7609619,21.011129],[105.7623245,21.0101168],[105.7631184,21.0087948],[105.7632928,21.0081513],[105.7629441,21.0070011]]}},{"type":"Feature","properties":{"osm_id":654611732,"osm_type":"way","name":"Sông Hồng","name:en":"Red River","name:vi-Hani":"瀧紅","name:zh":"紅河","name:zh-Hans":"红河","name:zh-Hant":"紅河","waterway":"river"},"geometry":{"type":"LineString","coordinates":[[105.7433271,21.0991282],[105.7452321,21.0973131],[105.7518196,21.0937696],[105.7579565,21.0927686],[105.7677412,21.0930689],[105.7712173,21.0944552],[105.7770753,21.0967125],[105.7812281,21.0973514]]}},{"type":"Feature","properties":{"osm_id":1182295901,"osm_type":"way","alt_name":"Hồng Hà","boat":"yes","name":"Sông Hồng","name:en":"Red River","name:vi-Hani":"瀧紅","name:zh":"紅河","name:zh-Hans":"红河","name:zh-Hant":"紅河","source":"Yahoo","waterway":"river"},"geometry":{"type":"LineString","coordinates":[[105.7433271,21.0991282],[105.7523332,21.0984531],[105.7647919,21.1009578],[105.7724254,21.0990126],[105.7731305,21.0989206],[105.7812281,21.0973514]]}},{"type":"Feature","properties":{"osm_id":12290505,"osm_type":"relation","alt_name":"Đầm Linh Đàm;Đầm Linh Đường","name":"Hồ Linh Đàm","name:en":"Linh Dam Lake","name:ko":"린담호","natural":"water","salt":"no","tidal":"no","type":"multipolygon","water":"lake","wikidata":"Q10802018","wikipedia":"vi:Hồ Linh Đàm","role":"outer","member_type":"way","member_ref":182503505},"geometry":{"type":"Polygon","coordinates":[[[105.8413754,20.9661903],[105.8404056,20.9660971],[105.8395583,20.9661529],[105.8394748,20.9666507],[105.8394009,20.9671567],[105.8390555,20.9677643],[105.838687,20.968172],[105.8380065,20.9685934],[105.8375882,20.9687778],[105.8370922,20.9688424],[105.836472,20.9687862],[105.8359074,20.9688995],[105.8353473,20.9687241],[105.8347443,20.9684871],[105.8342025,20.9681168],[105.8336885,20.9679697],[105.8331268,20.9678317],[105.8327112,20.9674891],[105.8323329,20.967039],[105.8316914,20.9669109],[105.8312399,20.9668188],[105.8306797,20.9664754],[105.8302416,20.9661819],[105.8295206,20.9658942],[105.829001,20.9657113],[105.8283637,20.9653693],[105.8274809,20.9652558],[105.8268006,20.9651678],[105.8268894,20.9659707],[105.8271065,20.9665546],[105.8274137,20.9669556],[105.8280401,20.9674539],[105.8286488,20.9678113],[105.8291699,20.9679407],[105.8298462,20.9680441],[105.8305901,20.9685281],[105.830683,20.9691813],[105.8327371,20.9698307],[105.8343691,20.9703733],[105.835077,20.9705428],[105.8356733,20.9706108],[105.8364311,20.97064],[105.8381224,20.9707292],[105.8385931,20.9707229],[105.8390477,20.9703698],[105.8399565,20.9699731],[105.8405611,20.9699773],[105.8410564,20.9691006],[105.8411893,20.968494],[105.8413791,20.9674028],[105.8413732,20.9666257],[105.8413754,20.9661903]]]}},{"type":"Feature","properties":{"osm_id":702672001,"osm_type":"way","alt_name":"Hồ điều hòa Yên Sở / Hồ công viên Yên Sở","name":"Hồ Yên Sở","name:en":"Yen So Lake","natural":"water","water":"lake"},"geometry":{"type":"Polygon","coordinates":[[[105.8579677,20.9582062],[105.8576549,20.9586168],[105.8576241,20.9590628],[105.8575381,20.9594935],[105.8574031,20.9599567],[105.8572267,20.960445],[105.8573067,20.9609359],[105.8574485,20.9613559],[105.8575347,20.9617875],[105.8574854,20.9622651],[105.8574238,20.9627053],[105.8574053,20.9633181],[105.8573036,20.9638044],[105.8569741,20.9641065],[105.8565765,20.9641956],[105.8561718,20.9643263],[105.8557754,20.9642474],[105.8553349,20.9641841],[105.8551469,20.9637295],[105.8554858,20.9633411],[105.8558093,20.9629412],[105.8559797,20.9622769],[105.8559264,20.961635],[105.8555906,20.9611488],[105.855284,20.9608697],[105.8551022,20.9605],[105.8553073,20.9600381],[105.8550491,20.9597078],[105.8548255,20.960171],[105.8546101,20.9605411],[105.8539515,20.9605544],[105.8535083,20.9607101],[105.8530692,20.9609891],[105.8526973,20.9611903],[105.8522907,20.9611619],[105.8518537,20.9610802],[105.8514553,20.9609094],[105.8510563,20.960586],[105.8510224,20.9601702],[105.8514791,20.9591334],[105.851817,20.9584747],[105.8524447,20.9581115],[105.8528202,20.9577483],[105.8532064,20.9572248],[105.853201,20.9566988],[105.8531803,20.9561721],[105.8532265,20.9555966],[105.8536819,20.9552064],[105.8542267,20.9558942],[105.8549736,20.956308],[105.8553931,20.95637],[105.8559045,20.9565599],[105.8557012,20.9574519],[105.8551651,20.9576188],[105.8548631,20.957918],[105.8551281,20.9583496],[105.8551433,20.9591016],[105.855011,20.9595235],[105.8554054,20.9596155],[105.8555656,20.9590516],[105.8559354,20.9586143],[105.8564345,20.9584474],[105.8564098,20.9579353],[105.8560771,20.9576475],[105.8562065,20.9570606],[105.8565207,20.9567671],[105.8569521,20.9570894],[105.8572232,20.9574059],[105.8575519,20.9577343],[105.8580203,20.9578675],[105.8579677,20.9582062]]]}},{"type":"Feature","properties":{"osm_id":331622197,"osm_type":"way","name":"Sông Đăm","tunnel":"no","waterway":"river"},"geometry":{"type":"LineString","coordinates":[[105.7402353,21.0699203],[105.74066,21.0699995],[105.7413537,21.0696164],[105.741835,21.0693126],[105.7424579,21.0691277],[105.7430018,21.0687597],[105.7435763,21.068586],[105.745629,21.068269],[105.7456715,21.0676745],[105.7456857,21.0669083],[105.7461104,21.066763],[105.7465775,21.067014],[105.7472288,21.0666705],[105.7480074,21.066512],[105.7495363,21.066327],[105.7509687,21.0660095],[105.7540665,21.065323],[105.7554822,21.0650324],[105.755921,21.0648078],[105.7565015,21.0642397],[105.7586045,21.0624729],[105.7600312,21.0611971],[105.7605965,21.0606443],[105.7609055,21.0603559],[105.7613202,21.0600676],[105.7653613,21.0585197],[105.7680689,21.0573056],[105.7686624,21.0572904],[105.7691178,21.0572676],[105.7698414,21.0569186],[105.770744,21.0567441],[105.7721425,21.0571766],[105.7726201,21.0571146]]}},{"type":"Feature","properties":{"osm_id":491227458,"osm_type":"way","name":"Sông Nhuệ","name:en":"Nhue River","name:id":"Sungai Nhue","name:ko":"뉘에강","name:ru":"Ньюе","name:vi":"Sông Nhuệ","name:zh":"锐江","tunnel":"no","waterway":"river"},"geometry":{"type":"LineString","coordinates":[[105.7625918,21.0055977],[105.7624835,21.0046961],[105.7621958,21.0040874],[105.7618337,21.0029506],[105.7618994,21.0023108],[105.7624318,21.001343],[105.7627322,21.0007019],[105.762818,21.0000409],[105.7623111,20.9983306],[105.7621743,20.9977371],[105.7624519,20.9972326],[105.7628251,20.9969162],[105.7636978,20.9966353],[105.7661225,20.9963548],[105.7674087,20.9961082],[105.7687403,20.9956938],[105.7710149,20.9947923],[105.7735511,20.9928801],[105.7743734,20.9924639],[105.7770445,20.9912263],[105.7783759,20.9904567],[105.7790991,20.989948],[105.7797267,20.9894433],[105.7801896,20.989097],[105.7805635,20.9884216],[105.7805898,20.9877307],[105.7802724,20.987158],[105.7797882,20.9866946],[105.7792276,20.9862366],[105.7785822,20.9854298],[105.7783158,20.9849805],[105.777975,20.9840923]]}},{"type":"Feature","properties":{"osm_id":499106286,"osm_type":"way","name":"Sông Thiên Đức","waterway":"canal"},"geometry":{"type":"LineString","coordinates":[[105.9145924,21.0932191],[105.9148552,21.0935745],[105.9150483,21.0939849],[105.9151771,21.095171],[105.915338,21.096197],[105.9156653,21.0966925],[105.9163734,21.097188],[105.9177963,21.0977315],[105.918278,21.0979638],[105.9186535,21.0981239],[105.9192972,21.098204],[105.920574,21.098234],[105.9220914,21.0987043],[105.9227137,21.0988645],[105.9235076,21.0988695],[105.9241674,21.0989345],[105.9247092,21.0988144],[105.925412,21.0986493],[105.9262757,21.0985392],[105.9268322,21.0983707],[105.9272354,21.0980712],[105.9275202,21.0977634],[105.9277727,21.0973231],[105.9280732,21.0967326],[105.9284862,21.096207],[105.9300356,21.0935556],[105.9309858,21.0918227],[105.9314954,21.0909869],[105.9321928,21.0897506],[105.9325386,21.0891447],[105.9335982,21.0872881],[105.9341293,21.0863571],[105.9346926,21.0860118],[105.9364467,21.0848806],[105.9367364,21.0845552],[105.9374368,21.0829865]]}},{"type":"Feature","properties":{"osm_id":1434561629,"osm_type":"way","name":"Sông Kim Ngưu","name:en":"Kim Nguu River","waterway":"river","wikidata":"Q16481158"},"geometry":{"type":"LineString","coordinates":[[105.8608929,21.0074101],[105.8610644,21.0070276],[105.8611298,21.0065707],[105.8612133,21.0057711],[105.8613124,21.0048737],[105.8614004,21.0040549],[105.8616582,21.0015674],[105.8620305,20.9981112],[105.8624941,20.9939989],[105.8628257,20.9912256],[105.8631219,20.9884128],[105.8632635,20.9871767],[105.8633622,20.9862231],[105.8634331,20.9854475],[105.8635188,20.9845102],[105.8636712,20.983246],[105.8637699,20.9824907],[105.8639008,20.9817854],[105.864154,20.9808077],[105.8645625,20.9792044],[105.8648385,20.978121],[105.8652462,20.9765242],[105.8653813,20.9757889],[105.8652217,20.9754709]]}},{"type":"Feature","properties":{"osm_id":875184408,"osm_type":"way","name":"Hồ Sen","natural":"water","water":"lake"},"geometry":{"type":"Polygon","coordinates":[[[105.9359186,20.9648534],[105.9355429,20.9646259],[105.9351149,20.9643751],[105.9348742,20.9640167],[105.9347474,20.9636219],[105.9350206,20.9633212],[105.9354596,20.9632574],[105.9360483,20.9632726],[105.9364841,20.9631025],[105.9370728,20.9628292],[105.9374761,20.9620304],[105.9376875,20.9616265],[105.938055,20.9614595],[105.9381071,20.9609158],[105.9377786,20.9605028],[105.9379705,20.9600684],[105.9382404,20.9597222],[105.9384616,20.9591968],[105.9388096,20.958805],[105.9392584,20.9586258],[105.9396942,20.9586197],[105.9402244,20.9583373],[105.9406277,20.9580001],[105.940787,20.9574443],[105.9408938,20.9568865],[105.9408197,20.9564204],[105.9411376,20.9561572],[105.9410359,20.9565803],[105.9409789,20.9571058],[105.9411896,20.9574792],[105.9409037,20.9580247],[105.9406498,20.9583654],[105.9402628,20.9585748],[105.9399917,20.9589454],[105.939654,20.95924],[105.9393064,20.9595416],[105.9388381,20.9596382],[105.9384783,20.9599282],[105.9392979,20.9604111],[105.9397379,20.9604726],[105.9394621,20.96087],[105.9390564,20.9610952],[105.9384493,20.9612719],[105.9387996,20.9616404],[105.9395168,20.9609811],[105.9399664,20.9617115],[105.9401239,20.9621303],[105.9397244,20.9620586],[105.9393714,20.9617878],[105.9389413,20.9617464],[105.9383251,20.9613665],[105.9380469,20.9616983],[105.9375194,20.9621632],[105.9378374,20.962444],[105.9375589,20.9628837],[105.9371004,20.9634959],[105.936637,20.9635396],[105.9362279,20.9635143],[105.9358828,20.9637468],[105.9357777,20.9641478],[105.9358898,20.9647827],[105.9359186,20.9648534]]]}},{"type":"Feature","properties":{"osm_id":12290505,"osm_type":"relation","alt_name":"Đầm Linh Đàm;Đầm Linh Đường","name":"Hồ Linh Đàm","name:en":"Linh Dam Lake","name:ko":"린담호","natural":"water","salt":"no","tidal":"no","type":"multipolygon","water":"lake","wikidata":"Q10802018","wikipedia":"vi:Hồ Linh Đàm","role":"outer","member_type":"way","member_ref":182401324},"geometry":{"type":"Polygon","coordinates":[[[105.8397502,20.964048],[105.840714,20.9650782],[105.8403679,20.9654266],[105.8394812,20.9654834],[105.838671,20.9651004],[105.8382128,20.9649028],[105.8363208,20.9634867],[105.8357704,20.9632093],[105.8353007,20.9631368],[105.8348671,20.962647],[105.8327168,20.9622558],[105.8315897,20.9620864],[105.8302187,20.9618746],[105.8296527,20.9617939],[105.8292355,20.962048],[105.8290173,20.9615395],[105.82935,20.9609663],[105.8297804,20.9605871],[105.8313742,20.9602374],[105.8321533,20.9603221],[105.8328977,20.9603777],[105.8344963,20.9605681],[105.8355683,20.9606643],[105.8364205,20.9610667],[105.8371978,20.9617519],[105.8380489,20.9624614],[105.8390315,20.9633061],[105.8397502,20.964048]]]}},{"type":"Feature","properties":{"osm_id":12435856,"osm_type":"relation","check_date":"2026-04-03","fishing":"no","intermittent":"no","name":"Sông Bắc Hưng Hải","name:en":"Bắc Hưng Hải River","natural":"water","note":"nếu cần hình hình ảnh con sông mới nhất hãy sử dụng hình ảnh Esri Hình ảnh Thế giới","start_date":"1959-5-6","type":"multipolygon","water":"river","wikidata":"Q10771825","wikipedia":"vi:Hệ thống thủy lợi Bắc Hưng Hải","role":"outer","member_type":"way","member_ref":982175817},"geometry":{"type":"Polygon","coordinates":[[[105.9196557,20.9719569],[105.9189108,20.9717906],[105.9182628,20.9717807],[105.9176966,20.9718633],[105.91701,20.9718699],[105.9162667,20.9718931],[105.915527,20.9719559],[105.9149855,20.9719559],[105.9144547,20.9720319],[105.9138943,20.972063],[105.9132172,20.9721208],[105.9127026,20.9721611],[105.9120957,20.9722589],[105.9115811,20.9723481],[105.9110759,20.972443],[105.9105336,20.9727048],[105.9099544,20.9732255],[105.9094891,20.9738527],[105.9091471,20.9745144],[105.9088833,20.975102],[105.9093069,20.9764848],[105.9090687,20.9760125],[105.9092428,20.9753436],[105.9095598,20.9746869],[105.9098789,20.9741422],[105.9101696,20.9737759],[105.9105126,20.9734055],[105.9109603,20.9730676],[105.9115272,20.9728272],[105.9120588,20.9727485],[105.9129826,20.9726775],[105.9137325,20.9725966],[105.9143218,20.9725487],[105.9150049,20.9724909],[105.9155694,20.9724677],[105.9161586,20.9724363],[105.9167019,20.9724082],[105.9171726,20.9723851],[105.9177017,20.9723471],[105.9182291,20.9723107],[105.9189758,20.9722446],[105.9194157,20.9721373],[105.9196557,20.9719569]]]}},{"type":"Feature","properties":{"osm_id":856410068,"osm_type":"way","name":"Đầm Lớn","name:en":"Lon Pond","natural":"water","water":"pond"},"geometry":{"type":"Polygon","coordinates":[[[105.8592231,20.9561345],[105.8645735,20.9574431],[105.8647218,20.9569902],[105.864814,20.9559438],[105.8648945,20.9554255],[105.8653713,20.9554288],[105.8658102,20.9555091],[105.8662552,20.9555165],[105.8669025,20.9555933],[105.8676435,20.9558045],[105.8685321,20.9555842],[105.8689793,20.9552881],[105.8692721,20.9549464],[105.8684508,20.9544604],[105.8678817,20.9543617],[105.8674182,20.9541187],[105.866288,20.9521217],[105.865792,20.9511194],[105.8648082,20.9512485],[105.8639951,20.9513775],[105.8613932,20.9530557],[105.8604196,20.9535446],[105.8601835,20.9538877],[105.8597263,20.9549084],[105.8593117,20.95585],[105.8592231,20.9561345]]]}},{"type":"Feature","properties":{"osm_id":856410072,"osm_type":"way","name":"Đầm Lớn","name:en":"Lon Pond","natural":"water","water":"pond"},"geometry":{"type":"Polygon","coordinates":[[[105.8657487,20.9508322],[105.8658058,20.950245],[105.8654163,20.9500083],[105.8649078,20.9497335],[105.8644721,20.9492884],[105.8640461,20.9482732],[105.8639762,20.9478309],[105.8640513,20.9474377],[105.8640236,20.9469478],[105.8637739,20.946532],[105.863588,20.9459114],[105.8635363,20.9449177],[105.8634858,20.9436908],[105.8624607,20.9440509],[105.8618861,20.9442894],[105.8616804,20.9446362],[105.861756,20.9466204],[105.8618465,20.9479512],[105.8619592,20.9492445],[105.8620029,20.9502145],[105.8615026,20.951324],[105.8606311,20.9531718],[105.8614603,20.9528783],[105.8620584,20.9524788],[105.8629677,20.9516634],[105.8636079,20.9512802],[105.8640701,20.9511975],[105.8647245,20.9510748],[105.86521,20.9509495],[105.865678,20.9508631],[105.8657487,20.9508322]]]}},{"type":"Feature","properties":{"osm_id":777888668,"osm_type":"way","name":"Hồ San Hô","natural":"water","salt":"no","water":"lake"},"geometry":{"type":"Polygon","coordinates":[[[105.9415461,20.9880187],[105.9414678,20.9884495],[105.9410873,20.9886401],[105.9408138,20.9890413],[105.940557,20.9893845],[105.9402249,20.9896659],[105.9399689,20.990032],[105.9396017,20.9902528],[105.9394112,20.9906555],[105.939054,20.9910159],[105.9387147,20.9912911],[105.9383851,20.9915496],[105.9381181,20.9919252],[105.9378719,20.9922725],[105.9375684,20.9926406],[105.9371879,20.9929015],[105.9369277,20.9933267],[105.9365215,20.993665],[105.9363624,20.9940508],[105.9358186,20.9946665],[105.935366,20.9952011],[105.9350109,20.9955293],[105.9344345,20.9962447],[105.9340367,20.9966392],[105.9337926,20.9970246],[105.9336437,20.9966444],[105.9341767,20.9955637],[105.9344314,20.9951913],[105.9346919,20.994874],[105.9356295,20.9938471],[105.9364932,20.992923],[105.9376615,20.9916729],[105.9390978,20.990097],[105.9405583,20.9886446],[105.9409264,20.988279],[105.9412489,20.988008],[105.9415461,20.9880187]]]}},{"type":"Feature","properties":{"osm_id":761986902,"osm_type":"way","name":"Hồ Ngọc Trai","name:en":"Pearl Lake","name:vi":"Hồ Ngọc Trai","natural":"water","water":"lake"},"geometry":{"type":"Polygon","coordinates":[[[105.9505963,20.9970802],[105.9530133,20.9952794],[105.953598,20.9947606],[105.9538619,20.9944163],[105.9540114,20.9940387],[105.9539963,20.9934502],[105.9536441,20.9930107],[105.9532962,20.992757],[105.952783,20.9924821],[105.95212,20.9919902],[105.9516914,20.9915799],[105.951381,20.9912183],[105.9510737,20.9908432],[105.9506187,20.9909647],[105.950252,20.9913752],[105.9498419,20.9915789],[105.949447,20.9917741],[105.9477295,20.9927508],[105.9462896,20.9935649],[105.9465376,20.9941132],[105.9468574,20.9944781],[105.9472268,20.9943177],[105.9476199,20.9938342],[105.9481007,20.993436],[105.9486289,20.9932691],[105.9490988,20.9934039],[105.9495706,20.9937297],[105.9499654,20.9938964],[105.950373,20.9939531],[105.950531,20.9943949],[105.9511432,20.9948158],[105.9512994,20.99523],[105.95117,20.9958052],[105.9509782,20.9961969],[105.9505815,20.996713],[105.9505963,20.9970802]]]}},{"type":"Feature","properties":{"osm_id":1256432257,"osm_type":"way","alt_name":"Hồng Hà","boat":"yes","name":"Sông Hồng","name:ar":"النهر الأحمر","name:en":"Red River","name:fr":"Le fleuve Rouge","name:id":"Sungai Merah","name:ja":"紅河","name:ko":"홍강","name:ms":"Sungai Merah","name:ru":"Хонгха","name:th":"แม่น้ำแดง","name:vi-Hani":"瀧紅","name:zh":"紅河","name:zh-Hans":"红河","name:zh-Hant":"紅河","source":"Yahoo","waterway":"river"},"geometry":{"type":"LineString","coordinates":[[105.856691,21.0618576],[105.8565823,21.0577803],[105.8566679,21.052924],[105.8579004,21.0485307],[105.8606906,21.0425398],[105.8623903,21.0403028]]}},{"type":"Feature","properties":{"osm_id":19752042,"osm_type":"relation","intermittent":"no","name":"Sông Cầu Bây","natural":"water","salt":"no","type":"multipolygon","water":"canal;river","wikidata":"Q32245000","role":"outer","member_type":"way","member_ref":909568585},"geometry":{"type":"Polygon","coordinates":[[[105.9283068,21.0115397],[105.9283636,21.011049],[105.9283901,21.0105784],[105.9292258,21.0057087],[105.9293136,21.005182],[105.9293368,21.004105],[105.9292593,21.0035799],[105.9291043,21.0030208],[105.9289343,21.0025919],[105.9284823,21.0024974],[105.9279324,21.0024326],[105.9284502,21.0024112],[105.9286054,21.0018665],[105.9283476,21.0012356],[105.9287426,21.0016047],[105.9289766,21.0020977],[105.9292093,21.0026488],[105.9294412,21.0033044],[105.9295719,21.0037828],[105.9296108,21.0042493],[105.9296028,21.0049829],[105.9295355,21.005506],[105.9294192,21.0060728],[105.9293278,21.0065592],[105.9291725,21.0073786],[105.9290617,21.008056],[105.9289756,21.0085898],[105.9287944,21.0097714],[105.9286426,21.0105472],[105.9285687,21.0112886],[105.9283068,21.0115397]]]}},{"type":"Feature","properties":{"osm_id":11857613,"osm_type":"way","name":"Hồ Định Công","name:en":"Dinh Cong Lake","natural":"water","water":"lake"},"geometry":{"type":"Polygon","coordinates":[[[105.8279071,20.9806549],[105.8283637,20.9815389],[105.8289249,20.9813717],[105.8293831,20.9812463],[105.83,20.9808359],[105.830564,20.980445],[105.8311126,20.980046],[105.8316479,20.9794659],[105.831996,20.9788262],[105.8323132,20.9783777],[105.8323397,20.9769727],[105.8323243,20.976479],[105.8318449,20.9759461],[105.83168,20.9755159],[105.8314968,20.9751143],[105.8305398,20.9740908],[105.8301058,20.9738069],[105.8296449,20.9737195],[105.8287624,20.9738488],[105.8285107,20.9745228],[105.8285521,20.9749908],[105.8293618,20.9750394],[105.8298215,20.9750888],[105.8303018,20.9753641],[105.830553,20.9758167],[105.8306719,20.9761993],[105.8308306,20.9767712],[105.8305508,20.9775282],[105.8302622,20.9780301],[105.8300153,20.9783941],[105.8296234,20.9788241],[105.8293413,20.9791882],[105.8288632,20.9796942],[105.8285592,20.9801159],[105.8280139,20.9804656],[105.8279071,20.9806549]]]}},{"type":"Feature","properties":{"osm_id":19752042,"osm_type":"relation","intermittent":"no","name":"Sông Cầu Bây","natural":"water","salt":"no","type":"multipolygon","water":"canal;river","wikidata":"Q32245000","role":"outer","member_type":"way","member_ref":909568584},"geometry":{"type":"Polygon","coordinates":[[[105.92564,21.0200734],[105.9255613,21.0195925],[105.925493,21.0190972],[105.9252458,21.0180679],[105.9250363,21.0175086],[105.9245438,21.0166282],[105.9243614,21.0160559],[105.9244137,21.0155694],[105.9247658,21.0151109],[105.9252401,21.0149463],[105.9256711,21.0147691],[105.9261271,21.0143674],[105.9265866,21.0139625],[105.9270071,21.0136773],[105.9273864,21.0133741],[105.9277628,21.0130198],[105.9280141,21.0126121],[105.9281666,21.0121811],[105.9282993,21.0116001],[105.9284088,21.0121203],[105.9282259,21.0126442],[105.9279983,21.013069],[105.9277228,21.0134476],[105.9273305,21.0137968],[105.9269256,21.0140337],[105.9264961,21.0143148],[105.9260478,21.0146283],[105.9256602,21.0149219],[105.9252137,21.0152038],[105.9248055,21.0154238],[105.9246591,21.0158969],[105.9247381,21.0163437],[105.9249273,21.0167772],[105.9251834,21.0172059],[105.9253988,21.0176281],[105.9255442,21.0180588],[105.9256133,21.0185721],[105.9256461,21.0190261],[105.9257167,21.0195383],[105.9257745,21.0200102],[105.9257798,21.0204976],[105.92564,21.0200734]]]}},{"type":"Feature","properties":{"osm_id":212243850,"osm_type":"way","name":"Kênh La Khê","waterway":"river"},"geometry":{"type":"LineString","coordinates":[[105.774738,20.9745383],[105.7732661,20.9737022],[105.7709058,20.9725226],[105.7688136,20.9714707],[105.7672687,20.9704989],[105.7650907,20.9707168],[105.7644685,20.9707469],[105.7630844,20.9704864],[105.7622025,20.9703196],[105.7608641,20.9705666],[105.7601115,20.9704984],[105.7595926,20.9704563],[105.7584501,20.9705766],[105.757742,20.9709673],[105.7572942,20.9711872],[105.756098,20.9713349],[105.755678,20.971427],[105.7546174,20.9722636]]}},{"type":"Feature","properties":{"osm_id":1434561630,"osm_type":"way","alt_name":"Kênh bao hồ Yên Sở","name":"Sông Kim Ngưu","name:en":"Kim Nguu River","waterway":"canal","wikidata":"Q16481158"},"geometry":{"type":"LineString","coordinates":[[105.8652217,20.9754709],[105.8638658,20.9754345],[105.8592708,20.975582],[105.8553796,20.974396],[105.8548626,20.9740613],[105.8545751,20.9736671],[105.8544913,20.9732198],[105.8543979,20.9727563],[105.8541805,20.9716767],[105.8539986,20.9709952],[105.8535856,20.9704622],[105.8522244,20.9700355],[105.8509706,20.9697227],[105.8504951,20.9695931],[105.850058,20.9693699],[105.8497573,20.9690036],[105.8496041,20.9685187],[105.8495854,20.9678785],[105.84958,20.9662257]]}},{"type":"Feature","properties":{"osm_id":6971369,"osm_type":"relation","name":"Hồ Bảy Mẫu","name:de":"Bay-Mau-See","name:en":"Bay Mau Lake","name:fr":"Lac Bay Mau","name:ja":"バイマウ湖","name:ko":"바이머우호","natural":"water","type":"multipolygon","water":"lake","wikidata":"Q10771941","wikipedia":"vi:Hồ Bảy Mẫu","role":"outer","member_type":"way","member_ref":11706972},"geometry":{"type":"Polygon","coordinates":[[[105.8429332,21.0141226],[105.8425517,21.014364],[105.8419922,21.0142618],[105.8417995,21.0146838],[105.8425893,21.0147344],[105.8429527,21.0143918],[105.8434188,21.0143084],[105.8438414,21.0141164],[105.8443059,21.0140916],[105.8448142,21.0141156],[105.8451318,21.0136558],[105.8451264,21.0131768],[105.8452828,21.0127321],[105.8454974,21.0122959],[105.8454504,21.0117998],[105.8449643,21.011056],[105.8448025,21.0105722],[105.8451685,21.0098097],[105.8452422,21.0093289],[105.8452406,21.0087758],[105.844837,21.0084463],[105.8440921,21.0083607],[105.8431665,21.0082974],[105.8431296,21.008789],[105.8426865,21.0086378],[105.8421144,21.0085392],[105.8417281,21.0090912],[105.8417367,21.0102345],[105.8418932,21.0110647],[105.8418393,21.011564],[105.8417214,21.012147],[105.8417478,21.0126322],[105.8417863,21.01329],[105.8421321,21.0135999],[105.8424106,21.0132072],[105.8429035,21.0134755],[105.8431539,21.0139047],[105.8429332,21.0141226]]]}},{"type":"Feature","properties":{"osm_id":1446455177,"osm_type":"way","name":"Hồ Kim Quy","natural":"water","water":"lake"},"geometry":{"type":"Polygon","coordinates":[[[105.8536418,21.0889004],[105.8543254,21.0880678],[105.8549647,21.0873758],[105.8615414,21.0924748],[105.8609055,21.093447],[105.8602812,21.0941302],[105.8596014,21.0938213],[105.8592363,21.0930462],[105.8585312,21.09243],[105.8581507,21.092157],[105.8577807,21.0923463],[105.8536976,21.0890381],[105.8536418,21.0889004]]]}},{"type":"Feature","properties":{"osm_id":761986889,"osm_type":"way","name":"VinUni Lake","name:en":"VinUni Lake","name:vi":"Hồ VinUni","natural":"water","water":"lake"},"geometry":{"type":"Polygon","coordinates":[[[105.9429254,20.9868888],[105.943194,20.9864334],[105.9436509,20.9861673],[105.944138,20.9861159],[105.9450908,20.986392],[105.9457771,20.9865722],[105.9467092,20.9867019],[105.947421,20.9869969],[105.9478277,20.987164],[105.9482905,20.9875409],[105.9489327,20.9881531],[105.9496164,20.9890415],[105.9500086,20.9888088],[105.9497499,20.9884882],[105.9494153,20.9880586],[105.9489555,20.9873635],[105.9483864,20.9868459],[105.9478933,20.9865855],[105.9473701,20.9862289],[105.9467729,20.9855272],[105.9463104,20.9852161],[105.9457302,20.9850636],[105.9451403,20.985032],[105.9440654,20.985177],[105.9435797,20.9853006],[105.9431845,20.9856099],[105.9427094,20.9861567],[105.9423266,20.9866292],[105.9420886,20.987175],[105.9423029,20.9875165],[105.9426392,20.987258],[105.9429254,20.9868888]]]}},{"type":"Feature","properties":{"osm_id":146060517,"osm_type":"way","layer":"-1","name":"Sông Lừ","name:en":"Lu River","source":"bing aerial","waterway":"canal","wikidata":"Q10822892","wikipedia":"vi:Sông_Lừ"},"geometry":{"type":"LineString","coordinates":[[105.8365681,20.9942627],[105.8371067,20.9908411],[105.8374596,20.9887937],[105.8375063,20.9883474],[105.8371918,20.9878893],[105.8367947,20.987664],[105.836255,20.9873257],[105.8357508,20.9870457],[105.8353152,20.9865794],[105.8348758,20.9860199],[105.8347101,20.985493],[105.834548,20.9849203],[105.8344971,20.9842374],[105.8347262,20.9830245],[105.8349251,20.9821906],[105.8351983,20.9809207],[105.8356156,20.9788715],[105.8356718,20.9783725],[105.8350645,20.9777411],[105.8343184,20.9772782]]}},{"type":"Feature","properties":{"osm_id":9735266,"osm_type":"relation","ele":"15","intermittent":"no","name":"Hồ Trúc Bạch","name:en":"Truc Bach Lake","name:id":"Danau Truc Bach","name:ko":"쮹박호","name:ru":"Озеро Truc Bach","name:vi":"Hồ Trúc Bạch","name:vi-Hani":"湖竹帛","name:zh":"竹帛湖","natural":"water","salt":"no","tidal":"no","type":"multipolygon","water":"lake","wikidata":"Q1320141","wikipedia":"vi:Hồ Trúc Bạch","role":"outer","member_type":"way","member_ref":9965952},"geometry":{"type":"Polygon","coordinates":[[[105.8418474,21.0463066],[105.8416586,21.0452473],[105.841455,21.0447217],[105.8415901,21.0442781],[105.8413731,21.0438594],[105.8410291,21.0434952],[105.8403956,21.043647],[105.8399022,21.0435541],[105.8394059,21.0435068],[105.8389047,21.0436214],[105.8384617,21.0438988],[105.8385495,21.0444292],[105.8382206,21.0447923],[105.8379791,21.0443902],[105.837527,21.0442119],[105.8369104,21.0441076],[105.8365659,21.0444665],[105.8365705,21.045057],[105.8366924,21.0458809],[105.8368352,21.0466532],[105.8371531,21.0470991],[105.8376098,21.0471344],[105.8379561,21.0475501],[105.8381941,21.0481434],[105.838746,21.0487807],[105.8389713,21.0492355],[105.8396643,21.0489289],[105.8401236,21.0485465],[105.840627,21.0482325],[105.8413064,21.0479266],[105.841621,21.0474758],[105.8418262,21.0467763],[105.8418474,21.0463066]]]}},{"type":"Feature","properties":{"osm_id":1472707765,"osm_type":"way","alt_name":"Sông Nghĩa Trụ","intermittent":"no","layer":"-1","lock":"no","name":"Sông Cầu Bây","name:en":"Cau Bay River","name:vi":"Sông Cầu Bây","tunnel":"culvert","waterway":"river"},"geometry":{"type":"LineString","coordinates":[[105.9065924,21.0525204],[105.9082494,21.0497953],[105.9104096,21.0459916],[105.9121254,21.0429102],[105.9124986,21.0421598],[105.9130254,21.0413238],[105.9136524,21.040647],[105.9170125,21.0387172]]}},{"type":"Feature","properties":{"osm_id":1067561894,"osm_type":"way","name":"Sông Thiên Đức","waterway":"canal"},"geometry":{"type":"LineString","coordinates":[[105.9045821,21.0823628],[105.9047699,21.0829134],[105.9049142,21.0833203],[105.9048855,21.0837334],[105.9048504,21.0845576],[105.9050757,21.0859917],[105.904963,21.086785],[105.9048881,21.0877886],[105.9050008,21.0884092],[105.9051993,21.0888447],[105.905446,21.0892951],[105.9057035,21.0896705],[105.9059664,21.0902561],[105.9065243,21.0905714],[105.907341,21.0908898],[105.9078654,21.0911821],[105.9084984,21.0905164],[105.9096303,21.0911771],[105.91051,21.0917276],[105.9111109,21.0919929],[105.9132405,21.0926686],[105.9137877,21.0927887],[105.9142598,21.0929638]]}},{"type":"Feature","properties":{"osm_id":208191865,"osm_type":"way","name":"Hồ Điều Hòa","natural":"water","water":"lake"},"geometry":{"type":"Polygon","coordinates":[[[105.7757917,21.0503796],[105.7759683,21.0508363],[105.7763164,21.05118],[105.7766417,21.0514413],[105.7768032,21.0518862],[105.7767199,21.0522982],[105.7762256,21.0523758],[105.7758068,21.0525971],[105.7757766,21.0529973],[105.7752923,21.0532821],[105.774808,21.0533363],[105.774692,21.0528867],[105.7751107,21.052769],[105.7751182,21.0523476],[105.7747399,21.0521334],[105.7745305,21.052503],[105.7745936,21.0529055],[105.7741951,21.0530914],[105.7739327,21.0527431],[105.7737537,21.052357],[105.7733349,21.0521051],[105.7731508,21.0517261],[105.7731155,21.0513165],[105.7734131,21.0510223],[105.7739126,21.0508481],[105.7741929,21.0505072],[105.7737973,21.0504309],[105.7735203,21.0507624],[105.7733178,21.0503925],[105.7736853,21.0501372],[105.7741741,21.0501165],[105.7746603,21.0499645],[105.7750177,21.0497442],[105.7754482,21.0495452],[105.7757425,21.0492148],[105.7759611,21.0496172],[105.7758123,21.0501616],[105.7757917,21.0503796]]]}},{"type":"Feature","properties":{"osm_id":1112643377,"osm_type":"way","SWBD_cell":"111285","SWBD_facc_code":"bh080","SWBD_wb":"106","alt_name":"Hồ Hoàng Cầu","ele":"8.0","name":"Hố Đống Đa","name:en":"Dong Da Lake","name:ko":"동다호","natural":"water","source":"SWBD","water":"lake"},"geometry":{"type":"Polygon","coordinates":[[[105.8191319,21.0168831],[105.8196596,21.0162171],[105.8200934,21.0161659],[105.820908,21.0164361],[105.8205852,21.0167088],[105.8206403,21.0171086],[105.8210011,21.0172855],[105.8213791,21.0170878],[105.8216835,21.0166743],[105.8221102,21.0166157],[105.8225865,21.0166195],[105.8229864,21.016636],[105.8233515,21.0168647],[105.8235174,21.0172573],[105.8237684,21.0176155],[105.8234927,21.0181508],[105.8229213,21.0183665],[105.822401,21.0185473],[105.8220116,21.0186627],[105.8214295,21.018813],[105.8210068,21.018849],[105.8206523,21.0190413],[105.8201861,21.0190506],[105.8197315,21.0190226],[105.8193195,21.0188976],[105.8188964,21.0186989],[105.8185343,21.018429],[105.8182186,21.0181449],[105.8177227,21.0176273],[105.8174557,21.0173172],[105.817647,21.0168103],[105.8182014,21.0169094],[105.8186006,21.0171757],[105.8191319,21.0168831]]]}},{"type":"Feature","properties":{"osm_id":208658046,"osm_type":"way","name":"Sông Nhuệ","name:en":"Nhue River","name:id":"Sungai Nhue","name:ko":"뉘에강","name:ru":"Ньюе","name:vi":"Sông Nhuệ","name:zh":"锐江","tunnel":"no","waterway":"river"},"geometry":{"type":"LineString","coordinates":[[105.7965088,20.9611806],[105.7972322,20.9610394],[105.7975669,20.9605454],[105.7977109,20.9600715],[105.7978764,20.9582767],[105.7980888,20.9577289],[105.7985063,20.9573861],[105.7989094,20.9574197],[105.7993593,20.9576953],[105.7998847,20.9580986],[105.8004642,20.9583238],[105.8009177,20.958233],[105.8013532,20.9579944],[105.8016555,20.9574734],[105.8021707,20.9569865],[105.8034802,20.9560988],[105.8046608,20.9552316],[105.807333,20.9528022],[105.8075746,20.9525844]]}},{"type":"Feature","properties":{"osm_id":909583777,"osm_type":"way","name":"Mương Gia Thụy – Cầu Bây","waterway":"canal"},"geometry":{"type":"LineString","coordinates":[[105.8904509,21.0514458],[105.8924403,21.0484886],[105.8930059,21.0476354],[105.8933171,21.0471034],[105.8940935,21.0459705],[105.8948946,21.0447397],[105.895252,21.0442049],[105.8955169,21.0438081],[105.8957942,21.043348],[105.8962687,21.0426463],[105.896509,21.0422725],[105.8968946,21.0414504],[105.8973927,21.0401252],[105.8977707,21.0392145],[105.897932,21.0387872],[105.89816,21.038229],[105.8983472,21.03782],[105.898313,21.0375268]]}},{"type":"Feature","properties":{"osm_id":1148889017,"osm_type":"way","name":"Kênh Tây","waterway":"canal"},"geometry":{"type":"LineString","coordinates":[[105.9507249,20.9559154],[105.949437,20.9542232],[105.9491892,20.9539067],[105.9479531,20.9523245],[105.9476253,20.9518739],[105.9473917,20.9514034],[105.9473401,20.9508593],[105.947419,20.9503577],[105.947736,20.948708],[105.9481109,20.9466905],[105.94835,20.9454118],[105.9484538,20.9448569],[105.948706,20.9434781],[105.9487919,20.9430332],[105.9489936,20.9419791],[105.9490064,20.9414781],[105.9489678,20.9411735]]}},{"type":"Feature","properties":{"osm_id":332764046,"osm_type":"way","intermittent":"no","name":"Kênh xả","waterway":"canal"},"geometry":{"type":"LineString","coordinates":[[105.8714127,20.9561163],[105.872035,20.9560161],[105.879352,20.9511868],[105.879867,20.9506657],[105.8838312,20.9474432]]}},{"type":"Feature","properties":{"osm_id":10238780,"osm_type":"way","boat":"no","name":"Sông Sét","name:en":"Set River","waterway":"canal","wikidata":"Q10822959","wikipedia":"vi:Sông Sét"},"geometry":{"type":"LineString","coordinates":[[105.8453214,20.9823311],[105.8457179,20.9819648],[105.8459289,20.9815754],[105.8458362,20.9810826],[105.845724,20.9805495],[105.8456709,20.9800512],[105.8456295,20.9794912],[105.8456336,20.9790113],[105.8458503,20.9786061],[105.8461032,20.9782363],[105.8464661,20.9778395],[105.8468095,20.9775513],[105.8472244,20.977304],[105.8489872,20.9764054],[105.8493739,20.9761505],[105.8497173,20.9758139],[105.8499399,20.9753691],[105.8502126,20.9747681],[105.850721,20.9744715],[105.851222,20.9742696],[105.8516909,20.9738383],[105.8520256,20.9733094],[105.8523003,20.9729327],[105.8527177,20.9724331],[105.8530841,20.9721443],[105.8534993,20.9718907],[105.8538513,20.9717004],[105.8540364,20.9716811]]}},{"type":"Feature","properties":{"osm_id":161079655,"osm_type":"way","name":"Sông Bắc Hưng Hải","name:en":"Bắc Hưng Hải River","source":"bing","waterway":"river","wikidata":"Q10771825","wikipedia":"vi:Hệ thống thủy lợi Bắc Hưng Hải"},"geometry":{"type":"LineString","coordinates":[[105.9081395,20.9773744],[105.9090607,20.9752654],[105.9092764,20.9747856],[105.9098434,20.9737963],[105.9102256,20.9733177],[105.9108062,20.9728806],[105.911406,20.9726307],[105.9120486,20.9725176],[105.9152027,20.9722423],[105.9191455,20.9719901],[105.9196557,20.9719569]]}},{"type":"Feature","properties":{"osm_id":2388847,"osm_type":"relation","intermittent":"no","name":"Hồ Thủ Lệ","name:en":"Thủ Lệ Lake","natural":"water","salt":"no","tidal":"no","type":"multipolygon","water":"lake","wikidata":"Q10772027","wikipedia":"vi:Hồ Thủ Lệ","role":"outer","member_type":"way","member_ref":11837874},"geometry":{"type":"Polygon","coordinates":[[[105.8086971,21.0297483],[105.8080642,21.0296545],[105.8074607,21.0295989],[105.8069869,21.0295838],[105.8065125,21.0294347],[105.806008,21.0293602],[105.8050679,21.0299327],[105.8047671,21.0303152],[105.8046391,21.0307522],[105.8049664,21.0311499],[105.8055636,21.0311584],[105.8061533,21.0308852],[105.8066126,21.0308075],[105.8072888,21.0309436],[105.8082507,21.0311086],[105.8087055,21.0310934],[105.8093525,21.0312673],[105.8099596,21.0314262],[105.8105423,21.0313525],[105.810621,21.0304411],[105.810276,21.0300936],[105.8097581,21.0300236],[105.8093049,21.0298629],[105.8086971,21.0297483]]]}},{"type":"Feature","properties":{"osm_id":198437,"osm_type":"relation","alt_name":"Hồ Gươm","alt_name:de":"Schwertsee","alt_name:en":"Sword Lake","alt_name:ru":"озеро возвращенного меча","alt_name:vi":"Hồ Gươm","intermittent":"no","name":"Hồ Hoàn Kiếm","name:de":"Hoan-Kiem-See","name:en":"Hoàn Kiếm Lake","name:fr":"Lac Hoàn-Kiêm","name:id":"Danau Hoan Kiem","name:ja":"ホアンキエム湖","name:ko":"호안끼엠 호","name:th":"ทะเลสาบฮหว่านเกี๊ยม","name:vi-Hani":"湖還劍","name:zh":"还剑湖","name:zh-Hans":"还剑湖","name:zh-Hant":"還劍湖","natural":"water","old_name":"Hồ Lục Thủy","old_name:fr":"Petit Lac","old_name:zh":"绿水湖","salt":"no","tidal":"no","type":"multipolygon","water":"lake","wikidata":"Q1151254","wikipedia":"vi:Hồ Hoàn Kiếm","role":"outer","member_type":"way","member_ref":9566396},"geometry":{"type":"LineString","coordinates":[[105.8529903,21.0306777],[105.8533424,21.0303602],[105.8532942,21.0298161],[105.8533283,21.0293521],[105.853537,21.0288891],[105.853457,21.0279753],[105.8533855,21.0275053],[105.8532541,21.026699],[105.8531656,21.0261645],[105.8527226,21.0259534],[105.8523363,21.0261906],[105.8519669,21.0264979],[105.8517316,21.0269536],[105.8516053,21.0274086],[105.8514953,21.0279719],[105.8514909,21.028587],[105.8515345,21.0291339],[105.8514383,21.0297207],[105.8513599,21.030304],[105.8512342,21.0307468],[105.8512157,21.0312331],[105.8515285,21.03161],[105.8520268,21.0316262],[105.8526383,21.0315584],[105.853055,21.0313455],[105.8531759,21.0309095],[105.8530274,21.0308288]]}},{"type":"Feature","properties":{"osm_id":332764051,"osm_type":"way","name":"Sông Nhuệ","name:en":"Nhue River","name:id":"Sungai Nhue","name:ko":"뉘에강","name:ru":"Ньюе","name:vi":"Sông Nhuệ","name:zh":"锐江","waterway":"river"},"geometry":{"type":"LineString","coordinates":[[105.8075746,20.9525844],[105.8079258,20.9523249],[105.8083292,20.9519722],[105.8086725,20.9514432],[105.8087326,20.9509382],[105.8083807,20.950337],[105.8079945,20.9497038],[105.8079258,20.9489423],[105.8079859,20.9485415],[105.8080975,20.9478522],[105.8080288,20.9472269],[105.807531,20.9465215],[105.8072563,20.9460726],[105.8069044,20.9454153],[105.8064838,20.9445576],[105.8061491,20.9437721],[105.8059431,20.943219],[105.8057972,20.9426258],[105.8056599,20.9418562],[105.8055826,20.941255],[105.8054796,20.940742],[105.8053165,20.940261]]}},{"type":"Feature","properties":{"osm_id":479832687,"osm_type":"way","name":"Kênh tiêu Bắc Quốc lộ 5","waterway":"canal"},"geometry":{"type":"LineString","coordinates":[[105.9486892,21.0143466],[105.9526627,21.0114418],[105.9534977,21.0108989],[105.9549921,21.0097785],[105.9562577,21.0088586],[105.9579436,21.0076379],[105.9596373,21.0064323]]}},{"type":"Feature","properties":{"osm_id":1455715279,"osm_type":"way","name":"Hồ Trung Tâm","natural":"water","water":"lake"},"geometry":{"type":"Polygon","coordinates":[[[105.8628007,21.0960574],[105.8610857,21.0946655],[105.8616423,21.0940633],[105.8624072,21.0932347],[105.8628618,21.0935989],[105.8622172,21.093647],[105.8618132,21.0939434],[105.8620887,21.0945473],[105.8625975,21.0947821],[105.8629574,21.095182],[105.8633076,21.0949709],[105.8636462,21.094646],[105.8628856,21.0937998],[105.8641201,21.0946217],[105.8633712,21.0954365],[105.8628007,21.0960574]]]}},{"type":"Feature","properties":{"osm_id":659860845,"osm_type":"way","name":"Hồ Hòa Bình","natural":"water","water":"lake"},"geometry":{"type":"Polygon","coordinates":[[[105.9227903,21.082986],[105.9232973,21.083484],[105.9235118,21.0838519],[105.9237318,21.0843787],[105.9241368,21.0847929],[105.9245123,21.0852284],[105.9247966,21.0855174],[105.9251386,21.0858002],[105.9260143,21.0851057],[105.9264824,21.0845489],[105.9267922,21.0841622],[105.9266902,21.0837305],[105.9262799,21.0835804],[105.9257729,21.0839545],[105.9254926,21.0842561],[105.9249911,21.0840383],[105.9246102,21.0836454],[105.924224,21.0835341],[105.9244493,21.0831587],[105.9246397,21.0827507],[105.9246021,21.0823478],[105.924004,21.0820875],[105.9236003,21.0821038],[105.9232409,21.0825543],[105.9229767,21.0828784],[105.9227903,21.082986]]]}},{"type":"Feature","properties":{"osm_id":702672000,"osm_type":"way","alt_name":"Hồ điều hòa Yên Sở / Hồ công viên Yên Sở","name":"Hồ Yên Sở","name:en":"Yen So Lake","natural":"water","water":"lake"},"geometry":{"type":"Polygon","coordinates":[[[105.8511837,20.9611166],[105.8515779,20.9612435],[105.8519571,20.9614125],[105.8522943,20.9616322],[105.8525598,20.9619528],[105.8526081,20.9624124],[105.8528026,20.9629184],[105.8530534,20.963259],[105.853394,20.9635045],[105.853795,20.9636648],[105.8540793,20.9640317],[105.8539103,20.9644174],[105.8533752,20.9645051],[105.8529541,20.9645702],[105.8525397,20.9646967],[105.8522648,20.9650223],[105.8517404,20.9651212],[105.8512979,20.9651726],[105.8509398,20.9649359],[105.8505696,20.9645627],[105.850292,20.9641068],[105.8502035,20.9636021],[105.8502706,20.9630273],[105.8503028,20.9626228],[105.8503788,20.9621329],[105.8505415,20.9616961],[105.8510359,20.9611796],[105.8511837,20.9611166]]]}},{"type":"Feature","properties":{"osm_id":10059546,"osm_type":"relation","name":"Hồ Mễ Trì","natural":"water","salt":"no","tidal":"no","type":"multipolygon","water":"lake","role":"outer","member_type":"way","member_ref":208509889},"geometry":{"type":"Polygon","coordinates":[[[105.7863014,21.0010983],[105.7865935,21.0014546],[105.7870688,21.0015539],[105.7879286,21.0017531],[105.7893762,21.0023361],[105.7898258,21.0024238],[105.7902777,21.0023872],[105.7907406,21.0022249],[105.7913646,21.0016153],[105.7914055,21.0011634],[105.7909504,21.000887],[105.7905271,21.0012279],[105.7883504,21.0002358],[105.7879073,20.9999645],[105.7874129,20.9999898],[105.7869441,21.0003024],[105.7862908,21.0007393],[105.7863014,21.0010983]]]}},{"type":"Feature","properties":{"osm_id":196063559,"osm_type":"way","name":"Hồ Quảng Bá","natural":"water","water":"lake"},"geometry":{"type":"Polygon","coordinates":[[[105.8215677,21.0738481],[105.8214926,21.0731073],[105.8217501,21.0726768],[105.8219432,21.0722463],[105.8221149,21.0717357],[105.8228659,21.0707646],[105.8234453,21.0708547],[105.8236599,21.0712552],[105.824089,21.0713453],[105.8245396,21.0712152],[105.8250117,21.0713253],[105.8253641,21.0718714],[105.8251941,21.0723565],[105.8247113,21.0727869],[105.8243572,21.0730072],[105.8238503,21.072852],[105.8235633,21.0724566],[105.8230698,21.0722263],[105.8226514,21.0725567],[105.822308,21.0729271],[105.8219647,21.0733676],[105.8217287,21.073768],[105.8215677,21.0738481]]]}},{"type":"Feature","properties":{"osm_id":10237319,"osm_type":"way","boat":"no","name":"Kênh Kim Ngưu","name:en":"Kim Nguu Canal","waterway":"canal"},"geometry":{"type":"LineString","coordinates":[[105.8580361,20.9580369],[105.8595163,20.9582061],[105.8602568,20.9582896],[105.8606739,20.9583359],[105.8628574,20.9585781],[105.8661877,20.9589789],[105.8669601,20.9589468],[105.8674322,20.9588426],[105.8679558,20.9586423],[105.8683849,20.9584178],[105.8690887,20.9580411],[105.8696209,20.9577446]]}},{"type":"Feature","properties":{"osm_id":11007151,"osm_type":"way","name":"Hồ Thanh Nhàn","name:en":"Thanh Nhan Lake","name:ko":"타인냔호","name:zh":"清闲湖","natural":"water"},"geometry":{"type":"Polygon","coordinates":[[[105.8571708,21.0075925],[105.8576239,21.0075665],[105.8580376,21.0075775],[105.8584873,21.0075403],[105.8587416,21.0071092],[105.8590985,21.0067951],[105.8589518,21.005969],[105.8587821,21.0055446],[105.8582801,21.0053963],[105.8578449,21.0052009],[105.8577052,21.0047382],[105.8577817,21.004226],[105.8578246,21.0037853],[105.8578656,21.0033019],[105.8574929,21.0031458],[105.857198,21.0034648],[105.8569319,21.0041459],[105.8567088,21.0047469],[105.8567088,21.0058446],[105.8567174,21.0064696],[105.8567689,21.0069984],[105.8569405,21.0074151],[105.8571708,21.0075925]]]}},{"type":"Feature","properties":{"osm_id":1514582343,"osm_type":"way","name":"Mương Gia Thụy – Cầu Bây","waterway":"canal"},"geometry":{"type":"LineString","coordinates":[[105.8981763,21.0372444],[105.8993413,21.0364861],[105.8998651,21.0362714],[105.9012312,21.0356306],[105.9016599,21.035397],[105.9021376,21.0351864],[105.9029726,21.0348077],[105.908573,21.0320895]]}},{"type":"Feature","properties":{"osm_id":909862068,"osm_type":"way","alt_name":"Hồ câu Thiên Đường","name":"Hồ Đầm Biền","natural":"water","water":"lake"},"geometry":{"type":"Polygon","coordinates":[[[105.9170576,20.9922881],[105.9168452,20.9919213],[105.9165161,20.9914488],[105.9164878,20.9905765],[105.9170293,20.9904972],[105.9172907,20.9900774],[105.9172628,20.9896182],[105.9175354,20.9892514],[105.9176911,20.9886996],[105.9177477,20.9882799],[105.9178928,20.987553],[105.9187599,20.9875563],[105.9186077,20.9881874],[105.9183954,20.988541],[105.918183,20.9889375],[105.917861,20.9895554],[105.9177477,20.9899718],[105.9177548,20.9904972],[105.9177371,20.9910655],[105.9175601,20.991733],[105.9170576,20.9922881]]]}},{"type":"Feature","properties":{"osm_id":8902997,"osm_type":"relation","name":"Hồ Harmony","natural":"water","type":"multipolygon","water":"lake","role":"outer","member_type":"way","member_ref":642299661},"geometry":{"type":"Polygon","coordinates":[[[105.9074527,21.0458267],[105.9079363,21.0461255],[105.908587,21.0465207],[105.9089914,21.0467472],[105.9091309,21.0472404],[105.9088176,21.0477769],[105.9084114,21.0484484],[105.9081136,21.0488644],[105.9078881,21.0492596],[105.9074458,21.0494764],[105.9069793,21.0493929],[105.906568,21.0491953],[105.9061842,21.0488917],[105.9057693,21.0486813],[105.905549,21.0482877],[105.9054179,21.0478491],[105.9052782,21.0473438],[105.9055377,21.0468576],[105.9058525,21.0464297],[105.9067648,21.0458734],[105.9071494,21.0456178],[105.9074527,21.0458267]]]}},{"type":"Feature","properties":{"osm_id":11857683,"osm_type":"way","boat":"no","layer":"-1","name":"Sông Lừ","name:en":"Lu River","waterway":"canal","wikidata":"Q10822892","wikipedia":"vi:Sông_Lừ"},"geometry":{"type":"LineString","coordinates":[[105.8343184,20.9772782],[105.8336919,20.9768936],[105.832905,20.9764155],[105.832363,20.9760678],[105.8318234,20.9750305],[105.8315286,20.9746042],[105.8312035,20.974262],[105.8308443,20.9738845],[105.8304347,20.9735866],[105.8297716,20.9733744],[105.8286879,20.9735275],[105.8253641,20.9719698],[105.8250299,20.9718216]]}},{"type":"Feature","properties":{"osm_id":136176169,"osm_type":"way","name":"Hồ Đền Lừ","name:en":"Den Lu Lake","natural":"water","water":"lake"},"geometry":{"type":"Polygon","coordinates":[[[105.8553089,20.9861693],[105.8546771,20.9860851],[105.8544895,20.9850188],[105.8543725,20.9842269],[105.8543395,20.9837693],[105.8544751,20.9842103],[105.8548623,20.9844048],[105.8551898,20.9841124],[105.8556238,20.9840529],[105.8560337,20.9839939],[105.8564649,20.984053],[105.8565356,20.984455],[105.8561412,20.984592],[105.8557291,20.9845726],[105.8555495,20.9849377],[105.8559121,20.9851191],[105.8562279,20.9848135],[105.8566442,20.9848647],[105.8569358,20.9851729],[105.8568132,20.9856054],[105.8564172,20.9856677],[105.8559448,20.9857436],[105.85548,20.9856434],[105.855341,20.9860598],[105.8553089,20.9861693]]]}},{"type":"Feature","properties":{"osm_id":28913992,"osm_type":"way","name":"Đầm Hồng","name:en":"Hong Pond","natural":"water","water":"lake"},"geometry":{"type":"Polygon","coordinates":[[[105.8227171,20.993669],[105.823391,20.9936927],[105.8239012,20.9937471],[105.8243057,20.9936684],[105.8243991,20.9932775],[105.8245919,20.9928538],[105.8247738,20.9922637],[105.8250154,20.9918475],[105.8253738,20.991364],[105.8248615,20.9908319],[105.8243948,20.9904812],[105.8240112,20.9902571],[105.8237028,20.9905539],[105.8233352,20.9910097],[105.8228177,20.991664],[105.8223192,20.9922253],[105.8219914,20.9925099],[105.8216779,20.9928161],[105.8219821,20.9934274],[105.8221981,20.9937668],[105.8227171,20.993669]]]}},{"type":"Feature","properties":{"osm_id":242435684,"osm_type":"way","name":"Hồ Thanh Trì","natural":"water","salt":"no","water":"lake"},"geometry":{"type":"Polygon","coordinates":[[[105.8885716,20.9975906],[105.8881291,20.9974665],[105.8878865,20.9970901],[105.887754,20.996501],[105.8872927,20.9963708],[105.8868957,20.9962005],[105.886606,20.9957698],[105.8867991,20.995309],[105.8870781,20.9949885],[105.8875823,20.9947481],[105.8879935,20.9950654],[105.8877419,20.9954756],[105.887824,20.9960808],[105.8889187,20.9959801],[105.8889501,20.9953329],[105.8892647,20.9961876],[105.8895952,20.9964462],[105.8897996,20.9967983],[105.8885716,20.9975906]]]}},{"type":"Feature","properties":{"osm_id":706149107,"osm_type":"way","layer":"-1","name":"Mương Thụy Khuê","old_name":"Sông Tô Lịch","tunnel":"culvert","waterway":"stream"},"geometry":{"type":"LineString","coordinates":[[105.8141192,21.0445667],[105.813607,21.0452536],[105.8132556,21.0455364],[105.8128873,21.0456992],[105.8123007,21.0459144],[105.8117241,21.0462561],[105.8112922,21.0465903],[105.8109985,21.0469333],[105.8107115,21.0472925],[105.8099484,21.0477568],[105.8093718,21.047907],[105.8087629,21.0479371],[105.8078054,21.0481949],[105.8072782,21.0481492],[105.8068347,21.0481569],[105.806137,21.0485003],[105.8053108,21.0483705],[105.8047906,21.0481799],[105.8046645,21.0479921]]}},{"type":"Feature","properties":{"osm_id":28485995,"osm_type":"way","name":"Hồ Cầu Tình","natural":"water","water":"lake"},"geometry":{"type":"Polygon","coordinates":[[[105.8780256,21.0490039],[105.8777853,21.0494765],[105.8782175,21.0496519],[105.8795507,21.0496972],[105.8801685,21.0496975],[105.8807863,21.0497103],[105.8814875,21.0497243],[105.8825986,21.0500361],[105.8825896,21.0496341],[105.8820539,21.0495515],[105.881562,21.0493459],[105.8813169,21.0489696],[105.8808274,21.0488581],[105.8802814,21.0489556],[105.8798133,21.0490014],[105.8793474,21.0494365],[105.878326,21.0490833],[105.8780256,21.0490039]]]}},{"type":"Feature","properties":{"osm_id":11858433,"osm_type":"way","name":"Hồ Thanh Liệt","natural":"water"},"geometry":{"type":"Polygon","coordinates":[[[105.8091402,20.9647481],[105.8097734,20.9647187],[105.8102177,20.9647262],[105.8106066,20.9644946],[105.8111125,20.9648231],[105.8114804,20.9651117],[105.8119595,20.9650962],[105.8121904,20.9647237],[105.8124579,20.9644212],[105.8125161,20.9639044],[105.8123024,20.9634675],[105.8119167,20.9633076],[105.8117648,20.9627471],[105.8115439,20.9622993],[105.811107,20.9620586],[105.8105197,20.9621832],[105.8101399,20.9625394],[105.8097662,20.9629623],[105.8094298,20.9632259],[105.8092151,20.9635634],[105.8091469,20.9642141],[105.8091402,20.9647481]]]}},{"type":"Feature","properties":{"osm_id":856410080,"osm_type":"way","name":"Đầm Lớn","name:en":"Lon Pond","natural":"water","water":"pond"},"geometry":{"type":"Polygon","coordinates":[[[105.867793,20.9560168],[105.8683763,20.9572767],[105.8672123,20.9581947],[105.8664535,20.9582927],[105.8657826,20.9578315],[105.8653589,20.9576575],[105.8649243,20.9576355],[105.8648935,20.9559384],[105.86498,20.9555359],[105.865631,20.9555503],[105.8662955,20.955594],[105.8667174,20.9556386],[105.8671532,20.9558498],[105.8677641,20.9559887],[105.867793,20.9560168]]]}},{"type":"Feature","properties":{"osm_id":384534295,"osm_type":"way","name":"Hồ Ben","natural":"water"},"geometry":{"type":"Polygon","coordinates":[[[105.9135473,21.0250598],[105.9139802,21.0250389],[105.9143787,21.0247888],[105.9147865,21.0244674],[105.9152747,21.024258],[105.9157274,21.0241471],[105.9161879,21.0239808],[105.9156191,21.0236704],[105.9150794,21.0236002],[105.9142774,21.0231874],[105.9138908,21.023031],[105.9135147,21.0228203],[105.9129433,21.022542],[105.912194,21.0228573],[105.9123707,21.0232307],[105.9120868,21.0237942],[105.9123892,21.0240712],[105.9127568,21.024397],[105.9130881,21.0246365],[105.9134277,21.0249596],[105.9135473,21.0250598]]]}},{"type":"Feature","properties":{"osm_id":208435381,"osm_type":"way","name":"Hồ Kim Quan","natural":"water"},"geometry":{"type":"Polygon","coordinates":[[[105.9024066,21.0618651],[105.9036771,21.0631822],[105.904072,21.0633244],[105.9049832,21.0629948],[105.9051883,21.0626082],[105.9048875,21.0622755],[105.9045114,21.0625076],[105.9040991,21.0624473],[105.9039313,21.0620823],[105.9041688,21.0617465],[105.9045769,21.0614784],[105.9045631,21.0609901],[105.9041781,21.060653],[105.9037073,21.0604456],[105.9033055,21.0604213],[105.9029284,21.0606487],[105.9025206,21.0613387],[105.9024997,21.0617649],[105.9024066,21.0618651]]]}},{"type":"Feature","properties":{"osm_id":469903424,"osm_type":"way","name":"Hồ Lâm Du","natural":"water","water":"lake"},"geometry":{"type":"Polygon","coordinates":[[[105.8805156,21.0335419],[105.8805535,21.0341354],[105.880544,21.0345365],[105.8808395,21.0349278],[105.8809128,21.0355241],[105.8813514,21.0355716],[105.8816575,21.0352547],[105.8817301,21.0348276],[105.8814934,21.0342136],[105.8812584,21.0336984],[105.8811524,21.0332132],[105.8811146,21.0327106],[105.8807476,21.0318623],[105.8805041,21.0313537],[105.8800992,21.0314423],[105.8798473,21.0319398],[105.8799413,21.0323347],[105.8801526,21.0327989],[105.8803852,21.033192],[105.8805156,21.0335419]]]}},{"type":"Feature","properties":{"osm_id":447690315,"osm_type":"way","alt_name":"Sông Đào","description":"Đây có thể là dấu vết còn lại của sông Thiên Phù - một dòng sông của HN xưa","layer":"-1","name":"Sông Cầu Đá","tunnel":"yes","waterway":"river"},"geometry":{"type":"LineString","coordinates":[[105.7827144,21.0562341],[105.7822127,21.0561846],[105.7808643,21.0560049],[105.7801077,21.0558772],[105.7780334,21.0555806],[105.7735754,21.0549482],[105.773014,21.0550133]]}},{"type":"Feature","properties":{"osm_id":1229188804,"osm_type":"way","name":"Sông Tô Lịch","name:en":"To Lich River","tunnel":"no","waterway":"river","wikidata":"Q7862307","wikipedia":"en:Tô Lịch River"},"geometry":{"type":"LineString","coordinates":[[105.8131604,20.9604061],[105.8127922,20.9601588],[105.8122688,20.9597785],[105.811675,20.9592606],[105.8113333,20.9589549],[105.8108745,20.9583879],[105.8098312,20.9565811],[105.8093355,20.9558156],[105.8088013,20.9549159],[105.80834,20.9541465],[105.8079258,20.953431],[105.8076683,20.9529831],[105.8074652,20.952683]]}},{"type":"Feature","properties":{"osm_id":909862070,"osm_type":"way","name":"Hồ Bát Tràng","natural":"water","water":"lake"},"geometry":{"type":"Polygon","coordinates":[[[105.9184103,20.9853677],[105.9189917,20.9853525],[105.9190933,20.9848932],[105.9191502,20.9844339],[105.9191909,20.9837924],[105.9192275,20.9833862],[105.9192885,20.9828776],[105.9193314,20.9823765],[105.9193732,20.981794],[105.9193745,20.9813357],[105.9189038,20.9813532],[105.9183604,20.9813898],[105.9183658,20.9819458],[105.9183819,20.9825468],[105.9182098,20.9831221],[105.9183471,20.9837444],[105.9182338,20.9842487],[105.9182491,20.9847528],[105.9183238,20.9851765],[105.9184103,20.9853677]]]}},{"type":"Feature","properties":{"osm_id":932758886,"osm_type":"way","name":"Hồ Phùng Khoang","natural":"water","water":"lake"},"geometry":{"type":"Polygon","coordinates":[[[105.7895445,20.9980085],[105.7890941,20.9979325],[105.7889592,20.9974666],[105.7898057,20.9961705],[105.790067,20.9958552],[105.7905109,20.9959016],[105.7908374,20.9961663],[105.7912232,20.9964551],[105.7917174,20.9964792],[105.7918406,20.9969257],[105.7919232,20.9974124],[105.7918628,20.9978105],[105.7918771,20.9982132],[105.791819,20.9986533],[105.7914255,20.9988555],[105.7911296,20.9985859],[105.7906667,20.9984908],[105.7901981,20.9983996],[105.789922,20.9980269],[105.7895445,20.9980085]]]}},{"type":"Feature","properties":{"osm_id":28367171,"osm_type":"way","name":"Đầm Đỗi","name:en":"Doi Pond","natural":"water"},"geometry":{"type":"Polygon","coordinates":[[[105.8374274,20.9774258],[105.837274,20.9781185],[105.8372633,20.978629],[105.8372081,20.9790498],[105.8369591,20.9793661],[105.8369919,20.980004],[105.8371152,20.9803869],[105.8375942,20.9803515],[105.8381313,20.9803282],[105.8385252,20.9799085],[105.8386138,20.9793927],[105.8387073,20.9788965],[105.8388968,20.9785302],[105.839233,20.9782404],[105.8393046,20.9775909],[105.8382569,20.9773992],[105.8376581,20.9775265],[105.8374274,20.9774258]]]}},{"type":"Feature","properties":{"osm_id":570596478,"osm_type":"way","name":"Hồ Giảng Võ","name:en":"Giang Vo Lake","name:ko":"장보호","natural":"water","water":"lake"},"geometry":{"type":"Polygon","coordinates":[[[105.8178208,21.0283319],[105.8187828,21.0271571],[105.8194194,21.0271128],[105.8199859,21.0270702],[105.8204782,21.0270767],[105.8208727,21.0272542],[105.8211612,21.027597],[105.8212893,21.0280549],[105.821211,21.0285807],[105.8209368,21.029016],[105.8203368,21.0293415],[105.8199076,21.0293805],[105.8194417,21.0293143],[105.8190452,21.0291402],[105.8185061,21.0288068],[105.8180373,21.0285148],[105.8178208,21.0283319]]]}},{"type":"Feature","properties":{"osm_id":659860846,"osm_type":"way","name":"Hồ Cống Thôn","natural":"water","water":"lake"},"geometry":{"type":"Polygon","coordinates":[[[105.9201457,21.0820287],[105.920426,21.082319],[105.9207317,21.082578],[105.921016,21.0828959],[105.9213138,21.0832037],[105.9216209,21.0835253],[105.9220205,21.0832175],[105.9224269,21.0828759],[105.922742,21.0825793],[105.9231216,21.0824504],[105.9232087,21.0819386],[105.9236151,21.0819311],[105.9228493,21.0816471],[105.9223022,21.0815144],[105.9221104,21.0821551],[105.9215391,21.0821639],[105.9210992,21.0821451],[105.9206164,21.0820087],[105.9201457,21.0819686],[105.9201457,21.0820287]]]}},{"type":"Feature","properties":{"osm_id":646801725,"osm_type":"way","name":"Hồ Yên Duyên","name:en":"Yen Duyen Lake","natural":"water","water":"lake"},"geometry":{"type":"Polygon","coordinates":[[[105.8708067,20.9669493],[105.8710045,20.966437],[105.8712533,20.9660856],[105.8714447,20.9656209],[105.8719231,20.9655435],[105.8722997,20.9651785],[105.8718849,20.9649716],[105.871483,20.9648286],[105.8707366,20.9648942],[105.8703347,20.9650431],[105.8697414,20.9651563],[105.8691609,20.9651265],[105.8688039,20.965525],[105.8691134,20.9658612],[105.8697008,20.9660591],[105.8702139,20.9663017],[105.8704732,20.9666347],[105.8708067,20.9669493]]]}},{"type":"Feature","properties":{"osm_id":3375635,"osm_type":"relation","alt_name:fr":"Lac Thiền Quang","name":"Hồ Thiền Quang","name:de":"Thien-Quang-See","name:en":"Thien Quang Lake","name:fr":"Lac Halais","name:ko":"티엔꽝호","name:th":"ทะเลสาบเทียนกวาง","name:zh":"单光湖","natural":"water","type":"multipolygon","water":"lake","wikidata":"Q7349899","wikipedia":"vi:Hồ Thiền Quang","role":"outer","member_type":"way","member_ref":11551517},"geometry":{"type":"Polygon","coordinates":[[[105.8439933,21.01765],[105.8440187,21.0182249],[105.84448,21.0184589],[105.8447402,21.0188613],[105.8445637,21.0192771],[105.8450572,21.0193685],[105.8456106,21.0192293],[105.8460872,21.0191757],[105.846784,21.0189913],[105.8471131,21.0186399],[105.8470015,21.0179395],[105.8466176,21.017619],[105.8461601,21.0174937],[105.8456942,21.0175119],[105.8451993,21.0175377],[105.8447246,21.0176809],[105.8441836,21.0175091],[105.8439933,21.01765]]]}},{"type":"Feature","properties":{"osm_id":11839514,"osm_type":"way","name":"Hồ Thành Công","name:en":"Thành Công Lake","name:id":"Danau Thanh Cong","name:zh":"成功湖","natural":"water"},"geometry":{"type":"Polygon","coordinates":[[[105.8126629,21.0201442],[105.8130662,21.0201287],[105.8136116,21.0202683],[105.8140441,21.0200229],[105.814413,21.0196639],[105.8149382,21.019342],[105.8155676,21.0189757],[105.8151954,21.018397],[105.8148357,21.0177463],[105.8144438,21.0176348],[105.8139011,21.0179542],[105.8136506,21.0183432],[105.8133145,21.0185784],[105.8130692,21.0189591],[105.8127735,21.0192877],[105.8126121,21.0197694],[105.8126629,21.0201442]]]}},{"type":"Feature","properties":{"osm_id":148202948,"osm_type":"way","name":"Hồ Nghĩa Tân","natural":"water","source":"local knowledge","water":"lake"},"geometry":{"type":"Polygon","coordinates":[[[105.7953526,21.0418735],[105.7957607,21.0421239],[105.7960948,21.0418061],[105.796685,21.0417665],[105.7970661,21.0416185],[105.7967866,21.0411823],[105.7965515,21.0407404],[105.7965199,21.0403045],[105.796651,21.039823],[105.796002,21.0392408],[105.7956559,21.0395101],[105.7952943,21.039804],[105.7949196,21.0401765],[105.7947423,21.0405855],[105.7947538,21.0409926],[105.7952836,21.0413009],[105.7953178,21.0418132],[105.7953526,21.0418735]]]}},{"type":"Feature","properties":{"osm_id":605828665,"osm_type":"way","name":"Hồ Hạ Đình","natural":"water","salt":"no","tidal":"no","water":"lake"},"geometry":{"type":"Polygon","coordinates":[[[105.8087815,20.9884521],[105.8098967,20.9881421],[105.8103725,20.9879842],[105.8103101,20.9874899],[105.8099247,20.9876373],[105.8102301,20.9872875],[105.8104775,20.9867781],[105.8107924,20.9864421],[105.8098892,20.9863364],[105.809229,20.9864237],[105.8087425,20.9864832],[105.808757,20.9870189],[105.8088769,20.9874112],[105.8090649,20.9878202],[105.8088176,20.9881532],[105.8087815,20.9884521]]]}},{"type":"Feature","properties":{"osm_id":11706905,"osm_type":"way","name":"Hồ Ba Mẫu","name:en":"Ba Mau Lake","name:ko":"바머우호","natural":"water"},"geometry":{"type":"Polygon","coordinates":[[[105.8404234,21.0141997],[105.8408662,21.0136221],[105.8409966,21.0126799],[105.8407104,21.012308],[105.8409878,21.0120146],[105.8409459,21.0111818],[105.8403444,21.0110516],[105.839996,21.0113809],[105.8393568,21.0119581],[105.8393851,21.0123652],[105.8395474,21.0127886],[105.8397475,21.0131387],[105.8397354,21.0136047],[105.8398431,21.0140557],[105.8404234,21.0141997]]]}},{"type":"Feature","properties":{"osm_id":1222380578,"osm_type":"way","name":"Kênh Hải Bối","name:en":"Hai Boi Canal","waterway":"canal"},"geometry":{"type":"LineString","coordinates":[[105.7963369,21.0994369],[105.7950365,21.1026247],[105.7948986,21.1030235],[105.7948589,21.1038442],[105.7946545,21.106902],[105.7946441,21.1069919]]}},{"type":"Feature","properties":{"osm_id":909862027,"osm_type":"way","name":"Hồ Bộ Đội","natural":"water","water":"lake"},"geometry":{"type":"Polygon","coordinates":[[[105.9095471,21.0172536],[105.9092547,21.0169206],[105.9097509,21.0163197],[105.910046,21.0159466],[105.9102606,21.0163573],[105.9105342,21.0167503],[105.9109928,21.016863],[105.9113898,21.0167478],[105.9112208,21.0162621],[105.9115078,21.0159742],[105.9116312,21.0167604],[105.9114501,21.017288],[105.9104564,21.0173713],[105.9095471,21.0172536]]]}},{"type":"Feature","properties":{"osm_id":1098119915,"osm_type":"way","name":"Sông Nhuệ","name:en":"Nhue River","name:id":"Sungai Nhue","name:ko":"뉘에강","name:ru":"Ньюе","name:vi":"Sông Nhuệ","name:zh":"锐江","waterway":"river"},"geometry":{"type":"LineString","coordinates":[[105.777975,20.9840923],[105.7775257,20.9825944],[105.7774538,20.9821672],[105.7774407,20.9817278],[105.7776024,20.9811491],[105.7778459,20.9808307],[105.7781924,20.9805072],[105.7785584,20.9802387],[105.7789571,20.9799214],[105.7792709,20.9795857],[105.7796238,20.9789632],[105.7797219,20.978536],[105.7797676,20.9780966],[105.7798131,20.977335]]}},{"type":"Feature","properties":{"osm_id":492381825,"osm_type":"way","name":"Kênh Cầu Gạo","name:en":"Cau Gao Canal","waterway":"canal"},"geometry":{"type":"LineString","coordinates":[[105.8689913,20.9866893],[105.8696103,20.9869482],[105.8702402,20.9874521],[105.8706668,20.9879105],[105.8715999,20.9890256],[105.8722957,20.9897129],[105.8732381,20.991796],[105.8735485,20.9924711],[105.873589,20.9925593]]}},{"type":"Feature","properties":{"osm_id":200614214,"osm_type":"way","name":"Đầm ga Gia Lâm","name_1":"Hồ Gia Quất","natural":"water"},"geometry":{"type":"Polygon","coordinates":[[[105.8803778,21.0531981],[105.8806912,21.0534958],[105.8809008,21.0539126],[105.8814342,21.0538433],[105.8818408,21.053696],[105.8812015,21.0533002],[105.8806838,21.0531719],[105.8802639,21.0530298],[105.8798485,21.0528382],[105.8792728,21.0525417],[105.8786988,21.0522201],[105.8786894,21.0526879],[105.8793198,21.0530273],[105.8797932,21.0531124],[105.8801942,21.0531024],[105.8803778,21.0531981]]]}},{"type":"Feature","properties":{"osm_id":1247994369,"osm_type":"way","name":"Sông Kim Ngưu","name:en":"Kim Nguu River","natural":"water","water":"canal","wikidata":"Q16481158","wikipedia":"vi:Sông Kim Ngưu"},"geometry":{"type":"Polygon","coordinates":[[[105.8497185,20.965242],[105.8494667,20.9614798],[105.8497226,20.9642182],[105.8497185,20.965242]]]}},{"type":"Feature","properties":{"osm_id":2388847,"osm_type":"relation","intermittent":"no","name":"Hồ Thủ Lệ","name:en":"Thủ Lệ Lake","natural":"water","salt":"no","tidal":"no","type":"multipolygon","water":"lake","wikidata":"Q10772027","wikipedia":"vi:Hồ Thủ Lệ","role":"inner","member_type":"way","member_ref":548070676},"geometry":{"type":"Polygon","coordinates":[[[105.8052089,21.0308439],[105.8059004,21.0304098],[105.8065989,21.0302775],[105.8075629,21.0303991],[105.8080752,21.0304761],[105.8085697,21.0306355],[105.8083419,21.0302405],[105.8073585,21.0300995],[105.8067798,21.0300308],[105.8061793,21.0300176],[105.8057227,21.0301503],[105.805363,21.0304477],[105.8052089,21.0308439]]]}},{"type":"Feature","properties":{"osm_id":703966355,"osm_type":"way","name":"Sông Sét","name:en":"Set River","waterway":"canal","wikidata":"Q10822959","wikipedia":"vi:Sông Sét"},"geometry":{"type":"LineString","coordinates":[[105.8437291,20.9895492],[105.8440976,20.9887459],[105.8442647,20.9883607],[105.8445731,20.9875206],[105.8448949,20.9866967],[105.8451006,20.9860617],[105.8452101,20.9855347],[105.8452705,20.9849438],[105.8453382,20.9842995],[105.8453893,20.9837882],[105.8453857,20.9832416],[105.8453539,20.9828],[105.8453214,20.9823311]]}},{"type":"Feature","properties":{"osm_id":9964624,"osm_type":"way","alt_name":"Hồ Nam Đồng;Hồ Trung Tự","name":"Hồ Xã Đàn","name:en":"Xa Dan Lake","name:ko":"남동호","natural":"water","salt":"no","tidal":"no","water":"lake"},"geometry":{"type":"Polygon","coordinates":[[[105.830981,21.0114932],[105.8295959,21.0122307],[105.8298302,21.0127845],[105.830017,21.0131906],[105.8303652,21.0138053],[105.8308237,21.0139926],[105.8312121,21.0136658],[105.8314723,21.0133147],[105.8318888,21.0128885],[105.8321253,21.012531],[105.830981,21.0114932]]]}},{"type":"Feature","properties":{"osm_id":677790992,"osm_type":"way","name":"Hồ câu Yên Mỹ","natural":"water","salt":"no","water":"reservoir"},"geometry":{"type":"Polygon","coordinates":[[[105.8754574,20.9516927],[105.8729898,20.9501848],[105.8732258,20.949789],[105.8737569,20.9493281],[105.874288,20.9497339],[105.8747815,20.9504803],[105.8757042,20.9514322],[105.8754574,20.9516927]]]}},{"type":"Feature","properties":{"osm_id":9735266,"osm_type":"relation","ele":"15","intermittent":"no","name":"Hồ Trúc Bạch","name:en":"Truc Bach Lake","name:id":"Danau Truc Bach","name:ko":"쮹박호","name:ru":"Озеро Truc Bach","name:vi":"Hồ Trúc Bạch","name:vi-Hani":"湖竹帛","name:zh":"竹帛湖","natural":"water","salt":"no","tidal":"no","type":"multipolygon","water":"lake","wikidata":"Q1320141","wikipedia":"vi:Hồ Trúc Bạch","role":"inner","member_type":"way","member_ref":700671937},"geometry":{"type":"Polygon","coordinates":[[[105.8417445,21.0462806],[105.8416052,21.0467655],[105.8413429,21.0471802],[105.8407135,21.0473197],[105.8402849,21.0471589],[105.8399043,21.0468341],[105.8400227,21.0462674],[105.8399986,21.045798],[105.8400911,21.0453349],[105.8404586,21.0449444],[105.8408931,21.0446365],[105.8413683,21.0447219],[105.8415855,21.0452431],[105.8417207,21.0459531],[105.8417445,21.0462806]]]}},{"type":"Feature","properties":{"osm_id":200614210,"osm_type":"way","name":"Hồ Bồ Đề","name:en":"Bo De Lake","name:zh":"菩提湖","natural":"water","water":"lake"},"geometry":{"type":"Polygon","coordinates":[[[105.8731258,21.0362042],[105.872141,21.0367228],[105.8715625,21.0370796],[105.8709164,21.0374996],[105.8705696,21.0377307],[105.8709846,21.0382823],[105.8713274,21.0380512],[105.8718258,21.0376337],[105.8725826,21.0371634],[105.8732619,21.0367531],[105.8732386,21.0362501],[105.8731258,21.0362042]]]}},{"type":"Feature","properties":{"osm_id":605459890,"osm_type":"way","alt_name":"Hồ Rùa","alt_name:en":"Rua Lake","name":"Hồ Không Quân","name:en":"Khong Quan Lake","natural":"water","water":"lake"},"geometry":{"type":"Polygon","coordinates":[[[105.8358869,20.9952831],[105.8362126,20.9948745],[105.8360199,20.9944834],[105.8360386,20.9940779],[105.83616,20.9935547],[105.8361974,20.993062],[105.8360246,20.9926086],[105.8356144,20.9926843],[105.8351326,20.9930989],[105.8346923,20.9934468],[105.834612,20.9939474],[105.8347589,20.9944755],[105.835184,20.9946752],[105.8356603,20.994867],[105.8358869,20.9952831]]]}},{"type":"Feature","properties":{"osm_id":16827837,"osm_type":"relation","name":"Hồ Vĩnh Hưng","name:en":"Vinh Hung Lake","natural":"water","type":"multipolygon","water":"lake","role":"outer","member_type":"way","member_ref":632693306},"geometry":{"type":"Polygon","coordinates":[[[105.8756329,20.9928321],[105.8746204,20.9929618],[105.8743591,20.9933631],[105.8750002,20.9936151],[105.8754868,20.9936334],[105.8762191,20.9936104],[105.8772575,20.9936811],[105.8771738,20.9927266],[105.8762528,20.9927275],[105.8756329,20.9928321]]]}},{"type":"Feature","properties":{"osm_id":167037245,"osm_type":"way","name":"Sông Sét","name:en":"Set River","waterway":"canal","wikidata":"Q10822959","wikipedia":"vi:Sông Sét"},"geometry":{"type":"LineString","coordinates":[[105.8452645,20.9952536],[105.8448205,20.9946162],[105.8444729,20.9941816],[105.8433423,20.9934148],[105.8429323,20.9928496],[105.8427898,20.9921708],[105.8429818,20.9915701],[105.8432964,20.9908249],[105.8436112,20.9900604],[105.8437291,20.9895492]]}},{"type":"Feature","properties":{"osm_id":15466172,"osm_type":"relation","name":"Hồ Tai Trâu","natural":"water","type":"multipolygon","water":"lake","role":"outer","member_type":"way","member_ref":704159178},"geometry":{"type":"Polygon","coordinates":[[[105.8706736,21.0475552],[105.8709167,21.0470885],[105.8700259,21.0466066],[105.8694063,21.04633],[105.8685909,21.0461028],[105.8679686,21.0461216],[105.8685896,21.0466679],[105.86913,21.0468894],[105.8698958,21.0472249],[105.8706736,21.0475552]]]}},{"type":"Feature","properties":{"osm_id":770328957,"osm_type":"way","name":"Hồ Hà Cầu","natural":"water"},"geometry":{"type":"Polygon","coordinates":[[[105.7787612,20.9606147],[105.7789975,20.9602024],[105.779002,20.9597361],[105.7787567,20.9594154],[105.7788058,20.9589407],[105.7790822,20.9586326],[105.779216,20.9582328],[105.7796574,20.9585202],[105.7800543,20.9586576],[105.7801256,20.9591448],[105.780032,20.9595945],[105.7799072,20.9600484],[105.7799607,20.9604689],[105.7791045,20.9606813],[105.7787612,20.9606147]]]}},{"type":"Feature","properties":{"osm_id":941450644,"osm_type":"way","name":"Đầm Chuối","name:en":"Chuoi Pond","natural":"water","water":"lake"},"geometry":{"type":"Polygon","coordinates":[[[105.8178423,20.9853923],[105.8184367,20.9858211],[105.8182854,20.9864902],[105.8179979,20.9881801],[105.8171041,20.9877804],[105.8178423,20.9853923]]]}},{"type":"Feature","properties":{"osm_id":11837692,"osm_type":"way","check_date":"2025-07-28","name":"Hồ Ngọc Khánh","name:en":"Ngọc Khánh Lake","natural":"water"},"geometry":{"type":"Polygon","coordinates":[[[105.81086,21.0282844],[105.8111845,21.0286328],[105.8119361,21.0287443],[105.8119066,21.0277826],[105.8116701,21.0270079],[105.8113934,21.0266352],[105.8106055,21.0266683],[105.8103311,21.0269804],[105.8102501,21.0274387],[105.8101711,21.027873],[105.8106717,21.0281685],[105.81086,21.0282844]]]}},{"type":"Feature","properties":{"osm_id":250707924,"osm_type":"way","name":"Hồ Văn Quán","natural":"water","water":"lake"},"geometry":{"type":"Polygon","coordinates":[[[105.7903588,20.9791497],[105.7899818,20.9789422],[105.7896543,20.9787095],[105.7898672,20.9783606],[105.7904194,20.9774559],[105.7908855,20.9768485],[105.7917061,20.9774063],[105.7915316,20.9778773],[105.7907468,20.9789838],[105.7903588,20.9791497]]]}},{"type":"Feature","properties":{"osm_id":10233838,"osm_type":"way","boat":"no","name":"Sông Sét","name:en":"Set River","waterway":"canal","wikidata":"Q10822959","wikipedia":"vi:Sông Sét"},"geometry":{"type":"LineString","coordinates":[[105.8365681,20.9942627],[105.8371511,20.9942015],[105.8377176,20.9941133],[105.8383699,20.9940092],[105.8388506,20.9939371],[105.8393999,20.9936165],[105.8396917,20.9929755],[105.8397861,20.9925748],[105.8400456,20.9921362],[105.8403955,20.9917815],[105.8408161,20.991533],[105.8414169,20.991501],[105.8415489,20.9914448]]}},{"type":"Feature","properties":{"osm_id":179993973,"osm_type":"way","name":"Đầm Sòi","name:en":"Soi Pond","natural":"water","water":"lake"},"geometry":{"type":"Polygon","coordinates":[[[105.8298604,20.9928405],[105.829477,20.9927028],[105.8291538,20.9924456],[105.8290465,20.9920351],[105.8293329,20.9914627],[105.830065,20.990968],[105.830526,20.9906401],[105.8307696,20.9911288],[105.8308676,20.9915442],[105.8308625,20.9919463],[105.8306584,20.9924593],[105.8302718,20.9927437],[105.8298604,20.9928405]]]}},{"type":"Feature","properties":{"osm_id":659860841,"osm_type":"way","name":"Hồ Hòa Bình","natural":"water","water":"lake"},"geometry":{"type":"Polygon","coordinates":[[[105.9260264,21.0832963],[105.9265602,21.0834315],[105.9270054,21.083509],[105.9272951,21.0832062],[105.9268633,21.0828984],[105.9264663,21.0827232],[105.925675,21.082538],[105.9246397,21.0822552],[105.924975,21.0826131],[105.9254497,21.0826406],[105.9257126,21.0829484],[105.9260264,21.0832963]]]}},{"type":"Feature","properties":{"osm_id":148202945,"osm_type":"way","alt_name":"Hồ Láng Thượng;Hồ Quan Hệ","name":"Hồ Láng","name:en":"Lang Lake","natural":"water","source":"grab_hanoi_2018_t3","water":"lake"},"geometry":{"type":"Polygon","coordinates":[[[105.8059839,21.0247725],[105.806009,21.0253619],[105.8061325,21.0257588],[105.80651,21.0260081],[105.806821,21.0256018],[105.8067176,21.0252148],[105.8068029,21.0244335],[105.8067777,21.0239742],[105.8067222,21.023544],[105.8063062,21.0235507],[105.8063773,21.024044],[105.8064137,21.0247003],[105.8059839,21.0247725]]]}},{"type":"Feature","properties":{"osm_id":646795697,"osm_type":"way","name":"Hồ Đồng Khuyến","name:en":"Dong Khuyen Lake","natural":"water","water":"lake"},"geometry":{"type":"Polygon","coordinates":[[[105.8701798,20.9708637],[105.8700924,20.9712802],[105.8704261,20.9715374],[105.8706734,20.9719198],[105.871195,20.9722054],[105.8717742,20.972307],[105.871829,20.9718491],[105.8720486,20.9714866],[105.8722452,20.9710933],[105.8717491,20.9709748],[105.8712302,20.9706604],[105.8705328,20.9706438],[105.8701798,20.9708637]]]}},{"type":"Feature","properties":{"osm_id":250707925,"osm_type":"way","name":"Hồ Văn Quán","natural":"water","water":"lake"},"geometry":{"type":"Polygon","coordinates":[[[105.7910585,20.9767091],[105.7910757,20.9762868],[105.7919265,20.9748464],[105.7925554,20.9751921],[105.7927696,20.975591],[105.7926255,20.9761666],[105.7923334,20.9765317],[105.7918814,20.9771529],[105.7910585,20.9767091]]]}},{"type":"Feature","properties":{"osm_id":1434561631,"osm_type":"way","alt_name":"Kênh bao hồ Yên Sở","name":"Sông Kim Ngưu","name:en":"Kim Nguu River","waterway":"canal","wikidata":"Q16481158"},"geometry":{"type":"LineString","coordinates":[[105.8501145,20.9597203],[105.8507293,20.9586663],[105.8531289,20.9545078]]}},{"type":"Feature","properties":{"osm_id":1134239160,"osm_type":"way","name":"Kênh tiêu Bắc Quốc lộ 5","waterway":"canal"},"geometry":{"type":"LineString","coordinates":[[105.9460314,21.0184663],[105.9449019,21.0171448],[105.9483281,21.0146271]]}},{"type":"Feature","properties":{"osm_id":646788062,"osm_type":"way","name":"Hồ Thanh Việt","name:en":"Thanh Viet Lake","natural":"water","water":"lake"},"geometry":{"type":"Polygon","coordinates":[[[105.8655995,20.9806213],[105.8651718,20.9804314],[105.8652989,20.9797856],[105.8653918,20.9793879],[105.8662449,20.9794682],[105.8667231,20.9795287],[105.867172,20.9795746],[105.8671585,20.9802021],[105.8670888,20.9806178],[105.8663238,20.9808403],[105.8657178,20.9806532],[105.8655995,20.9806213]]]}},{"type":"Feature","properties":{"osm_id":704250701,"osm_type":"way","name":"Hồ Lâm Du","natural":"water","water":"lake"},"geometry":{"type":"Polygon","coordinates":[[[105.8751972,21.034718],[105.8756049,21.0344039],[105.876317,21.0339582],[105.8767951,21.0336353],[105.8772035,21.033497],[105.8773839,21.0339038],[105.8771901,21.0342862],[105.8762714,21.034887],[105.8754466,21.03524],[105.8751261,21.0349071],[105.8751972,21.034718]]]}},{"type":"Feature","properties":{"osm_id":251794099,"osm_type":"way","name":"Hồ Vĩnh Hoàng","name:en":"Vinh Hoang Lake","natural":"water","water":"lake"},"geometry":{"type":"Polygon","coordinates":[[[105.8676088,20.9851883],[105.8671558,20.9852619],[105.8667532,20.9851074],[105.8668545,20.9847043],[105.8667502,20.9843169],[105.8671704,20.984073],[105.8675857,20.984141],[105.8682132,20.9841303],[105.8686585,20.9841044],[105.868762,20.9846255],[105.8687789,20.9850341],[105.8683831,20.985275],[105.8678097,20.9852246],[105.8676088,20.9851883]]]}},{"type":"Feature","properties":{"osm_id":196084596,"osm_type":"way","name":"Ao Chùa","natural":"water"},"geometry":{"type":"Polygon","coordinates":[[[105.8213234,21.0594512],[105.8216148,21.0587557],[105.8221485,21.0590385],[105.8226108,21.0594011],[105.823259,21.0598119],[105.8235111,21.0603726],[105.8229717,21.060492],[105.8223105,21.0599718],[105.8213234,21.0594512]]]}},{"type":"Feature","properties":{"osm_id":136160941,"osm_type":"way","name":"Hồ Kim Liên","natural":"water","water":"lake"},"geometry":{"type":"Polygon","coordinates":[[[105.8370306,21.0062895],[105.8374409,21.0064317],[105.8374724,21.0059875],[105.8376463,21.0052749],[105.8376301,21.0047322],[105.8374464,21.0043687],[105.837056,21.0040621],[105.8369434,21.0045831],[105.8367846,21.0051989],[105.8366252,21.0056882],[105.8370306,21.0062895]]]}},{"type":"Feature","properties":{"osm_id":649534651,"osm_type":"way","name":"Ao Rồng","natural":"water"},"geometry":{"type":"Polygon","coordinates":[[[105.9401442,21.0989796],[105.9406163,21.0989421],[105.9407142,21.0984929],[105.9407504,21.0978448],[105.9407786,21.0974094],[105.94068,21.0969896],[105.9399605,21.0968407],[105.9399015,21.0972436],[105.9399316,21.0976471],[105.939886,21.0980675],[105.939939,21.0986399],[105.9401442,21.0989796]]]}},{"type":"Feature","properties":{"osm_id":1123691889,"osm_type":"way","name":"Sông Tô Lịch","name:en":"To Lich River","waterway":"river"},"geometry":{"type":"LineString","coordinates":[[105.842975,20.9511351],[105.8428043,20.9507157],[105.8429183,20.950013],[105.8434669,20.94868],[105.8436975,20.9476666],[105.84394,20.9464067],[105.8438741,20.9460016]]}},{"type":"Feature","properties":{"osm_id":1098119906,"osm_type":"way","name":"Sông Nhuệ","name:en":"Nhue River","name:id":"Sungai Nhue","name:ko":"뉘에강","name:ru":"Ньюе","name:vi":"Sông Nhuệ","name:zh":"锐江","tunnel":"no","waterway":"river"},"geometry":{"type":"LineString","coordinates":[[105.784743,20.9681335],[105.7868077,20.9647595],[105.7869365,20.9640582],[105.7867796,20.9634634]]}},{"type":"Feature","properties":{"osm_id":477418162,"osm_type":"way","boat":"no","name":"Sông Lừ","name:en":"Lu River","waterway":"canal","wikidata":"Q10822892","wikipedia":"vi:Sông_Lừ"},"geometry":{"type":"LineString","coordinates":[[105.8322571,21.0069858],[105.832429,21.0065617],[105.8325992,21.0060167],[105.8326308,21.0055006],[105.8325798,21.0050696],[105.8324429,21.0044727],[105.8323495,21.0039725],[105.832366,21.0035249],[105.8325516,21.0030549],[105.8328041,21.002684],[105.8330658,21.002372],[105.8333769,21.0021718]]}},{"type":"Feature","properties":{"osm_id":660703572,"osm_type":"way","name":"Hồ Ba Góc","natural":"water","water":"lake"},"geometry":{"type":"Polygon","coordinates":[[[105.9053687,21.0829672],[105.9062813,21.0822527],[105.9066541,21.0818441],[105.9067742,21.0814575],[105.9063926,21.0816683],[105.9059018,21.081637],[105.9053372,21.0817497],[105.9049442,21.0819123],[105.9049161,21.0823215],[105.9052286,21.0828583],[105.9053687,21.0829672]]]}},{"type":"Feature","properties":{"osm_id":1478627287,"osm_type":"way","name":"Kênh Cầu Gạo","name:en":"Cau Gao Canal","waterway":"canal"},"geometry":{"type":"LineString","coordinates":[[105.8637616,20.9854681],[105.8641342,20.985617],[105.8646392,20.9858757],[105.8651802,20.9860651],[105.8657518,20.9862041],[105.8661938,20.9862469],[105.8672263,20.9861927],[105.8679893,20.9862928],[105.868552,20.9865021],[105.8687767,20.9865994]]}},{"type":"Feature","properties":{"osm_id":646801722,"osm_type":"way","name":"Ao cá Bác Hồ (Yên Duyên)","name:en":"Uncle Ho's fish Lake (Yen Duyen)","natural":"water","water":"lake"},"geometry":{"type":"Polygon","coordinates":[[[105.8698015,20.9699496],[105.8704317,20.96989],[105.8709615,20.9692871],[105.8711908,20.9689379],[105.8713713,20.9684577],[105.8710148,20.9682714],[105.8705993,20.9681287],[105.8704547,20.9685834],[105.8702748,20.9691742],[105.8698015,20.9699496]]]}},{"type":"Feature","properties":{"osm_id":15676016,"osm_type":"relation","name":"Hồ sinh thái Gamuda City","name:en":"Gamuda City Ecological Lake","natural":"water","type":"multipolygon","water":"pond","role":"outer","member_type":"way","member_ref":702651471},"geometry":{"type":"Polygon","coordinates":[[[105.8577082,20.9615601],[105.8576334,20.9610674],[105.8578561,20.9606264],[105.8583433,20.9604176],[105.8588897,20.9605528],[105.8592586,20.9609889],[105.8592026,20.9615471],[105.8588897,20.961957],[105.8584227,20.962018],[105.8578436,20.9619352],[105.8577082,20.9615601]]]}},{"type":"Feature","properties":{"osm_id":218427767,"osm_type":"way","name":"Đầm Hồng","name:en":"Hong Pond","natural":"water","water":"lake"},"geometry":{"type":"Polygon","coordinates":[[[105.8224296,20.9938289],[105.8224108,20.9943297],[105.8236467,20.9947675],[105.8243412,20.9945672],[105.8243365,20.9938852],[105.8238617,20.9938082],[105.8230484,20.9937168],[105.8224296,20.9938289]]]}},{"type":"Feature","properties":{"osm_id":1130942480,"osm_type":"way","name":"Đầm Bầu","name:en":"Bau Pond","natural":"water"},"geometry":{"type":"Polygon","coordinates":[[[105.886859,20.9735192],[105.8866651,20.9739448],[105.8861756,20.9739547],[105.8857463,20.9740377],[105.8856283,20.9735732],[105.8853534,20.9732376],[105.88512,20.9727079],[105.8857552,20.9725259],[105.8861673,20.9726584],[105.8864328,20.9729604],[105.8866805,20.9733344],[105.886859,20.9735192]]]}},{"type":"Feature","properties":{"osm_id":25937203,"osm_type":"way","name":"Hồ Kim Đồng","name:en":"Kim Dong Lake","natural":"water","water":"pond"},"geometry":{"type":"Polygon","coordinates":[[[105.8432108,20.9812021],[105.8425756,20.981715],[105.8423445,20.9822518],[105.8423444,20.9830407],[105.8432795,20.9830373],[105.8432795,20.9820917],[105.843434,20.9813944],[105.8432108,20.9812021]]]}},{"type":"Feature","properties":{"osm_id":909862069,"osm_type":"way","name":"Hồ Đầm Biển","natural":"water","water":"lake"},"geometry":{"type":"Polygon","coordinates":[[[105.9190893,20.9855876],[105.9184423,20.9855445],[105.9182667,20.985904],[105.9182436,20.9863318],[105.9181623,20.9867417],[105.9180363,20.987239],[105.9185201,20.9874857],[105.9188738,20.9872048],[105.9189673,20.9865216],[105.9190893,20.9855876]]]}},{"type":"Feature","properties":{"osm_id":469903418,"osm_type":"way","name":"Hồ Đầu Băng","natural":"water","water":"lake"},"geometry":{"type":"Polygon","coordinates":[[[105.888037,21.0272256],[105.8886623,21.0267921],[105.8886753,21.0260008],[105.8885026,21.0254365],[105.887492,21.0256835],[105.8879687,21.0263741],[105.8877749,21.0268625],[105.888037,21.0272256]]]}},{"type":"Feature","properties":{"osm_id":384671208,"osm_type":"way","name":"Hồ Thạch Bàn","natural":"water"},"geometry":{"type":"Polygon","coordinates":[[[105.9112086,21.0299496],[105.9115172,21.0302511],[105.9119013,21.0299412],[105.912341,21.0298667],[105.9126497,21.0296104],[105.9123437,21.0293005],[105.9120664,21.028978],[105.9116491,21.0291195],[105.9114365,21.029509],[105.9111206,21.0292376],[105.9108846,21.0295643],[105.9111996,21.0298357],[105.9112086,21.0299496]]]}},{"type":"Feature","properties":{"osm_id":1446967922,"osm_type":"way","name":"Hồ Cảnh Quan","natural":"water","water":"lake"},"geometry":{"type":"LineString","coordinates":[[105.8576874,21.0987447],[105.859039,21.096792],[105.8576874,21.0987447]]}},{"type":"Feature","properties":{"osm_id":15466172,"osm_type":"relation","name":"Hồ Tai Trâu","natural":"water","type":"multipolygon","water":"lake","role":"outer","member_type":"way","member_ref":1144267131},"geometry":{"type":"Polygon","coordinates":[[[105.8710975,21.0477289],[105.8715454,21.047671],[105.8720255,21.0477549],[105.872861,21.0481649],[105.8733626,21.0483025],[105.8721636,21.0481386],[105.8713911,21.0478357],[105.8710975,21.0477289]]]}},{"type":"Feature","properties":{"osm_id":910050112,"osm_type":"way","name":"Hồ Tư Đình","natural":"water","water":"pond"},"geometry":{"type":"Polygon","coordinates":[[[105.8832875,21.0304526],[105.8828611,21.0303773],[105.8823475,21.030316],[105.8820356,21.0305732],[105.8822361,21.0310408],[105.8824534,21.0314714],[105.8827164,21.0317902],[105.8835528,21.03147],[105.8835419,21.0309291],[105.8833354,21.0305268],[105.8832875,21.0304526]]]}},{"type":"Feature","properties":{"osm_id":1463237407,"osm_type":"way","name":"Hồ câu Trịnh Sỹ","name:en":"Trinh Sy Fishing Lake","natural":"water"},"geometry":{"type":"Polygon","coordinates":[[[105.8610197,20.9762863],[105.8608656,20.9758197],[105.8613046,20.9757914],[105.8619444,20.9757173],[105.8626846,20.9756737],[105.862806,20.9760683],[105.8610197,20.9762863]]]}},{"type":"Feature","properties":{"osm_id":200614207,"osm_type":"way","name":"Hồ Hàng Không","natural":"water","water":"lake"},"geometry":{"type":"Polygon","coordinates":[[[105.8794603,21.0432606],[105.8802988,21.0425291],[105.8813116,21.0434743],[105.8809097,21.0436239],[105.8805071,21.0434592],[105.8800345,21.0434733],[105.8795515,21.0433712],[105.8794603,21.0432606]]]}},{"type":"Feature","properties":{"osm_id":10238737,"osm_type":"way","boat":"no","name":"Kênh bao hồ Yên Sở","waterway":"canal"},"geometry":{"type":"LineString","coordinates":[[105.8658438,20.9731426],[105.8659161,20.9727374],[105.8658713,20.9721738],[105.8653282,20.9715851],[105.8649603,20.9712657],[105.8642393,20.9706005],[105.8634236,20.9698463],[105.863381,20.969807]]}},{"type":"Feature","properties":{"osm_id":505717901,"osm_type":"way","name":"Ao cá Bác Hồ (Vĩnh Tuy)","name:en":"Uncle Ho's fish Pond (Vinh Tuy)","natural":"water","old_name":"Hồ Dương Văn Bé","old_name:en":"Duong Van Be Lake","salt":"no","water":"lake"},"geometry":{"type":"Polygon","coordinates":[[[105.8720871,20.995393],[105.8722019,20.9949406],[105.8724123,20.9945847],[105.8728447,20.9945942],[105.8733449,20.9946923],[105.8736897,20.9950859],[105.873666,20.9955093],[105.8730874,20.9955408],[105.8726005,20.9955235],[105.8721861,20.9955087],[105.8720871,20.995393]]]}},{"type":"Feature","properties":{"osm_id":570589075,"osm_type":"way","addr:city":"Hà Nội","addr:district":"Từ Liêm","addr:street":"Viên","addr:subdistrict":"Cổ Nhuế","name":"Hồ câu Hùng Thông","natural":"water","source":"grab_hanoi_2018_t4","water":"lake"},"geometry":{"type":"Polygon","coordinates":[[[105.7731386,21.0666013],[105.7731955,21.0660095],[105.7732199,21.0656073],[105.7732606,21.0650307],[105.7739435,21.0650231],[105.7738297,21.0659412],[105.7737484,21.0664192],[105.7733175,21.0666165],[105.7731386,21.0666013]]]}},{"type":"Feature","properties":{"osm_id":28486136,"osm_type":"way","name":"Hồ Sài Đồng","natural":"water"},"geometry":{"type":"Polygon","coordinates":[[[105.8998508,21.0370635],[105.8992669,21.037469],[105.8988967,21.0379222],[105.8986429,21.038335],[105.8990773,21.0384166],[105.8994258,21.0381043],[105.8997589,21.0378369],[105.9001838,21.0377532],[105.8998508,21.0370635]]]}},{"type":"Feature","properties":{"osm_id":914297392,"osm_type":"way","name":"Hồ Sen","natural":"water","water":"lake"},"geometry":{"type":"Polygon","coordinates":[[[105.8863052,21.0467253],[105.8866587,21.0465312],[105.8870414,21.0463847],[105.8871528,21.0459461],[105.8867822,21.0455128],[105.8864325,21.0457176],[105.8860166,21.0456616],[105.8856313,21.0458057],[105.8857818,21.0463523],[105.8861557,21.0465357],[105.8863052,21.0467253]]]}},{"type":"Feature","properties":{"osm_id":136557902,"osm_type":"way","name":"Hồ Thanh Nhàn","name:en":"Thanh Nhan Lake","name:ko":"타인냔호","name:zh":"清闲湖","natural":"water"},"geometry":{"type":"Polygon","coordinates":[[[105.8560243,21.007722],[105.8558714,21.0081076],[105.855107,21.0074265],[105.8550775,21.0070059],[105.8554342,21.0067755],[105.8560189,21.0069132],[105.8564561,21.0069533],[105.856424,21.0073689],[105.8560592,21.0076444],[105.8560243,21.007722]]]}},{"type":"Feature","properties":{"osm_id":465069890,"osm_type":"way","boat":"no","layer":"-1","name":"Sông Lừ","name:en":"Lu River","waterway":"canal","wikidata":"Q10822892","wikipedia":"vi:Sông_Lừ"},"geometry":{"type":"LineString","coordinates":[[105.8333769,21.0021718],[105.8339184,21.0018471],[105.8343771,21.0015872],[105.8347665,21.0010486],[105.8350716,21.0005504],[105.8353607,20.9999827],[105.8356842,20.9994678],[105.8359378,20.9989305]]}},{"type":"Feature","properties":{"osm_id":384671203,"osm_type":"way","name":"Hồ Thạch Bàn","natural":"water"},"geometry":{"type":"Polygon","coordinates":[[[105.9100509,21.028387],[105.9103473,21.0281014],[105.9104463,21.0276894],[105.9108234,21.0274645],[105.9111758,21.0277144],[105.9114181,21.0280777],[105.9112228,21.0284713],[105.9108073,21.0285451],[105.9105977,21.0289007],[105.910225,21.0287169],[105.9100509,21.028387]]]}},{"type":"Feature","properties":{"osm_id":704641287,"osm_type":"way","boat":"no","layer":"-1","name":"Sông Lừ","name:en":"Lu River","waterway":"canal","wikidata":"Q10822892","wikipedia":"vi:Sông_Lừ"},"geometry":{"type":"LineString","coordinates":[[105.8359378,20.9989305],[105.8361866,20.9983192],[105.8363712,20.9978349],[105.8364486,20.9972106],[105.8364544,20.9965067],[105.8364826,20.9960829],[105.8365039,20.995531],[105.8365239,20.9950688],[105.8365352,20.9949426]]}},{"type":"Feature","properties":{"osm_id":37764672,"osm_type":"way","name":"Hồ Văn Chương","natural":"water","water":"lake"},"geometry":{"type":"Polygon","coordinates":[[[105.8335903,21.0222204],[105.8339521,21.0220466],[105.8340119,21.0215464],[105.8340484,21.0209947],[105.8335855,21.0207508],[105.8331943,21.0213077],[105.8331448,21.0217731],[105.8330965,21.0221873],[105.8335121,21.0221782],[105.8335903,21.0222204]]]}},{"type":"Feature","properties":{"osm_id":1434561633,"osm_type":"way","alt_name":"Kênh bao hồ Yên Sở","name":"Sông Kim Ngưu","name:en":"Kim Nguu River","waterway":"canal","wikidata":"Q16481158"},"geometry":{"type":"LineString","coordinates":[[105.849592,20.965276],[105.8495955,20.9647566],[105.8496296,20.9612655]]}},{"type":"Feature","properties":{"osm_id":351035447,"osm_type":"way","name":"Hồ Phú Diễn","natural":"water","water":"lake"},"geometry":{"type":"Polygon","coordinates":[[[105.7637204,21.0551216],[105.7633046,21.0549639],[105.7629801,21.0545684],[105.7634066,21.0545358],[105.7629989,21.0545033],[105.7635836,21.0538625],[105.7637338,21.054293],[105.7638545,21.0549689],[105.7637204,21.0551216]]]}},{"type":"Feature","properties":{"osm_id":28486356,"osm_type":"way","name":"Ao đình Thuận Tốn","natural":"water"},"geometry":{"type":"Polygon","coordinates":[[[105.927537,20.9889381],[105.9270814,20.9893767],[105.927021,20.9900245],[105.9268659,20.9904026],[105.9272304,20.9905677],[105.927592,20.9903449],[105.9276392,20.9898384],[105.927418,20.9894512],[105.9275438,20.9890213],[105.927537,20.9889381]]]}},{"type":"Feature","properties":{"osm_id":28485974,"osm_type":"way","name":"Hồ vườn hoa Ngọc Lâm","natural":"water","water":"lake"},"geometry":{"type":"Polygon","coordinates":[[[105.8770328,21.0484592],[105.8765911,21.048248],[105.8760706,21.0482736],[105.8761919,21.0487093],[105.8773738,21.0492754],[105.8776499,21.0489534],[105.8770328,21.0484592]]]}},{"type":"Feature","properties":{"osm_id":1098119916,"osm_type":"way","name":"Sông Nhuệ","name:en":"Nhue River","name:id":"Sungai Nhue","name:ko":"뉘에강","name:ru":"Ньюе","name:vi":"Sông Nhuệ","name:zh":"锐江","tunnel":"no","waterway":"river"},"geometry":{"type":"LineString","coordinates":[[105.7823718,20.971068],[105.7835128,20.9703089],[105.7840611,20.9697487],[105.7844044,20.9692077],[105.7844044,20.9686868],[105.784743,20.9681335]]}},{"type":"Feature","properties":{"osm_id":536156948,"osm_type":"way","name":"Hồ Phương Liệt","name:en":"Phuong Liet Lake","natural":"water","old_name":"Hồ Sen","old_name:en":"Sen Lake","water":"lake"},"geometry":{"type":"Polygon","coordinates":[[[105.8380178,20.9945647],[105.8382994,20.9942605],[105.8388387,20.9941924],[105.839721,20.9948887],[105.8391438,20.9950846],[105.8387398,20.9949942],[105.8384027,20.9947011],[105.8380178,20.9945647]]]}},{"type":"Feature","properties":{"osm_id":20251176,"osm_type":"relation","name":"Hồ Đại Từ","name:en":"Dai Tu Lake","natural":"water","type":"multipolygon","water":"pond","role":"outer","member_type":"way","member_ref":1053943223},"geometry":{"type":"Polygon","coordinates":[[[105.8331862,20.9708459],[105.8332375,20.9703916],[105.8345479,20.9708373],[105.8347758,20.9712331],[105.8339987,20.9711328],[105.8335439,20.9709579],[105.8331862,20.9708459]]]}},{"type":"Feature","properties":{"osm_id":244395011,"osm_type":"way","name":"Hồ Khoan Tế","natural":"water","water":"lake"},"geometry":{"type":"Polygon","coordinates":[[[105.9299479,20.9835713],[105.9293134,20.9834944],[105.9290734,20.9842244],[105.9289339,20.9846426],[105.9293362,20.9848893],[105.9296098,20.9842958],[105.9298834,20.9837787],[105.9299479,20.9835713]]]}},{"type":"Feature","properties":{"osm_id":711131156,"osm_type":"way","boat":"no","name":"Sông Lừ","name:en":"Lu River","source":"grab_hanoi_2018_t2","waterway":"canal","wikidata":"Q10822892","wikipedia":"vi:Sông_Lừ"},"geometry":{"type":"LineString","coordinates":[[105.8302355,21.0096615],[105.8299816,21.0091624],[105.8300247,21.0086972],[105.8304702,21.0084367],[105.8308853,21.0082583],[105.8313751,21.0080562],[105.8317142,21.0077992],[105.8319833,21.0073851],[105.8321016,21.0071863]]}},{"type":"Feature","properties":{"osm_id":1368344174,"osm_type":"way","intermittent":"yes","name":"Pond of Red River","natural":"water","water":"pond"},"geometry":{"type":"Polygon","coordinates":[[[105.8352626,21.0795144],[105.8347986,21.0794143],[105.8343909,21.079537],[105.8339081,21.0797547],[105.8336345,21.0800575],[105.8342085,21.080045],[105.834627,21.0797722],[105.8350212,21.079587],[105.8352626,21.0795144]]]}},{"type":"Feature","properties":{"osm_id":1493788043,"osm_type":"way","name":"Hồ câu Tít Mít","name:en":"Tit Mit Fishing Lake","natural":"water","water":"pond"},"geometry":{"type":"Polygon","coordinates":[[[105.881029,20.9799234],[105.881565,20.9797118],[105.8814045,20.9793274],[105.8811413,20.9787222],[105.8805237,20.9788457],[105.881029,20.9799234]]]}},{"type":"Feature","properties":{"osm_id":632693305,"osm_type":"way","name":"Hồ Cần","name:en":"Can Lake","natural":"water","water":"lake"},"geometry":{"type":"Polygon","coordinates":[[[105.8751008,20.9960837],[105.875581,20.9960721],[105.8755584,20.9965828],[105.8756826,20.9971823],[105.8751315,20.9972758],[105.8750387,20.9966487],[105.875005,20.9962357],[105.8751008,20.9960837]]]}},{"type":"Feature","properties":{"osm_id":1034763695,"osm_type":"way","intermittent":"no","name":"Ao Lão","natural":"water","water":"reservoir"},"geometry":{"type":"Polygon","coordinates":[[[105.8690399,21.0626171],[105.8694336,21.063005],[105.8699083,21.063291],[105.8700773,21.0637203],[105.8701604,21.0632998],[105.8697943,21.0629619],[105.8694007,21.0626008],[105.8690399,21.0626171]]]}},{"type":"Feature","properties":{"osm_id":196063551,"osm_type":"way","name":"Hồ Hào Nam","natural":"water"},"geometry":{"type":"Polygon","coordinates":[[[105.8268551,21.0267352],[105.826975,21.0271799],[105.8270916,21.0275901],[105.8274552,21.0278746],[105.8274666,21.0274331],[105.8275062,21.0269034],[105.8274504,21.0265047],[105.8268614,21.0266952],[105.8268551,21.0267352]]]}},{"type":"Feature","properties":{"osm_id":196063552,"osm_type":"way","name":"Hồ Đầm Tròn","name:ko":"담쫀호","natural":"water","water":"lake"},"geometry":{"type":"Polygon","coordinates":[[[105.8282445,21.0359862],[105.8281048,21.0355262],[105.828357,21.0351616],[105.8288366,21.0352367],[105.8292169,21.0354488],[105.8292002,21.0359873],[105.8284482,21.0360977],[105.8282445,21.0359862]]]}},{"type":"Feature","properties":{"osm_id":697791106,"osm_type":"way","name":"Hồ Ngọc Hà","name:en":"Ngoc Ha Lake","name:id":"Danau Ngoc Ha","name:zh":"玉河湖","natural":"water","water":"lake"},"geometry":{"type":"Polygon","coordinates":[[[105.8292093,21.0380216],[105.8294716,21.0375388],[105.8290602,21.0375616],[105.8290096,21.0370325],[105.829439,21.037039],[105.8295617,21.0374965],[105.8295943,21.0379268],[105.8292483,21.0381334],[105.8292093,21.0380216]]]}},{"type":"Feature","properties":{"osm_id":11707543,"osm_type":"way","name":"Hồ Hai Bà Trưng","name:de":"Hai Ba Trung See","name:en":"Hai Bà Trưng Lake","natural":"water","water":"lake"},"geometry":{"type":"Polygon","coordinates":[[[105.8561017,21.0127529],[105.8565391,21.012709],[105.8566896,21.0123171],[105.8566315,21.0118616],[105.8563466,21.0115604],[105.8559147,21.0117043],[105.8558327,21.0122259],[105.8559483,21.0126364],[105.8561017,21.0127529]]]}},{"type":"Feature","properties":{"osm_id":179995744,"osm_type":"way","intermittent":"no","name":"Hồ Hố Mẻ","natural":"water","salt":"no","tidal":"no","water":"lake"},"geometry":{"type":"Polygon","coordinates":[[[105.8296755,21.0017017],[105.829389,21.0010319],[105.830116,21.000617],[105.8305032,21.001277],[105.8299498,21.0016928],[105.8296755,21.0017017]]]}},{"type":"Feature","properties":{"osm_id":156006492,"osm_type":"way","alt_name":"Hồ Tân Mai","name":"Hồ Nguyễn Chính","name:en":"Nguyen Chinh Lake","natural":"water"},"geometry":{"type":"Polygon","coordinates":[[[105.8475673,20.9804651],[105.8472279,20.9799723],[105.8468925,20.9797271],[105.8464494,20.9796737],[105.84689,20.9794689],[105.8473555,20.9797472],[105.8474965,20.9801887],[105.8475673,20.9804651]]]}},{"type":"Feature","properties":{"osm_id":200614215,"osm_type":"way","name":"Hồ Phi Trường","natural":"water","water":"lake"},"geometry":{"type":"Polygon","coordinates":[[[105.8822,21.0374186],[105.8825677,21.0376046],[105.8827707,21.0372136],[105.8824872,21.0364497],[105.8819265,21.036585],[105.8818653,21.0370542],[105.8822,21.0374186]]]}},{"type":"Feature","properties":{"osm_id":548077228,"osm_type":"way","name":"Yen So Lake","natural":"water","water":"lake"},"geometry":{"type":"Polygon","coordinates":[[[105.8531719,20.9556757],[105.8531283,20.9564052],[105.8542267,20.9558942],[105.8537905,20.9555017],[105.8531719,20.9556757]]]}},{"type":"Feature","properties":{"osm_id":16827837,"osm_type":"relation","name":"Hồ Vĩnh Hưng","name:en":"Vinh Hung Lake","natural":"water","type":"multipolygon","water":"lake","role":"outer","member_type":"way","member_ref":632693302},"geometry":{"type":"Polygon","coordinates":[[[105.8774194,20.9936141],[105.8779336,20.993641],[105.8781549,20.9930733],[105.8780465,20.9926172],[105.8775082,20.9926463],[105.8773447,20.9931018],[105.8774194,20.9936141]]]}},{"type":"Feature","properties":{"osm_id":1098119917,"osm_type":"way","name":"Sông Nhuệ","name:en":"Nhue River","name:id":"Sungai Nhue","name:ko":"뉘에강","name:ru":"Ньюе","name:vi":"Sông Nhuệ","name:zh":"锐江","tunnel":"no","waterway":"river"},"geometry":{"type":"LineString","coordinates":[[105.7806529,20.9735505],[105.7809561,20.9726849],[105.7811415,20.9723063],[105.7814477,20.9718151],[105.7817797,20.971493],[105.7823718,20.971068]]}},{"type":"Feature","properties":{"osm_id":251611632,"osm_type":"way","name":"Hồ trước đình Bằng A","natural":"water","water":"pond"},"geometry":{"type":"Polygon","coordinates":[[[105.822293,20.9627239],[105.8222883,20.9622204],[105.8221147,20.9617399],[105.8219641,20.961275],[105.8219956,20.961786],[105.8219525,20.9622003],[105.822293,20.9627239]]]}},{"type":"Feature","properties":{"osm_id":11707674,"osm_type":"way","name":"Hồ Thanh Nhàn","name:en":"Thanh Nhan Lake","name:ko":"타인냔호","name:zh":"清闲湖","natural":"water"},"geometry":{"type":"Polygon","coordinates":[[[105.8537449,21.0075629],[105.854213,21.0075504],[105.8544691,21.0072386],[105.8544382,21.006828],[105.8540927,21.0065912],[105.8536372,21.0066914],[105.8536363,21.0071823],[105.8537449,21.0075629]]]}},{"type":"Feature","properties":{"osm_id":1098119923,"osm_type":"way","name":"Sông Nhuệ","name:en":"Nhue River","name:id":"Sungai Nhue","name:ko":"뉘에강","name:ru":"Ньюе","name:vi":"Sông Nhuệ","name:zh":"锐江","tunnel":"no","waterway":"river"},"geometry":{"type":"LineString","coordinates":[[105.7798131,20.977335],[105.7800117,20.9753948],[105.7801411,20.9748351],[105.7803292,20.9743631]]}},{"type":"Feature","properties":{"osm_id":18099172,"osm_type":"relation","name":"Hồ Linh Quang","natural":"water","type":"multipolygon","role":"outer","member_type":"way","member_ref":9964344},"geometry":{"type":"LineString","coordinates":[[105.8374872,21.0219041],[105.8371137,21.022231],[105.8372993,21.0228768],[105.8377636,21.0231792],[105.8383102,21.023338],[105.8387626,21.0230351],[105.8386959,21.0228507]]}},{"type":"Feature","properties":{"osm_id":914297393,"osm_type":"way","name":"Hồ Sen","natural":"water","water":"lake"},"geometry":{"type":"Polygon","coordinates":[[[105.8855831,21.0454095],[105.8859409,21.045206],[105.8864003,21.045156],[105.8866197,21.0447773],[105.8860787,21.0445427],[105.8856857,21.0447606],[105.8855693,21.0451491],[105.8855831,21.0454095]]]}},{"type":"Feature","properties":{"osm_id":977795571,"osm_type":"way","name":"Hồ Không Lực","name:en":"Khong Luc Lake","natural":"water","water":"lake"},"geometry":{"type":"Polygon","coordinates":[[[105.8295239,20.9990117],[105.8301578,20.9988432],[105.8305331,20.9996302],[105.8300476,20.9997992],[105.8295239,20.9990117]]]}},{"type":"Feature","properties":{"osm_id":384671198,"osm_type":"way","name":"Hồ Trung Tâm","natural":"water","salt":"no","water":"lake"},"geometry":{"type":"Polygon","coordinates":[[[105.9053321,21.0373796],[105.9056963,21.037645],[105.9060999,21.037658],[105.9063778,21.0373702],[105.9061938,21.0369189],[105.9056938,21.0369461],[105.9052661,21.037106],[105.9053321,21.0373796]]]}},{"type":"Feature","properties":{"osm_id":1021336556,"osm_type":"way","name":"Hồ Quạt Rẻ","natural":"water","water":"pond"},"geometry":{"type":"Polygon","coordinates":[[[105.8064137,20.9892693],[105.8068459,20.9893226],[105.8072851,20.9891219],[105.8075481,20.9886972],[105.8070775,20.9886496],[105.806465,20.9888674],[105.8064137,20.9892693]]]}},{"type":"Feature","properties":{"osm_id":196063550,"osm_type":"way","intermittent":"no","name":"Hồ Bảy Gian","name:ko":"바이지안호","natural":"water","salt":"no","water":"pond"},"geometry":{"type":"Polygon","coordinates":[[[105.8259984,21.0358145],[105.8263363,21.036044],[105.8271037,21.0361337],[105.8271406,21.0356236],[105.8267239,21.0354747],[105.8263371,21.035624],[105.8259984,21.0358145]]]}},{"type":"Feature","properties":{"osm_id":28367088,"osm_type":"way","boat":"no","name":"Sông Sét","name:en":"Set River","waterway":"canal","wikidata":"Q10822959","wikipedia":"vi:Sông Sét"},"geometry":{"type":"LineString","coordinates":[[105.8415489,20.9914448],[105.8421122,20.9907834],[105.8424726,20.990339],[105.8430305,20.9899784],[105.8434597,20.989698],[105.8437291,20.9895492]]}},{"type":"Feature","properties":{"osm_id":18099172,"osm_type":"relation","name":"Hồ Linh Quang","natural":"water","type":"multipolygon","role":"outer","member_type":"way","member_ref":1319038694},"geometry":{"type":"LineString","coordinates":[[105.8386999,21.0226592],[105.8388049,21.022199],[105.8388967,21.0217354],[105.8387423,21.0212377],[105.8379911,21.0214085],[105.8375729,21.0218315]]}},{"type":"Feature","properties":{"osm_id":1493788042,"osm_type":"way","name":"Hồ câu Thành Anh","name:en":"Thanh Anh Fishing Lake","natural":"water","water":"pond"},"geometry":{"type":"Polygon","coordinates":[[[105.8806791,20.9800648],[105.8801482,20.9789987],[105.8809828,20.979942],[105.8806791,20.9800648]]]}},{"type":"Feature","properties":{"osm_id":200614208,"osm_type":"way","name":"Hồ Ga","natural":"water","water":"lake"},"geometry":{"type":"Polygon","coordinates":[[[105.8830334,21.0521605],[105.88348,21.0518415],[105.8829012,21.0514418],[105.8824501,21.0514673],[105.8825185,21.0519733],[105.8830334,21.0521605]]]}},{"type":"Feature","properties":{"osm_id":704292522,"osm_type":"way","name":"Hồ Chấn Hưng","name:zh":"振兴湖","natural":"water"},"geometry":{"type":"Polygon","coordinates":[[[105.8645897,21.0558421],[105.8649227,21.0561167],[105.8652193,21.0564409],[105.8648606,21.0566775],[105.8643658,21.0565336],[105.8641995,21.0561444],[105.8645897,21.0558421]]]}},{"type":"Feature","properties":{"osm_id":20251176,"osm_type":"relation","name":"Hồ Đại Từ","name:en":"Dai Tu Lake","natural":"water","type":"multipolygon","water":"pond","role":"outer","member_type":"way","member_ref":1053943222},"geometry":{"type":"Polygon","coordinates":[[[105.8304828,20.9696983],[105.8311193,20.9701021],[105.8316194,20.9703267],[105.8307885,20.9695945],[105.8304828,20.9696983]]]}},{"type":"Feature","properties":{"osm_id":295515906,"osm_type":"way","name":"Ao làng","natural":"water","water":"pond"},"geometry":{"type":"Polygon","coordinates":[[[105.8001461,21.0119982],[105.7998429,21.0130359],[105.799735,21.0118731],[105.8001461,21.0119982]]]}},{"type":"Feature","properties":{"osm_id":11707713,"osm_type":"way","name":"Hồ Quỳnh","name:en":"Quynh Lake","natural":"water","water":"lake"},"geometry":{"type":"Polygon","coordinates":[[[105.8534045,21.0052165],[105.8541341,21.0051844],[105.8540654,21.0047678],[105.8534989,21.0046556],[105.8531127,21.0050562],[105.8534045,21.0052165]]]}},{"type":"Feature","properties":{"osm_id":6971369,"osm_type":"relation","name":"Hồ Bảy Mẫu","name:de":"Bay-Mau-See","name:en":"Bay Mau Lake","name:fr":"Lac Bay Mau","name:ja":"バイマウ湖","name:ko":"바이머우호","natural":"water","type":"multipolygon","water":"lake","wikidata":"Q10771941","wikipedia":"vi:Hồ Bảy Mẫu","role":"inner","member_type":"way","member_ref":865855243},"geometry":{"type":"Polygon","coordinates":[[[105.8422736,21.0115605],[105.8427856,21.0113241],[105.842909,21.0108885],[105.842546,21.0105588],[105.8422232,21.0110002],[105.8422736,21.0115605]]]}},{"type":"Feature","properties":{"osm_id":913167462,"osm_type":"way","name":"Hồ Sen","natural":"water","water":"lake"},"geometry":{"type":"Polygon","coordinates":[[[105.9328986,21.0397337],[105.9325851,21.0393357],[105.9322988,21.0396381],[105.9319607,21.0394031],[105.9320685,21.0397908],[105.9328789,21.0397964],[105.9328986,21.0397337]]]}},{"type":"Feature","properties":{"osm_id":677790993,"osm_type":"way","name":"Ao dài","natural":"water","salt":"no","water":"pond"},"geometry":{"type":"Polygon","coordinates":[[[105.8766751,20.9508761],[105.8762835,20.950285],[105.8769434,20.9500144],[105.8771633,20.9504453],[105.8768522,20.9507659],[105.8766751,20.9508761]]]}},{"type":"Feature","properties":{"osm_id":570586627,"osm_type":"way","addr:city":"Hà Nội","addr:district":"Bắc Từ Liêm","addr:housenumber":"xóm 6","addr:postcode":"1000","addr:province":"Hà Nội","addr:street":"Cầu Vồng","addr:subdistrict":"Cổ Nhuế","name":"Ao cầu Vòng","natural":"water","source":"grab_hanoi_2018_t4","water":"pond"},"geometry":{"type":"Polygon","coordinates":[[[105.7739258,21.0785126],[105.7741665,21.0781097],[105.7737984,21.0779446],[105.7739329,21.0775252],[105.7741913,21.0778785],[105.7742267,21.0783375],[105.7739258,21.0785126]]]}},{"type":"Feature","properties":{"osm_id":2388849,"osm_type":"relation","alt_name":"Hồ Giám","name":"Hồ Văn","name:zh":"文湖","natural":"water","type":"multipolygon","wikidata":"Q110891916","role":"outer","member_type":"way","member_ref":9964402},"geometry":{"type":"Polygon","coordinates":[[[105.8350781,21.0270324],[105.8355147,21.0268748],[105.8355081,21.0263273],[105.8350471,21.0262535],[105.8347013,21.0265437],[105.8350589,21.0270289],[105.8350781,21.0270324]]]}},{"type":"Feature","properties":{"osm_id":28486120,"osm_type":"way","name":"Hồ Phúc Đồng","natural":"water"},"geometry":{"type":"Polygon","coordinates":[[[105.8980608,21.0441894],[105.8978902,21.0437983],[105.8976552,21.0434511],[105.8972781,21.0436314],[105.8979065,21.0444005],[105.8980608,21.0441894]]]}},{"type":"Feature","properties":{"osm_id":476821966,"osm_type":"way","name":"Ao Phủ","natural":"water","water":"lake"},"geometry":{"type":"Polygon","coordinates":[[[105.8007431,21.0235047],[105.800996,21.0231298],[105.8010946,21.0237475],[105.8010448,21.024307],[105.8008233,21.0238798],[105.8007431,21.0235047]]]}},{"type":"Feature","properties":{"osm_id":196084595,"osm_type":"way","name":"Ao Chéo","natural":"water"},"geometry":{"type":"Polygon","coordinates":[[[105.8238152,21.0614436],[105.8231463,21.0610859],[105.8235059,21.0605404],[105.823901,21.0613969],[105.8238152,21.0614436]]]}},{"type":"Feature","properties":{"osm_id":200614217,"osm_type":"way","name":"Hồ Phi Trường","natural":"water","water":"lake"},"geometry":{"type":"Polygon","coordinates":[[[105.8817576,21.0368499],[105.8818919,21.0363687],[105.8817176,21.0359365],[105.8811878,21.0364623],[105.8814901,21.0367251],[105.8817576,21.0368499]]]}},{"type":"Feature","properties":{"osm_id":660703686,"osm_type":"way","name":"Ao làng Trùng Quán","natural":"water"},"geometry":{"type":"Polygon","coordinates":[[[105.9322277,21.0898293],[105.9325952,21.0900158],[105.9330163,21.0899432],[105.9329143,21.089464],[105.9325576,21.089255],[105.9322277,21.0898293]]]}},{"type":"Feature","properties":{"osm_id":1073260527,"osm_type":"way","name":"Hồ Cửa Đình","natural":"water","water":"lake"},"geometry":{"type":"Polygon","coordinates":[[[105.9115222,21.0014821],[105.9120253,21.0011429],[105.9118868,21.0007268],[105.9114648,21.0006614],[105.9113472,21.0013405],[105.9115222,21.0014821]]]}},{"type":"Feature","properties":{"osm_id":28913692,"osm_type":"way","name":"Hồ Khương Đình","name:en":"Khuong Dinh Lake","natural":"water","water":"pond"},"geometry":{"type":"Polygon","coordinates":[[[105.8189095,20.9849064],[105.8189355,20.9845057],[105.8183325,20.9843535],[105.8181185,20.9846947],[105.818501,20.9849565],[105.8189095,20.9849064]]]}},{"type":"Feature","properties":{"osm_id":1197139581,"osm_type":"way","name":"Ao Ông Hiền","natural":"water","water":"lake"},"geometry":{"type":"Polygon","coordinates":[[[105.9164773,20.9962024],[105.9166577,20.9957458],[105.9166092,20.9952452],[105.9168669,20.9955514],[105.9166805,20.9962057],[105.9164773,20.9962024]]]}},{"type":"Feature","properties":{"osm_id":1197139585,"osm_type":"way","name":"Ao Ngõ Cống","natural":"water","water":"lake"},"geometry":{"type":"Polygon","coordinates":[[[105.9160546,20.9940419],[105.9159946,20.9936065],[105.916356,20.9933249],[105.9167653,20.9934836],[105.9164332,20.9938084],[105.9160917,20.9940497],[105.9160546,20.9940419]]]}},{"type":"Feature","properties":{"osm_id":179993977,"osm_type":"way","name":"Ao Khương Thượng","natural":"water","water":"pond"},"geometry":{"type":"Polygon","coordinates":[[[105.8245665,21.0042368],[105.8241105,21.0038211],[105.8243519,21.0034205],[105.8248709,21.0040402],[105.8245665,21.0042368]]]}},{"type":"Feature","properties":{"osm_id":1523555123,"osm_type":"way","boat":"no","name":"Kênh bao hồ Yên Sở","waterway":"canal"},"geometry":{"type":"LineString","coordinates":[[105.8652217,20.9754709],[105.8655869,20.9746959],[105.8658396,20.9733819],[105.8658432,20.9733324]]}},{"type":"Feature","properties":{"osm_id":704250758,"osm_type":"way","name":"Ao làng Ái Mộ","natural":"water","water":"lake"},"geometry":{"type":"Polygon","coordinates":[[[105.8698502,21.0388982],[105.8702599,21.0389226],[105.8704557,21.0383793],[105.8701218,21.0381559],[105.8698455,21.0385408],[105.8698502,21.0388982]]]}},{"type":"Feature","properties":{"osm_id":112020368,"osm_type":"way","name":"Đầm Sen","name:en":"Sen Pond","natural":"water","water":"pond"},"geometry":{"type":"Polygon","coordinates":[[[105.8319258,20.9747208],[105.8323567,20.9744835],[105.8325546,20.9748777],[105.8325227,20.9753099],[105.8322773,20.9749865],[105.8319258,20.9747208]]]}},{"type":"Feature","properties":{"osm_id":3375635,"osm_type":"relation","alt_name:fr":"Lac Thiền Quang","name":"Hồ Thiền Quang","name:de":"Thien-Quang-See","name:en":"Thien Quang Lake","name:fr":"Lac Halais","name:ko":"티엔꽝호","name:th":"ทะเลสาบเทียนกวาง","name:zh":"单光湖","natural":"water","type":"multipolygon","water":"lake","wikidata":"Q7349899","wikipedia":"vi:Hồ Thiền Quang","role":"inner","member_type":"way","member_ref":251584926},"geometry":{"type":"Polygon","coordinates":[[[105.8440977,21.0176793],[105.8446488,21.0178561],[105.8447921,21.0183125],[105.844274,21.0182092],[105.8440347,21.0177691],[105.8440977,21.0176793]]]}},{"type":"Feature","properties":{"osm_id":208657337,"osm_type":"way","name":"Ao Mỗ Lao","natural":"water","water":"lake"},"geometry":{"type":"Polygon","coordinates":[[[105.7839003,20.9840115],[105.7836201,20.9832766],[105.7831971,20.9834914],[105.7837859,20.9840476],[105.7839003,20.9840115]]]}},{"type":"Feature","properties":{"osm_id":136161119,"osm_type":"way","name":"Hồ Tiền","natural":"water","water":"lake"},"geometry":{"type":"Polygon","coordinates":[[[105.843658,21.0043604],[105.8431784,21.0044754],[105.8430438,21.0039729],[105.8435031,21.0037312],[105.8436654,21.0043262],[105.843658,21.0043604]]]}},{"type":"Feature","properties":{"osm_id":6971369,"osm_type":"relation","name":"Hồ Bảy Mẫu","name:de":"Bay-Mau-See","name:en":"Bay Mau Lake","name:fr":"Lac Bay Mau","name:ja":"バイマウ湖","name:ko":"바이머우호","natural":"water","type":"multipolygon","water":"lake","wikidata":"Q10771941","wikipedia":"vi:Hồ Bảy Mẫu","role":"inner","member_type":"way","member_ref":9964863},"geometry":{"type":"Polygon","coordinates":[[[105.8444323,21.0119153],[105.8440078,21.0114721],[105.8442475,21.0110679],[105.8445923,21.0114269],[105.8445331,21.0118977],[105.8444323,21.0119153]]]}},{"type":"Feature","properties":{"osm_id":16827837,"osm_type":"relation","name":"Hồ Vĩnh Hưng","name:en":"Vinh Hung Lake","natural":"water","type":"multipolygon","water":"lake","role":"inner","member_type":"way","member_ref":1231631446},"geometry":{"type":"Polygon","coordinates":[[[105.8760817,20.9933146],[105.8765538,20.993227],[105.8760334,20.9930542],[105.8755426,20.9931143],[105.8760817,20.9933146]]]}},{"type":"Feature","properties":{"osm_id":207697201,"osm_type":"way","name":"Hồ Lục Lăng","natural":"water"},"geometry":{"type":"Polygon","coordinates":[[[105.8111755,21.0031998],[105.8116194,21.003206],[105.8116928,21.0027208],[105.8112734,21.0026288],[105.8111755,21.0031998]]]}},{"type":"Feature","properties":{"osm_id":697326580,"osm_type":"way","intermittent":"no","name":"Ao cá","name:en":"Fish pond","name:id":"Kolam ikan","natural":"water","salt":"no","water":"pond"},"geometry":{"type":"Polygon","coordinates":[[[105.8330856,21.0377452],[105.8335154,21.0376627],[105.833731,21.038005],[105.8334255,21.0382817],[105.8331523,21.0379764],[105.8330856,21.0377452]]]}},{"type":"Feature","properties":{"osm_id":530755996,"osm_type":"way","name":"Hồ Tuyệt vọng","natural":"water","operator":"Học viện Nông nghiệp Việt Nam","water":"lake"},"geometry":{"type":"Polygon","coordinates":[[[105.9335335,21.0046018],[105.9333898,21.004185],[105.9329751,21.0040706],[105.9329494,21.0044761],[105.9335335,21.0046018]]]}},{"type":"Feature","properties":{"osm_id":530755995,"osm_type":"way","name":"Hồ Tình Yêu","natural":"water","operator":"Học viện Nông nghiệp Việt Nam","water":"lake"},"geometry":{"type":"Polygon","coordinates":[[[105.9327446,21.0050635],[105.9322073,21.0050118],[105.9323743,21.0054379],[105.9327747,21.0055282],[105.9327446,21.0050635]]]}},{"type":"Feature","properties":{"osm_id":891419028,"osm_type":"way","name":"Ao đình Kim Văn","natural":"water","water":"pond"},"geometry":{"type":"Polygon","coordinates":[[[105.8226651,20.9756667],[105.8230502,20.9758191],[105.8234223,20.9755178],[105.822907,20.9753628],[105.8226651,20.9756667]]]}},{"type":"Feature","properties":{"osm_id":530755994,"osm_type":"way","name":"Hồ Tình bạn","natural":"water","operator":"Học viện Nông nghiệp Việt Nam","water":"lake"},"geometry":{"type":"Polygon","coordinates":[[[105.9331016,21.0048919],[105.933083,21.0053293],[105.9334859,21.0053661],[105.9336117,21.0049314],[105.9331016,21.0048919]]]}},{"type":"Feature","properties":{"osm_id":412781652,"osm_type":"way","name":"Ao Dài","natural":"water","water":"pond"},"geometry":{"type":"Polygon","coordinates":[[[105.7795902,21.0111134],[105.7801346,21.01046],[105.7796982,21.0111578],[105.7795902,21.0111134]]]}},{"type":"Feature","properties":{"osm_id":548259806,"osm_type":"way","name":"Ao Thị Cấm","natural":"water","water":"lake"},"geometry":{"type":"Polygon","coordinates":[[[105.7492985,21.0353757],[105.7501669,21.0353818],[105.7496075,21.0352384],[105.7492985,21.0353757]]]}},{"type":"Feature","properties":{"osm_id":1087234515,"osm_type":"way","name":"Ao Đình Tây Hồ","natural":"water","water":"lake"},"geometry":{"type":"Polygon","coordinates":[[[105.8265705,21.0625662],[105.8261609,21.0623709],[105.826092,21.0619113],[105.8264352,21.0621816],[105.8265705,21.0625662]]]}},{"type":"Feature","properties":{"osm_id":1213238771,"osm_type":"way","name":"Hồ Quận uỷ","natural":"water","water":"pond"},"geometry":{"type":"Polygon","coordinates":[[[105.8012051,21.0326111],[105.8008665,21.0320186],[105.8014674,21.0323228],[105.8012051,21.0326111]]]}},{"type":"Feature","properties":{"osm_id":1188890480,"osm_type":"way","name":"Hồ Văn Khê","natural":"water","water":"lake"},"geometry":{"type":"Polygon","coordinates":[[[105.762485,20.9728191],[105.7620898,20.9723698],[105.7625284,20.9722193],[105.762621,20.972734],[105.762485,20.9728191]]]}},{"type":"Feature","properties":{"osm_id":909833220,"osm_type":"way","name":"Hồ Nhất Đẳng","natural":"water","water":"lake"},"geometry":{"type":"Polygon","coordinates":[[[105.9326383,21.0375467],[105.9326291,21.0371388],[105.9329625,21.0368476],[105.9329971,21.0373001],[105.9326383,21.0375467]]]}},{"type":"Feature","properties":{"osm_id":430133604,"osm_type":"way","name":"Ao Chùa","natural":"water","water":"pond"},"geometry":{"type":"Polygon","coordinates":[[[105.8008386,20.9804597],[105.8002271,20.9801931],[105.8009405,20.9801893],[105.8008386,20.9804597]]]}},{"type":"Feature","properties":{"osm_id":12290505,"osm_type":"relation","alt_name":"Đầm Linh Đàm;Đầm Linh Đường","name":"Hồ Linh Đàm","name:en":"Linh Dam Lake","name:ko":"린담호","natural":"water","salt":"no","tidal":"no","type":"multipolygon","water":"lake","wikidata":"Q10802018","wikipedia":"vi:Hồ Linh Đàm","role":"inner","member_type":"way","member_ref":182403058},"geometry":{"type":"Polygon","coordinates":[[[105.8294275,20.9668751],[105.8288673,20.9666268],[105.8295151,20.9664948],[105.8294275,20.9668751]]]}},{"type":"Feature","properties":{"osm_id":324549511,"osm_type":"way","name":"Hồ Khương Hạ","natural":"water","water":"pond"},"geometry":{"type":"Polygon","coordinates":[[[105.817054,20.9921727],[105.8170111,20.9928188],[105.8167507,20.9921639],[105.817054,20.9921727]]]}},{"type":"Feature","properties":{"osm_id":891419027,"osm_type":"way","name":"Ao làng Kim Văn","natural":"water","water":"pond"},"geometry":{"type":"Polygon","coordinates":[[[105.8220099,20.9759012],[105.8224328,20.9759855],[105.8226427,20.9755832],[105.8220081,20.9758285],[105.8220099,20.9759012]]]}},{"type":"Feature","properties":{"osm_id":1197139590,"osm_type":"way","name":"Ao Mẫu Tư","natural":"water","water":"lake"},"geometry":{"type":"Polygon","coordinates":[[[105.9151729,20.9945351],[105.9153881,20.9941644],[105.9150793,20.9939018],[105.9149307,20.9942758],[105.9151729,20.9945351]]]}},{"type":"Feature","properties":{"osm_id":15676016,"osm_type":"relation","name":"Hồ sinh thái Gamuda City","name:en":"Gamuda City Ecological Lake","natural":"water","type":"multipolygon","water":"pond","role":"inner","member_type":"way","member_ref":1159339161},"geometry":{"type":"Polygon","coordinates":[[[105.8582393,20.9605699],[105.8585501,20.9610451],[105.8586721,20.9605179],[105.8582393,20.9605699]]]}},{"type":"Feature","properties":{"osm_id":576506892,"osm_type":"way","name":"Sông Nhuệ","name:en":"Nhue River","name:id":"Sungai Nhue","name:ko":"뉘에강","name:ru":"Ньюе","name:vi":"Sông Nhuệ","name:zh":"锐江","waterway":"river"},"geometry":{"type":"LineString","coordinates":[[105.7629441,21.0070011],[105.7626623,21.006696],[105.762673,21.0059406],[105.7625918,21.0055977]]}},{"type":"Feature","properties":{"osm_id":530755993,"osm_type":"way","name":"Hồ Hi Vọng","natural":"water","operator":"Học viện Nông nghiệp Việt Nam","water":"lake"},"geometry":{"type":"Polygon","coordinates":[[[105.9326214,21.0042419],[105.9321755,21.0044163],[105.9325598,21.0047376],[105.9326214,21.0042419]]]}},{"type":"Feature","properties":{"osm_id":860106349,"osm_type":"way","intermittent":"no","name":"Ao Sài Đồng","natural":"water","salt":"no","tidal":"no","water":"lake"},"geometry":{"type":"Polygon","coordinates":[[[105.9129745,21.0330361],[105.9133733,21.032461],[105.9130247,21.0330377],[105.9129745,21.0330361]]]}},{"type":"Feature","properties":{"osm_id":1073260530,"osm_type":"way","name":"Ao Biến Thế","natural":"water","water":"lake"},"geometry":{"type":"LineString","coordinates":[[105.9456661,21.0299285],[105.9450108,21.0301686],[105.9456661,21.0299285]]}},{"type":"Feature","properties":{"osm_id":1488889302,"osm_type":"way","name":"Ao Hoang","name:en":"Hoang Pond","natural":"water","water":"pond"},"geometry":{"type":"Polygon","coordinates":[[[105.8728018,20.9659476],[105.87279,20.9655031],[105.8732158,20.9657142],[105.8728018,20.9659476]]]}},{"type":"Feature","properties":{"osm_id":891419029,"osm_type":"way","name":"Ao làng Kim Văn","natural":"water","water":"pond"},"geometry":{"type":"Polygon","coordinates":[[[105.8226698,20.9748902],[105.8231914,20.9745232],[105.8227465,20.9746677],[105.8226698,20.9748902]]]}},{"type":"Feature","properties":{"osm_id":196063548,"osm_type":"way","name":"Ao Tháp","natural":"water","water":"pond"},"geometry":{"type":"Polygon","coordinates":[[[105.7932689,21.0322359],[105.7936452,21.0319943],[105.7930848,21.0319648],[105.7932689,21.0322359]]]}},{"type":"Feature","properties":{"osm_id":179997981,"osm_type":"way","alt_name":"Hồ Bán Nguyệt","name":"Hồ Tẩm Nguyệt","natural":"water"},"geometry":{"type":"Polygon","coordinates":[[[105.8227184,21.0086016],[105.823057,21.0083712],[105.8227728,21.0080856],[105.8227184,21.0086016]]]}},{"type":"Feature","properties":{"osm_id":706149111,"osm_type":"way","name":"Sông Tô Lịch","name:en":"To Lich River","tunnel":"no","waterway":"river"},"geometry":{"type":"LineString","coordinates":[[105.8046645,21.0479921],[105.8045073,21.0475936],[105.8045952,21.0470885],[105.8046913,21.0467105]]}},{"type":"Feature","properties":{"osm_id":497330326,"osm_type":"way","name":"Hồ Phú Đô","natural":"water","water":"lake"},"geometry":{"type":"Polygon","coordinates":[[[105.7633315,21.0104686],[105.7633261,21.0100269],[105.7629771,21.0102614],[105.7633035,21.0104931],[105.7633315,21.0104686]]]}},{"type":"Feature","properties":{"osm_id":212281315,"osm_type":"way","name":"Ao xóm đông","natural":"water","water":"lake"},"geometry":{"type":"Polygon","coordinates":[[[105.7819565,20.9789516],[105.7823534,20.979172],[105.7819565,20.9787612],[105.7819565,20.9789516]]]}},{"type":"Feature","properties":{"osm_id":875184362,"osm_type":"way","name":"Hồ Mùa Xuân","natural":"water","water":"lake"},"geometry":{"type":"Polygon","coordinates":[[[105.9311168,20.9712603],[105.9308989,20.9708534],[105.9312924,20.9710736],[105.9311168,20.9712603]]]}},{"type":"Feature","properties":{"osm_id":17908111,"osm_type":"relation","fishing":"yes","intermittent":"no","name":"Hồ Hữu Tiệp","name:en":"Huu Tiep Lake","name:vi":"Hồ Hữu Tiệp","natural":"water","salt":"no","type":"multipolygon","water":"lake","wikidata":"Q10771972","wikimedia_commons":"Category:Huu Tiep Lake","wikipedia":"vi:Hồ Hữu Tiệp","role":"outer","member_type":"way","member_ref":196063554},"geometry":{"type":"LineString","coordinates":[[105.8267829,21.0381561],[105.8265293,21.0376454],[105.8267829,21.0381561]]}},{"type":"Feature","properties":{"osm_id":14228299,"osm_type":"relation","name":"Ao Đình Cam","natural":"water","type":"multipolygon","water":"lake","role":"outer","member_type":"way","member_ref":1067639928},"geometry":{"type":"Polygon","coordinates":[[[105.9439,21.029331],[105.9440071,21.0288431],[105.9439674,21.0293024],[105.9439,21.029331]]]}},{"type":"Feature","properties":{"osm_id":1171597401,"osm_type":"way","intermittent":"no","name":"Ao Cầu","natural":"water","water":"pond","wikimedia_commons":"File:Ao cầu.jpg"},"geometry":{"type":"LineString","coordinates":[[105.804271,21.0445764],[105.8044822,21.0441307],[105.804271,21.0445764]]}},{"type":"Feature","properties":{"osm_id":17908111,"osm_type":"relation","fishing":"yes","intermittent":"no","name":"Hồ Hữu Tiệp","name:en":"Huu Tiep Lake","name:vi":"Hồ Hữu Tiệp","natural":"water","salt":"no","type":"multipolygon","water":"lake","wikidata":"Q10771972","wikimedia_commons":"Category:Huu Tiep Lake","wikipedia":"vi:Hồ Hữu Tiệp","role":"outer","member_type":"way","member_ref":697791088},"geometry":{"type":"LineString","coordinates":[[105.8268205,21.0381578],[105.8271738,21.0378335],[105.8268205,21.0381578]]}},{"type":"Feature","properties":{"osm_id":1434561634,"osm_type":"way","alt_name":"Kênh bao hồ Yên Sở","layer":"-1","name":"Sông Kim Ngưu","name:en":"Kim Nguu River","tunnel":"culvert","waterway":"canal","wikidata":"Q16481158"},"geometry":{"type":"LineString","coordinates":[[105.84958,20.9662257],[105.849592,20.965276]]}},{"type":"Feature","properties":{"osm_id":15676016,"osm_type":"relation","name":"Hồ sinh thái Gamuda City","name:en":"Gamuda City Ecological Lake","natural":"water","type":"multipolygon","water":"pond","role":"inner","member_type":"way","member_ref":1159339160},"geometry":{"type":"LineString","coordinates":[[105.8577897,20.960841],[105.8582047,20.9606394],[105.8577897,20.960841]]}},{"type":"Feature","properties":{"osm_id":706149110,"osm_type":"way","layer":"-1","name":"Sông Tô Lịch","name:en":"To Lich River","tunnel":"culvert","waterway":"river"},"geometry":{"type":"LineString","coordinates":[[105.8046913,21.0467105],[105.8050427,21.0462424],[105.8052617,21.0459882]]}},{"type":"Feature","properties":{"osm_id":1412232634,"osm_type":"way","name":"Ao cổng Điếm","natural":"water"},"geometry":{"type":"LineString","coordinates":[[105.8371541,20.9669461],[105.8371621,20.9665003],[105.8371541,20.9669461]]}},{"type":"Feature","properties":{"osm_id":1412232635,"osm_type":"way","name":"Ao xóm Hồng","natural":"water"},"geometry":{"type":"Polygon","coordinates":[[[105.8152096,20.9885819],[105.8149816,20.9889112],[105.8152659,20.9886207],[105.8152096,20.9885819]]]}},{"type":"Feature","properties":{"osm_id":1098119921,"osm_type":"way","name":"Sông Nhuệ","name:en":"Nhue River","name:id":"Sungai Nhue","name:ko":"뉘에강","name:ru":"Ньюе","name:vi":"Sông Nhuệ","name:zh":"锐江","tunnel":"no","waterway":"river"},"geometry":{"type":"LineString","coordinates":[[105.7803292,20.9743631],[105.7806529,20.9735505]]}},{"type":"Feature","properties":{"osm_id":962981758,"osm_type":"way","intermittent":"no","name":"Ao Nhà Thờ Làng Tám","name:en":"8th Village Church Pond","natural":"water","salt":"no","water":"pond"},"geometry":{"type":"LineString","coordinates":[[105.8422103,20.9875662],[105.8425888,20.9873788],[105.8422103,20.9875662]]}},{"type":"Feature","properties":{"osm_id":1301556440,"osm_type":"way","name":"Ao Phú Đô","natural":"water","water":"pond"},"geometry":{"type":"LineString","coordinates":[[105.7670303,21.0102034],[105.7672822,21.0098836],[105.7670303,21.0102034]]}},{"type":"Feature","properties":{"osm_id":1434561635,"osm_type":"way","alt_name":"Kênh bao hồ Yên Sở","name":"Sông Kim Ngưu","name:en":"Kim Nguu River","waterway":"canal","wikidata":"Q16481158"},"geometry":{"type":"LineString","coordinates":[[105.8496324,20.9610007],[105.8498661,20.9602237]]}},{"type":"Feature","properties":{"osm_id":976718289,"osm_type":"way","boat":"no","layer":"-1","name":"Sông Lừ","name:en":"Lu River","waterway":"canal","wikidata":"Q10822892","wikipedia":"vi:Sông_Lừ"},"geometry":{"type":"LineString","coordinates":[[105.8365352,20.9949426],[105.8365681,20.9942627]]}},{"type":"Feature","properties":{"osm_id":1434561636,"osm_type":"way","alt_name":"Kênh bao hồ Yên Sở","layer":"-1","name":"Sông Kim Ngưu","name:en":"Kim Nguu River","tunnel":"culvert","waterway":"canal","wikidata":"Q16481158"},"geometry":{"type":"LineString","coordinates":[[105.8498661,20.9602237],[105.8501145,20.9597203]]}},{"type":"Feature","properties":{"osm_id":491227457,"osm_type":"way","name":"Sông Nhuệ","name:en":"Nhue River","name:id":"Sungai Nhue","name:ko":"뉘에강","name:ru":"Ньюе","name:vi":"Sông Nhuệ","name:zh":"锐江","waterway":"river"},"geometry":{"type":"LineString","coordinates":[[105.7615207,21.0419219],[105.7613507,21.0414394]]}},{"type":"Feature","properties":{"osm_id":1174919445,"osm_type":"way","layer":"-1","name":"Sông Thiên Đức","tunnel":"culvert","waterway":"canal"},"geometry":{"type":"LineString","coordinates":[[105.9142598,21.0929638],[105.9145924,21.0932191]]}},{"type":"Feature","properties":{"osm_id":982175799,"osm_type":"way","name":"Sông Bắc Hưng Hải","name:en":"Bắc Hưng Hải River","source":"bing","tunnel":"yes","waterway":"river","wikidata":"Q10771825","wikipedia":"vi:Hệ thống thủy lợi Bắc Hưng Hải"},"geometry":{"type":"LineString","coordinates":[[105.9196557,20.9719569],[105.9200178,20.9719204]]}},{"type":"Feature","properties":{"osm_id":1514582344,"osm_type":"way","layer":"-1","name":"Mương Gia Thụy – Cầu Bây","tunnel":"culvert","waterway":"canal"},"geometry":{"type":"LineString","coordinates":[[105.898313,21.0375268],[105.8981763,21.0372444]]}},{"type":"Feature","properties":{"osm_id":1434561632,"osm_type":"way","alt_name":"Kênh bao hồ Yên Sở","layer":"-1","name":"Sông Kim Ngưu","name:en":"Kim Nguu River","tunnel":"culvert","waterway":"canal","wikidata":"Q16481158"},"geometry":{"type":"LineString","coordinates":[[105.8496296,20.9612655],[105.8496324,20.9610007]]}},{"type":"Feature","properties":{"osm_id":711131155,"osm_type":"way","boat":"no","layer":"-1","name":"Sông Lừ","name:en":"Lu River","source":"grab_hanoi_2018_t2","waterway":"canal","wikidata":"Q10822892","wikipedia":"vi:Sông_Lừ"},"geometry":{"type":"LineString","coordinates":[[105.8321016,21.0071863],[105.8322571,21.0069858]]}},{"type":"Feature","properties":{"osm_id":1478627288,"osm_type":"way","layer":"-1","name":"Kênh Cầu Gạo","name:en":"Cau Gao Canal","tunnel":"culvert","waterway":"canal"},"geometry":{"type":"LineString","coordinates":[[105.8687767,20.9865994],[105.8689913,20.9866893]]}},{"type":"Feature","properties":{"osm_id":1474218734,"osm_type":"way","layer":"-1","name":"Kênh Cầu Gạo","name:en":"Cau Gao Canal","tunnel":"culvert","waterway":"canal"},"geometry":{"type":"LineString","coordinates":[[105.8635539,20.9854547],[105.8637616,20.9854681]]}},{"type":"Feature","properties":{"osm_id":18099172,"osm_type":"relation","name":"Hồ Linh Quang","natural":"water","type":"multipolygon","role":"outer","member_type":"way","member_ref":1319038700},"geometry":{"type":"LineString","coordinates":[[105.8386959,21.0228507],[105.8386999,21.0226592]]}},{"type":"Feature","properties":{"osm_id":1523555124,"osm_type":"way","boat":"no","layer":"-1","name":"Kênh bao hồ Yên Sở","tunnel":"culvert","waterway":"canal"},"geometry":{"type":"LineString","coordinates":[[105.8658432,20.9733324],[105.8658438,20.9731426]]}},{"type":"Feature","properties":{"osm_id":198437,"osm_type":"relation","alt_name":"Hồ Gươm","alt_name:de":"Schwertsee","alt_name:en":"Sword Lake","alt_name:ru":"озеро возвращенного меча","alt_name:vi":"Hồ Gươm","intermittent":"no","name":"Hồ Hoàn Kiếm","name:de":"Hoan-Kiem-See","name:en":"Hoàn Kiếm Lake","name:fr":"Lac Hoàn-Kiêm","name:id":"Danau Hoan Kiem","name:ja":"ホアンキエム湖","name:ko":"호안끼엠 호","name:th":"ทะเลสาบฮหว่านเกี๊ยม","name:vi-Hani":"湖還劍","name:zh":"还剑湖","name:zh-Hans":"还剑湖","name:zh-Hant":"還劍湖","natural":"water","old_name":"Hồ Lục Thủy","old_name:fr":"Petit Lac","old_name:zh":"绿水湖","salt":"no","tidal":"no","type":"multipolygon","water":"lake","wikidata":"Q1151254","wikipedia":"vi:Hồ Hoàn Kiếm","role":"outer","member_type":"way","member_ref":1222265170},"geometry":{"type":"LineString","coordinates":[[105.8530274,21.0308288],[105.8529903,21.0306777]]}},{"type":"Feature","properties":{"osm_id":19752042,"osm_type":"relation","intermittent":"no","name":"Sông Cầu Bây","natural":"water","salt":"no","type":"multipolygon","water":"canal;river","wikidata":"Q32245000","role":"outer","member_type":"way","member_ref":1472707766},"geometry":{"type":"LineString","coordinates":[[105.9170125,21.0387172],[105.9171619,21.0387057]]}},{"type":"Feature","properties":{"osm_id":1474218735,"osm_type":"way","name":"Kênh Cầu Gạo","name:en":"Cau Gao Canal","waterway":"canal"},"geometry":{"type":"LineString","coordinates":[[105.8634331,20.9854475],[105.8635539,20.9854547]]}},{"type":"Feature","properties":{"osm_id":18099172,"osm_type":"relation","name":"Hồ Linh Quang","natural":"water","type":"multipolygon","role":"outer","member_type":"way","member_ref":1319038695},"geometry":{"type":"LineString","coordinates":[[105.8375729,21.0218315],[105.8374872,21.0219041]]}},{"type":"Feature","properties":{"osm_id":37934144,"osm_type":"way","alt_name":"Văn trì","name":"Thiên Quang tỉnh","name:en":"Thien Quang Lake","name:id":"Perigi Cahaya Langit","name:ja":"天光井","name:ko":"천광정","name:vi":"Thiên Quang tỉnh","name:zh":"天光井","natural":"water","water":"lake","wikidata":"Q110923596"},"geometry":{"type":"LineString","coordinates":[[105.8358919,21.0289076],[105.8358919,21.0289076]]}},{"type":"Feature","properties":{"osm_id":179993969,"osm_type":"way","name":"Đầm Dọc Ngang","name:en":"Doc Ngang Pond","natural":"water"},"geometry":{"type":"LineString","coordinates":[[105.8279904,20.9921106],[105.8279904,20.9921106]]}},{"type":"Feature","properties":{"osm_id":242449446,"osm_type":"way","name":"Giếng Xóm Đông","natural":"water","water":"reservoir"},"geometry":{"type":"LineString","coordinates":[[105.8580913,20.9907433],[105.8580913,20.9907433]]}},{"type":"Feature","properties":{"osm_id":242451035,"osm_type":"way","name":"Giếng Xóm Trung","natural":"water","water":"reservoir"},"geometry":{"type":"LineString","coordinates":[[105.8556658,20.9901031],[105.8556658,20.9901031]]}},{"type":"Feature","properties":{"osm_id":242451990,"osm_type":"way","name":"Giếng Xóm Tây","natural":"water","water":"reservoir"},"geometry":{"type":"LineString","coordinates":[[105.8554563,20.9914341],[105.8554563,20.9914341]]}},{"type":"Feature","properties":{"osm_id":412781654,"osm_type":"way","name":"Ao Tròn","natural":"water","water":"lake"},"geometry":{"type":"LineString","coordinates":[[105.7791964,21.0109514],[105.7791964,21.0109514]]}},{"type":"Feature","properties":{"osm_id":524889032,"osm_type":"way","name":"Ho Cam","natural":"water"},"geometry":{"type":"LineString","coordinates":[[105.8238334,21.0679792],[105.8238334,21.0679792]]}},{"type":"Feature","properties":{"osm_id":570582398,"osm_type":"way","name":"Giếng Kim Giang","natural":"water","source":"grab_hanoi_2018_t5"},"geometry":{"type":"LineString","coordinates":[[105.8158213,20.9782142],[105.8158213,20.9782142]]}},{"type":"Feature","properties":{"osm_id":697326497,"osm_type":"way","name":"Hồ Linh Chiểu","name:zh":"灵沼","natural":"water","water":"pond"},"geometry":{"type":"LineString","coordinates":[[105.8335964,21.0358369],[105.8335964,21.0358369]]}},{"type":"Feature","properties":{"osm_id":731238215,"osm_type":"way","name":"Ao Đình Bằng A","natural":"water","water":"pond"},"geometry":{"type":"LineString","coordinates":[[105.821656,20.9618888],[105.821656,20.9618888]]}},{"type":"Feature","properties":{"osm_id":739023971,"osm_type":"way","alt_name":"Thiên Hồ Lệ;Giếng Thiên Tạo","name":"Giếng cổ","natural":"water","water":"pond"},"geometry":{"type":"LineString","coordinates":[[105.8998957,21.0530455],[105.8998957,21.0530455]]}},{"type":"Feature","properties":{"osm_id":785774339,"osm_type":"way","name":"Ao Đình Văn Quán","natural":"water","water":"lake"},"geometry":{"type":"LineString","coordinates":[[105.7864757,20.9745616],[105.7864757,20.9745616]]}},{"type":"Feature","properties":{"osm_id":858177153,"osm_type":"way","name":"Đài phun nước Bách Khoa","natural":"water","water":"lake"},"geometry":{"type":"LineString","coordinates":[[105.8431346,21.0063054],[105.8431346,21.0063054]]}},{"type":"Feature","properties":{"osm_id":909833202,"osm_type":"way","name":"Ao đình Vàng","natural":"water","water":"lake"},"geometry":{"type":"LineString","coordinates":[[105.9399447,21.0348161],[105.9399447,21.0348161]]}},{"type":"Feature","properties":{"osm_id":1046720470,"osm_type":"way","name":"Giếng làng Kim Văn","natural":"water"},"geometry":{"type":"LineString","coordinates":[[105.822923,20.9749774],[105.822923,20.9749774]]}},{"type":"Feature","properties":{"osm_id":1107403267,"osm_type":"way","name":"Đài phun nước","natural":"water","water":"lake"},"geometry":{"type":"LineString","coordinates":[[105.7722476,20.9788117],[105.7722476,20.9788117]]}},{"type":"Feature","properties":{"osm_id":1125529671,"osm_type":"way","name":"Đầm Bông","name:en":"Bong Bond","natural":"water"},"geometry":{"type":"LineString","coordinates":[[105.8273148,20.9883335],[105.8273148,20.9883335]]}},{"type":"Feature","properties":{"osm_id":1233322872,"osm_type":"way","amenity":"fountain","drinking_water":"no","fountain":"decorative","name":"Đài phun nước Con Cóc","natural":"water"},"geometry":{"type":"LineString","coordinates":[[105.8559866,21.0263605],[105.8559866,21.0263605]]}},{"type":"Feature","properties":{"osm_id":1350364761,"osm_type":"way","name":"Ao sen","natural":"water","water":"lake"},"geometry":{"type":"LineString","coordinates":[[105.8044496,21.0305893],[105.8044496,21.0305893]]}},{"type":"Feature","properties":{"osm_id":1462051680,"osm_type":"way","name":"Giếng đình Mai Động","natural":"water","water":"reservoir"},"geometry":{"type":"LineString","coordinates":[[105.8590274,20.9921721],[105.8590274,20.9921721]]}},{"type":"Feature","properties":{"osm_id":1463732875,"osm_type":"way","name":"Giếng thôn Đông","natural":"water","water":"reservoir"},"geometry":{"type":"LineString","coordinates":[[105.8558159,20.9878126],[105.8558159,20.9878126]]}},{"type":"Feature","properties":{"osm_id":1481178462,"osm_type":"way","name":"Giếng tròn làng Giáp Tứ","natural":"water"},"geometry":{"type":"LineString","coordinates":[[105.8514477,20.976128],[105.8514477,20.976128]]}},{"type":"Feature","properties":{"osm_id":1484092476,"osm_type":"way","name":"Giếng Đền Bà Bụi","natural":"water"},"geometry":{"type":"LineString","coordinates":[[105.8469139,20.9785122],[105.8469139,20.9785122]]}},{"type":"Feature","properties":{"osm_id":1484425456,"osm_type":"way","name":"Giếng làng Giáp Nhị","natural":"water"},"geometry":{"type":"LineString","coordinates":[[105.8465722,20.9761928],[105.8465722,20.9761928]]}},{"type":"Feature","properties":{"osm_id":1524880493,"osm_type":"way","name":"Giếng đình Trung Lập","natural":"water"},"geometry":{"type":"LineString","coordinates":[[105.8839835,20.9810682],[105.8839835,20.9810682]]}},{"type":"Feature","properties":{"osm_id":198437,"osm_type":"relation","alt_name":"Hồ Gươm","alt_name:de":"Schwertsee","alt_name:en":"Sword Lake","alt_name:ru":"озеро возвращенного меча","alt_name:vi":"Hồ Gươm","intermittent":"no","name":"Hồ Hoàn Kiếm","name:de":"Hoan-Kiem-See","name:en":"Hoàn Kiếm Lake","name:fr":"Lac Hoàn-Kiêm","name:id":"Danau Hoan Kiem","name:ja":"ホアンキエム湖","name:ko":"호안끼엠 호","name:th":"ทะเลสาบฮหว่านเกี๊ยม","name:vi-Hani":"湖還劍","name:zh":"还剑湖","name:zh-Hans":"还剑湖","name:zh-Hant":"還劍湖","natural":"water","old_name":"Hồ Lục Thủy","old_name:fr":"Petit Lac","old_name:zh":"绿水湖","salt":"no","tidal":"no","type":"multipolygon","water":"lake","wikidata":"Q1151254","wikipedia":"vi:Hồ Hoàn Kiếm","role":"inner","member_type":"way","member_ref":39168425},"geometry":{"type":"LineString","coordinates":[[105.8521993,21.0306],[105.8521993,21.0306]]}},{"type":"Feature","properties":{"osm_id":198437,"osm_type":"relation","alt_name":"Hồ Gươm","alt_name:de":"Schwertsee","alt_name:en":"Sword Lake","alt_name:ru":"озеро возвращенного меча","alt_name:vi":"Hồ Gươm","intermittent":"no","name":"Hồ Hoàn Kiếm","name:de":"Hoan-Kiem-See","name:en":"Hoàn Kiếm Lake","name:fr":"Lac Hoàn-Kiêm","name:id":"Danau Hoan Kiem","name:ja":"ホアンキエム湖","name:ko":"호안끼엠 호","name:th":"ทะเลสาบฮหว่านเกี๊ยม","name:vi-Hani":"湖還劍","name:zh":"还剑湖","name:zh-Hans":"还剑湖","name:zh-Hant":"還劍湖","natural":"water","old_name":"Hồ Lục Thủy","old_name:fr":"Petit Lac","old_name:zh":"绿水湖","salt":"no","tidal":"no","type":"multipolygon","water":"lake","wikidata":"Q1151254","wikipedia":"vi:Hồ Hoàn Kiếm","role":"inner","member_type":"way","member_ref":9566428},"geometry":{"type":"LineString","coordinates":[[105.8522335,21.0279829],[105.8522335,21.0279829]]}},{"type":"Feature","properties":{"osm_id":2388849,"osm_type":"relation","alt_name":"Hồ Giám","name":"Hồ Văn","name:zh":"文湖","natural":"water","type":"multipolygon","wikidata":"Q110891916","role":"inner","member_type":"way","member_ref":9964421},"geometry":{"type":"LineString","coordinates":[[105.8352046,21.0266021],[105.8352046,21.0266021]]}},{"type":"Feature","properties":{"osm_id":8902997,"osm_type":"relation","name":"Hồ Harmony","natural":"water","type":"multipolygon","water":"lake","role":"inner","member_type":"way","member_ref":642299668},"geometry":{"type":"LineString","coordinates":[[105.9058595,21.0476481],[105.9058595,21.0476481]]}},{"type":"Feature","properties":{"osm_id":8902997,"osm_type":"relation","name":"Hồ Harmony","natural":"water","type":"multipolygon","water":"lake","role":"inner","member_type":"way","member_ref":642299681},"geometry":{"type":"LineString","coordinates":[[105.9068444,21.0460098],[105.9068444,21.0460098]]}},{"type":"Feature","properties":{"osm_id":9735266,"osm_type":"relation","ele":"15","intermittent":"no","name":"Hồ Trúc Bạch","name:en":"Truc Bach Lake","name:id":"Danau Truc Bach","name:ko":"쮹박호","name:ru":"Озеро Truc Bach","name:vi":"Hồ Trúc Bạch","name:vi-Hani":"湖竹帛","name:zh":"竹帛湖","natural":"water","salt":"no","tidal":"no","type":"multipolygon","water":"lake","wikidata":"Q1320141","wikipedia":"vi:Hồ Trúc Bạch","role":"inner","member_type":"way","member_ref":196230859},"geometry":{"type":"LineString","coordinates":[[105.8388771,21.0487915],[105.8388771,21.0487915]]}},{"type":"Feature","properties":{"osm_id":10059546,"osm_type":"relation","name":"Hồ Mễ Trì","natural":"water","salt":"no","tidal":"no","type":"multipolygon","water":"lake","role":"inner","member_type":"way","member_ref":727020201},"geometry":{"type":"LineString","coordinates":[[105.7869398,21.0008344],[105.7869398,21.0008344]]}},{"type":"Feature","properties":{"osm_id":14228299,"osm_type":"relation","name":"Ao Đình Cam","natural":"water","type":"multipolygon","water":"lake","role":"inner","member_type":"way","member_ref":1067639930},"geometry":{"type":"LineString","coordinates":[[105.9440564,21.0290716],[105.9440564,21.0290716]]}},{"type":"Feature","properties":{"osm_id":570562613,"osm_type":"way","natural":"water","source":"Esri","water":"river"},"geometry":{"type":"Polygon","coordinates":[[[105.7708322,21.0901273],[105.7710334,21.0907786],[105.7713171,21.0913511],[105.7714757,21.0918314],[105.7717484,21.0925734],[105.7721761,21.0930842],[105.7714515,21.0926926],[105.7709109,21.0925947],[105.7712512,21.0922405],[105.7710928,21.0916958],[105.770786,21.0910864],[105.7704265,21.0905785],[105.7703671,21.0901784],[105.7704663,21.0895904],[105.7705682,21.0889172],[105.7705253,21.0884217],[105.7706472,21.0869501],[105.7708472,21.0846828],[105.7708847,21.0840997],[105.7709438,21.0830836],[105.7709625,21.0824354],[105.7710296,21.0800503],[105.7711476,21.0791093],[105.7711744,21.0782409],[105.7712281,21.0768568],[105.7712763,21.0757806],[105.7713836,21.0742089],[105.7714695,21.0726171],[105.7715714,21.0709402],[105.7716814,21.0696061],[105.7718235,21.0674161],[105.7719576,21.0654288],[105.7720703,21.0635465],[105.7722151,21.0617293],[105.7722634,21.0611537],[105.7722634,21.0605479],[105.7722795,21.0600974],[105.7723653,21.0588609],[105.7723975,21.0578246],[105.7725343,21.0570011],[105.7725772,21.0564704],[105.7724914,21.0559147],[105.7723385,21.0551988],[105.7718718,21.0541325],[105.7713219,21.0531563],[105.769195,21.0498846],[105.7678042,21.0477819],[105.7675387,21.04731],[105.7671981,21.0468832],[105.7668561,21.0463638],[105.7666147,21.0459908],[105.7657456,21.0446478],[105.7653165,21.044112],[105.765,21.0438617],[105.7643563,21.0435087],[105.7637313,21.0433535],[105.7627523,21.0431708],[105.7622963,21.0430106],[105.7619691,21.0427653],[105.7615828,21.0423197],[105.7613629,21.0419842],[105.7610035,21.041048],[105.7605851,21.0401067],[105.7601827,21.0398413],[105.7593298,21.0392906],[105.7587343,21.0388149],[105.7584178,21.0384144],[105.7582515,21.0378061],[105.7583615,21.0369674],[105.7584232,21.0364842],[105.7584688,21.0359635],[105.7585761,21.0354053],[105.758729,21.034683],[105.7587504,21.0340058],[105.7587531,21.033435],[105.7587156,21.0328342],[105.7586834,21.0321833],[105.7585815,21.0314748],[105.7583991,21.0305485],[105.7582086,21.0301829],[105.7578251,21.0296873],[105.7571787,21.0289424],[105.7565135,21.0282327],[105.7559422,21.0276418],[105.7551992,21.0269283],[105.7547566,21.0264251],[105.7544455,21.0259844],[105.7542095,21.0256414],[105.7540995,21.0251707],[105.7542282,21.0244422],[105.7544696,21.023949],[105.7549015,21.023288],[105.7551134,21.0227522],[105.755167,21.0222214],[105.7550168,21.0216381],[105.7548049,21.0212625],[105.7543811,21.0203937],[105.7539734,21.0196702],[105.7537401,21.0192195],[105.7536408,21.0183657],[105.75385,21.0180202],[105.7542336,21.0174443],[105.754593,21.0169936],[105.755462,21.0160898],[105.7559153,21.015544],[105.7564008,21.0150307],[105.7577419,21.0135885],[105.7585037,21.0127722],[105.7598126,21.0118158],[105.7610142,21.0109494],[105.7620174,21.0102083],[105.7623835,21.0098089],[105.7629964,21.0088712],[105.7631224,21.0082252],[105.7630044,21.0073588],[105.7627174,21.0067729],[105.7625324,21.0060718],[105.7624465,21.0055059],[105.7623231,21.0045794],[105.7620227,21.0038483],[105.7617974,21.0032047],[105.7617572,21.002456],[105.7621059,21.0017199],[105.7624063,21.0012391],[105.7626665,21.000568],[105.7626745,21.0001548],[105.7625538,20.999644],[105.7623124,20.9989278],[105.7621434,20.9981891],[105.7621005,20.9976933],[105.7622695,20.9972776],[105.7629186,20.9967317],[105.7635194,20.9965164],[105.766046,20.9961508],[105.7678914,20.9957501],[105.7703161,20.9948787],[105.7712388,20.994448],[105.7724941,20.9934964],[105.7737064,20.992645],[105.7759488,20.9915832],[105.7777727,20.9906416],[105.7782769,20.9903662],[105.7774642,20.99115],[105.7757771,20.9920089],[105.7744467,20.9925699],[105.7735884,20.9930507],[105.7726604,20.9937017],[105.7717377,20.9944229],[105.7711583,20.9948236],[105.7702464,20.9952243],[105.7681435,20.9960306],[105.766958,20.9963962],[105.7646352,20.9967067],[105.7638574,20.9967418],[105.7631975,20.9969321],[105.7627147,20.9971725],[105.7623661,20.9977108],[105.7624358,20.9983494],[105.7626584,20.9991482],[105.7628408,20.9996315],[105.762983,21.0002274],[105.7628757,21.0008484],[105.7624358,21.0015746],[105.762071,21.0022457],[105.7619034,21.0028517],[105.7622051,21.003688],[105.7625967,21.0045243],[105.7626826,21.004945],[105.762704,21.0054158],[105.7628542,21.0059917],[105.7630473,21.0067128],[105.7632995,21.007494],[105.763455,21.0082001],[105.7632351,21.0089463],[105.7628006,21.0097275],[105.7623929,21.0102583],[105.7614487,21.0109144],[105.7611376,21.01134],[105.7602096,21.0119109],[105.759303,21.0125769],[105.758273,21.0134382],[105.7573074,21.0145099],[105.7564652,21.0154263],[105.7554138,21.0165179],[105.7548156,21.0171664],[105.7541048,21.0180002],[105.7539225,21.0184008],[105.7539225,21.0188414],[105.7539815,21.019257],[105.7541639,21.0196176],[105.7547486,21.0206441],[105.7552636,21.0216806],[105.7554406,21.0224017],[105.7553065,21.0231077],[105.7548505,21.0238088],[105.7545716,21.0241543],[105.7543731,21.0248453],[105.7544562,21.0255813],[105.7548076,21.0261221],[105.7556149,21.0269984],[105.7562372,21.0277019],[105.7568675,21.0283353],[105.7581631,21.0297123],[105.7586861,21.0303982],[105.7589006,21.0314147],[105.7589757,21.0326364],[105.7590401,21.0336728],[105.7589435,21.0349797],[105.7587182,21.0361112],[105.7586083,21.0371201],[105.7586163,21.0378336],[105.7587665,21.0383994],[105.7591206,21.0387248],[105.759657,21.0391103],[105.7603168,21.0395559],[105.7609069,21.0400516],[105.7613307,21.0409128],[105.7615407,21.0414284],[105.7617813,21.0420193],[105.762189,21.04256],[105.762822,21.0428153],[105.7642865,21.0432459],[105.7652682,21.0436514],[105.7658207,21.0442723],[105.7665718,21.0453186],[105.7673228,21.0466053],[105.7678217,21.0472812],[105.768739,21.0487231],[105.7697904,21.0501299],[105.7708043,21.0515517],[105.7714051,21.052563],[105.7724082,21.0544654],[105.7728642,21.0555017],[105.77295,21.056578],[105.7728803,21.057359],[105.7727516,21.0585855],[105.7727194,21.0597019],[105.7726067,21.0612137],[105.7725799,21.0625503],[105.7724351,21.0644326],[105.7723331,21.0650834],[105.7723546,21.0655239],[105.7723063,21.0665951],[105.7722098,21.0676013],[105.7720971,21.0704046],[105.7719684,21.0722767],[105.7717752,21.0747395],[105.771625,21.0771822],[105.7715285,21.0799452],[105.7714641,21.0812366],[105.7713139,21.0819073],[105.7713246,21.0830836],[105.7712871,21.0839445],[105.7712272,21.084627],[105.7711422,21.0858065],[105.770992,21.088294],[105.7709116,21.0887445],[105.7707775,21.0893001],[105.7708418,21.0898656],[105.7708322,21.0901273]]]}},{"type":"Feature","properties":{"osm_id":471485747,"osm_type":"way","natural":"water","water":"river"},"geometry":{"type":"LineString","coordinates":[[105.8878184,20.9434604],[105.8899487,20.9474974],[105.8926338,20.9511517],[105.8936501,20.9525269],[105.8941076,20.9529651],[105.8944666,20.9532589],[105.8961003,20.9550532],[105.8995181,20.9594922],[105.9022288,20.964276],[105.9047002,20.9670663],[105.9059491,20.9690532],[105.9068442,20.9704771],[105.9079363,20.9731877],[105.9084,20.9750362],[105.9093069,20.9764848],[105.9095918,20.9768886],[105.910778,20.9781012],[105.9122157,20.9791731],[105.9126502,20.9800697],[105.9128393,20.9810441],[105.9132258,20.9830375],[105.912963,20.9850555],[105.9124469,20.9860254],[105.91186,20.9871284],[105.9114734,20.9875661],[105.9102803,20.988917],[105.909724,20.9894288],[105.9086393,20.9904266],[105.9046898,20.9939451],[105.8985186,20.9983918],[105.8959084,20.9996457],[105.8931988,21.0008021],[105.8902296,21.0019457],[105.8898447,21.0020802],[105.8894783,21.0022889],[105.8890145,21.0024979],[105.888336,21.0027997],[105.8876791,21.0031004],[105.8872398,21.0033635],[105.8867337,21.0038314],[105.8863915,21.0041926],[105.8860481,21.0045204],[105.8855574,21.0047918],[105.885203,21.0051645],[105.8848242,21.0053669],[105.8846787,21.00575],[105.8842712,21.0060764],[105.8840288,21.0064433],[105.8838262,21.0068044],[105.883387,21.0069768],[105.8830239,21.006688],[105.8827369,21.0064039],[105.8823182,21.0064644],[105.8818222,21.0066586],[105.8815467,21.0071045],[105.8807491,21.0073931],[105.8799356,21.0075984],[105.8795833,21.0080183],[105.8793235,21.0085952],[105.8794185,21.0090879],[105.8795347,21.0094788],[105.8791516,21.009297],[105.8790783,21.0088888],[105.8785785,21.0095225],[105.877706,21.0104075],[105.8763541,21.011779],[105.8759439,21.0122267],[105.8750381,21.0133292],[105.8745911,21.0138734],[105.8738217,21.0149006],[105.871421,21.0195194],[105.8713738,21.0208633],[105.870351,21.023726],[105.8697469,21.0254166],[105.8687406,21.0292243],[105.8683179,21.0295899],[105.8682124,21.0306221],[105.8678348,21.0316217],[105.867481,21.0323182],[105.8671957,21.033184],[105.8622073,21.0300027],[105.86225,21.0287305],[105.8624781,21.0276318],[105.8626128,21.0268981],[105.8627685,21.0263316],[105.8627977,21.0257781],[105.8628864,21.0246633],[105.8630907,21.0236885],[105.8633034,21.0232137],[105.863398,21.0226811],[105.8635197,21.0221367],[105.863606,21.0216493],[105.863918,21.0209488],[105.8643236,21.0197666],[105.8652073,21.017224],[105.8662909,21.0142044],[105.8668949,21.0130518],[105.8681631,21.0107441],[105.8697944,21.0084085],[105.8703758,21.0077653],[105.8711442,21.0067514],[105.8718104,21.0059604],[105.8742318,21.004087],[105.8780239,21.0027688],[105.8819912,21.0017476],[105.8853784,21.0009497],[105.8859848,21.0007879],[105.8869646,21.0003458],[105.8882192,20.9998618],[105.889995,20.9989514],[105.89322,20.9968481],[105.8936441,20.997021],[105.8962834,20.9954233],[105.9004523,20.991714],[105.9026677,20.9895943],[105.9042242,20.9871506],[105.9044749,20.9856093],[105.9044105,20.9841092],[105.904153,20.981084],[105.9037436,20.9791667],[105.9027491,20.9741262],[105.9021413,20.971398],[105.9018758,20.9701783],[105.9016746,20.9696849],[105.901283,20.9689798],[105.8998936,20.9670363],[105.8985756,20.9650597],[105.8958381,20.9613444],[105.8949155,20.9601823],[105.8931136,20.9581111],[105.8843104,20.9479584],[105.8840201,20.9476816],[105.8837041,20.9472599],[105.8837091,20.9468397],[105.8823665,20.9444585],[105.8807259,20.942179],[105.8802134,20.9412408],[105.8798779,20.9409478],[105.8795279,20.9404963],[105.8792926,20.9400296]]}},{"type":"Feature","properties":{"osm_id":912464691,"osm_type":"way","natural":"water","water":"river"},"geometry":{"type":"Polygon","coordinates":[[[105.8053256,21.0459533],[105.8053151,21.0453792],[105.8053899,21.0449006],[105.805446,21.0443101],[105.8054923,21.043537],[105.8054829,21.0430475],[105.8053444,21.0425086],[105.8053288,21.0419571],[105.8053784,21.0414425],[105.8055676,21.040954],[105.8058112,21.0405284],[105.8060176,21.040176],[105.8062199,21.0395187],[105.8063152,21.0389413],[105.8063201,21.0385353],[105.8062188,21.0373686],[105.8061248,21.0369581],[105.8058737,21.0364637],[105.8056088,21.0360704],[105.8047313,21.0349288],[105.8042585,21.0342371],[105.8036896,21.033304],[105.8033577,21.0327792],[105.8029342,21.0323511],[105.8022809,21.0316219],[105.8014691,21.0306971],[105.8011369,21.0302768],[105.8002731,21.0292176],[105.7998399,21.0287368],[105.7994213,21.0282911],[105.7986223,21.0274779],[105.7983243,21.0271638],[105.7980946,21.0268124],[105.797824,21.0261777],[105.7975096,21.0252877],[105.7974173,21.0248784],[105.7974362,21.0244731],[105.7975727,21.0240761],[105.7978694,21.02363],[105.7983993,21.0232234],[105.7988056,21.0229176],[105.7995132,21.0223665],[105.7998479,21.0220575],[105.8001491,21.0216559],[105.8007724,21.0207325],[105.8011115,21.0202074],[105.8013219,21.0198329],[105.8016693,21.0191709],[105.8020283,21.0184964],[105.802508,21.0176433],[105.802725,21.0172811],[105.8029789,21.0169138],[105.8032804,21.016529],[105.8035446,21.0161908],[105.8038896,21.015756],[105.8043877,21.0152764],[105.8047567,21.0149452],[105.8055662,21.0142001],[105.8063421,21.0135041],[105.8069552,21.0129958],[105.8074921,21.0125421],[105.8081733,21.0120975],[105.8094673,21.0112313],[105.8105227,21.0105084],[105.8113266,21.0100628],[105.8131592,21.0089281],[105.8137463,21.0085525],[105.8142075,21.0081418],[105.8146072,21.007763],[105.8149496,21.0074902],[105.8151631,21.0071341],[105.815553,21.0066112],[105.8159809,21.0059617],[105.8164052,21.0052786],[105.8165797,21.0048456],[105.8167693,21.0043206],[105.816937,21.0038814],[105.8173663,21.0029244],[105.8178952,21.0017533],[105.8181536,21.0012804],[105.8182615,21.0008706],[105.8182826,21.0003313],[105.818198,20.9999317],[105.8179524,20.999489],[105.8175429,20.999022],[105.8171931,20.9986313],[105.8165879,20.9979427],[105.8161013,20.9972913],[105.8156985,20.9967054],[105.8153462,20.9962086],[105.815126,20.9958398],[105.814865,20.9954318],[105.814569,20.9948734],[105.8142135,20.993753],[105.8139716,20.9929565],[105.813662,20.9919567],[105.8133432,20.9906928],[105.8132799,20.9902565],[105.8131629,20.9895033],[105.8130438,20.9886365],[105.8130469,20.9879586],[105.8131558,20.9875255],[105.813448,20.986604],[105.8136324,20.9862022],[105.8139928,20.9856075],[105.8145711,20.9846549],[105.8151365,20.9837751],[105.815417,20.9833409],[105.8156873,20.9829751],[105.8160555,20.9825245],[105.8163409,20.9821962],[105.8166576,20.9818868],[105.8170976,20.9815252],[105.8179749,20.980825],[105.8183376,20.9805233],[105.8188052,20.980217],[105.8196362,20.9798434],[105.820666,20.9794015],[105.8211854,20.9792188],[105.8223183,20.9788228],[105.8227686,20.9786181],[105.8233232,20.9783174],[105.8237816,20.9780653],[105.8242821,20.9777345],[105.8246433,20.9774147],[105.8249016,20.977056],[105.8250242,20.9766674],[105.8250141,20.9760292],[105.8250015,20.9753665],[105.8249476,20.9739666],[105.8249187,20.9731362],[105.8248993,20.9719293],[105.8248569,20.9710525],[105.8247585,20.9704963],[105.8242114,20.9693082],[105.8238624,20.9684963],[105.8237114,20.9681149],[105.8233372,20.9675935],[105.8221774,20.9665233],[105.8216324,20.9660452],[105.821209,20.9657426],[105.820349,20.9651195],[105.8192981,20.964415],[105.8188708,20.9640604],[105.8182186,20.9634719],[105.8178553,20.9631834],[105.8163919,20.9623348],[105.815713,20.9619707],[105.8140547,20.961173],[105.8136239,20.9609826],[105.8132804,20.9607277],[105.8129492,20.9603873],[105.8124925,20.9600359],[105.811868,20.9595384],[105.8115192,20.9592436],[105.8111078,20.9588376],[105.8107779,20.9584271],[105.8102895,20.9576591],[105.809965,20.9571217],[105.809734,20.9566983],[105.8093812,20.9560987],[105.8089147,20.9553169],[105.8084111,20.954449],[105.8078667,20.9535207],[105.8076631,20.9531684],[105.8080044,20.9534332],[105.8084511,20.9541834],[105.8091048,20.9552965],[105.809545,20.9560171],[105.8099566,20.9567072],[105.8102906,20.9572543],[105.8106903,20.9579519],[105.8110756,20.9583624],[105.8113711,20.95879],[105.8117882,20.9592911],[105.8122047,20.9596541],[105.8127924,20.9600978],[105.8137084,20.960698],[105.8142187,20.9609526],[105.8153144,20.9614641],[105.8164933,20.9620854],[105.8169779,20.962352],[105.8179997,20.9629546],[105.8183281,20.9631923],[105.8186864,20.9635366],[105.8193299,20.9641042],[105.8204655,20.9648844],[105.8215877,20.9656665],[105.8224183,20.9663818],[105.8235909,20.9674418],[105.8238594,20.9677851],[105.8243175,20.9688266],[105.824718,20.9697622],[105.8249726,20.9702895],[105.8251358,20.9709658],[105.8251429,20.9714157],[105.8251757,20.9720937],[105.8252053,20.973185],[105.8252362,20.9741113],[105.8252744,20.9749523],[105.8252931,20.9755862],[105.8253013,20.9760103],[105.8253068,20.9765462],[105.8252078,20.9769652],[105.8250116,20.9773506],[105.8247538,20.9776647],[105.8243745,20.9779655],[105.8238637,20.9782989],[105.8229087,20.9788139],[105.822516,20.9790068],[105.8217869,20.9792712],[105.8206521,20.979676],[105.8197154,20.9800926],[105.8191607,20.9803355],[105.8186623,20.9806081],[105.8183253,20.9808804],[105.8175289,20.9815147],[105.8171542,20.9818187],[105.8166801,20.9822408],[105.8159168,20.983114],[105.8156064,20.9835171],[105.8153641,20.9839211],[105.8149645,20.9845348],[105.8143941,20.9854801],[105.8138913,20.9862942],[105.8133922,20.9875985],[105.8132863,20.9882259],[105.8133005,20.9886731],[105.8135206,20.9901272],[105.8136375,20.9907813],[105.8137584,20.9913669],[105.8139106,20.9919107],[105.8142008,20.992864],[105.8144403,20.9935904],[105.8147071,20.9945186],[105.8149247,20.9950022],[105.8152637,20.9956063],[105.8155739,20.9961313],[105.8161772,20.9969433],[105.816775,20.9977687],[105.8178766,20.9990341],[105.8182251,20.9994293],[105.8184442,20.9998159],[105.8185559,21.0003691],[105.8185099,21.0009774],[105.8183469,21.0014007],[105.8181089,21.0018684],[105.8177865,21.0025956],[105.817398,21.0035725],[105.8172368,21.003965],[105.8170434,21.0045158],[105.8168582,21.0050244],[105.8165071,21.0056371],[105.8157008,21.0068265],[105.8154022,21.0072501],[105.815125,21.0076105],[105.8148147,21.0079273],[105.8144999,21.008219],[105.8141974,21.0084928],[105.8135444,21.0089677],[105.8114346,21.0102715],[105.8107175,21.0108056],[105.8087526,21.0121256],[105.8081467,21.0125348],[105.8075652,21.012944],[105.8067799,21.0135849],[105.8063242,21.0139832],[105.8058775,21.0143957],[105.8050783,21.0151684],[105.804664,21.0155445],[105.8041542,21.0160209],[105.8036,21.0167253],[105.8033513,21.0170406],[105.8030409,21.0174651],[105.8028183,21.0178477],[105.8026059,21.0182414],[105.80238,21.0186423],[105.80202,21.0193052],[105.8016647,21.0199799],[105.801461,21.0203475],[105.8009493,21.0211504],[105.8005256,21.0217555],[105.8002379,21.0221438],[105.7998883,21.0225078],[105.7993285,21.0229459],[105.798491,21.0235932],[105.7981441,21.0238923],[105.7978923,21.0242905],[105.7977992,21.0247293],[105.7979032,21.0252263],[105.7981741,21.026012],[105.7983615,21.0265098],[105.7987436,21.0270414],[105.7992733,21.0276335],[105.7999167,21.0283556],[105.8006525,21.0291509],[105.8010641,21.0296563],[105.8013772,21.0300407],[105.8017488,21.0304443],[105.8026915,21.0315113],[105.8032853,21.0321879],[105.8036093,21.0325892],[105.8038628,21.0329492],[105.8041007,21.033337],[105.8045337,21.0340337],[105.8047843,21.0343965],[105.8050424,21.0347592],[105.8057122,21.0356358],[105.8061971,21.0363468],[105.8063727,21.036715],[105.8065202,21.0373855],[105.8066058,21.0384263],[105.8066047,21.0389333],[105.8064828,21.0396158],[105.8063781,21.040109],[105.8061081,21.0405661],[105.8057654,21.041092],[105.8056044,21.0416741],[105.805576,21.0422633],[105.805634,21.0427475],[105.8056655,21.0431796],[105.8056528,21.0436131],[105.8056201,21.044278],[105.8055683,21.0448587],[105.8054803,21.0453745],[105.8053256,21.0459533]]]}},{"type":"Feature","properties":{"osm_id":6907107,"osm_type":"relation","natural":"water","type":"multipolygon","water":"river","role":"outer","member_type":"way","member_ref":9703046},"geometry":{"type":"LineString","coordinates":[[105.8365417,21.0792491],[105.8361545,21.0798904],[105.8355033,21.0804853],[105.8346942,21.0809919],[105.8336043,21.081532],[105.8324366,21.0821809],[105.8281257,21.0840016],[105.8276045,21.0840073],[105.8272075,21.0842221],[105.8267367,21.0843157],[105.8265785,21.0847587],[105.8260802,21.0850721],[105.8255879,21.0853676],[105.8251503,21.0855583],[105.8246782,21.0855395],[105.8242205,21.085792],[105.8237714,21.086117],[105.8241386,21.0864242],[105.8235929,21.086487],[105.8233491,21.086916],[105.8229822,21.0872236],[105.8219238,21.0877441],[105.8207289,21.0881365],[105.8199652,21.0883873],[105.8167091,21.0894565],[105.8138498,21.0903717],[105.8133504,21.0905316],[105.812844,21.0906431],[105.8123423,21.0907893],[105.811593,21.0908908],[105.8105191,21.0908905],[105.8081307,21.0902599],[105.805534,21.0902348],[105.8035325,21.0901297],[105.8005983,21.0908419],[105.7980843,21.0914858],[105.7938671,21.0929371],[105.7924463,21.093426],[105.787358,21.0937887],[105.7864729,21.0940455],[105.7858542,21.094225],[105.7851219,21.0941625],[105.7845801,21.0942926],[105.7816019,21.0944645],[105.7808272,21.0945554],[105.7803004,21.0946173],[105.7797099,21.0946866],[105.7791242,21.0947554],[105.778462,21.0948331],[105.7779567,21.0948949],[105.7772738,21.0949783],[105.7765849,21.0949928],[105.775584,21.0948707],[105.7749806,21.0946451],[105.7739851,21.0944568],[105.7734904,21.0938974],[105.77297,21.0935076],[105.7721761,21.0930842],[105.7714515,21.0926926],[105.7709109,21.0925947],[105.7704365,21.0924139],[105.7695285,21.0922323],[105.7661597,21.0918038],[105.7641511,21.091731],[105.7626544,21.0919526],[105.7592925,21.0921787],[105.7575117,21.0920847],[105.7567422,21.0914721],[105.7546317,21.0905776],[105.7541634,21.090336],[105.7543629,21.0912415],[105.7547982,21.0916599],[105.754461,21.0921087],[105.7527617,21.0921539],[105.7528148,21.0916854],[105.7529821,21.0910918],[105.752991,21.0905227],[105.7527732,21.090075],[105.752337,21.0902546],[105.7519613,21.090513],[105.7512732,21.0908569],[105.7505281,21.0908715],[105.7499996,21.0906202],[105.7493433,21.090793],[105.7495628,21.0916316],[105.749781,21.0920861],[105.7502925,21.0916297],[105.7504546,21.0922425],[105.7512587,21.091876],[105.7515514,21.0924142],[105.7512039,21.0928937],[105.7506738,21.0928812],[105.7500985,21.0930819],[105.7495731,21.0930947],[105.7490578,21.0927461],[105.7486203,21.0917287],[105.748151,21.0917174],[105.7478768,21.0921004],[105.7481739,21.0926997],[105.7485732,21.0934887],[105.7477454,21.0938831],[105.7439264,21.0946595],[105.7412012,21.0974822]]}},{"type":"Feature","properties":{"osm_id":1473881114,"osm_type":"way","natural":"water","water":"canal"},"geometry":{"type":"Polygon","coordinates":[[[105.8302747,21.00964],[105.8299518,21.0092075],[105.8299518,21.008722],[105.8302961,21.0084333],[105.8311439,21.0081009],[105.8316521,21.0077934],[105.8320707,21.0071664],[105.832526,21.0061726],[105.8325878,21.0057571],[105.8325138,21.0050946],[105.8323161,21.0040998],[105.8323206,21.0035343],[105.8324641,21.0030927],[105.8327784,21.0026223],[105.833335,21.0021349],[105.8337315,21.0019153],[105.8341492,21.0016635],[105.8344756,21.0013881],[105.8347017,21.0010502],[105.8350708,21.0004169],[105.8353994,20.9996906],[105.8359265,20.9986611],[105.8362448,20.9977496],[105.8363523,20.996503],[105.8364162,20.9956379],[105.8364689,20.9945427],[105.8365267,20.9938081],[105.8366798,20.9929099],[105.8367538,20.9924498],[105.8370671,20.9905784],[105.8373804,20.9887534],[105.83743,20.9882981],[105.8371056,20.9878901],[105.8358322,20.9871773],[105.8353922,20.9867883],[105.8349359,20.9862487],[105.834649,20.9856466],[105.834499,20.9850853],[105.8344067,20.9845741],[105.834577,20.9833397],[105.8346807,20.9827969],[105.8348936,20.9819952],[105.835568,20.9788027],[105.8355789,20.9783973],[105.8349153,20.9777416],[105.8326444,20.9763361],[105.8322072,20.9760573],[105.8318163,20.9751993],[105.8315204,20.9747055],[105.8312097,20.9743934],[105.830798,20.9739845],[105.8303317,20.9736418],[105.8298205,20.9734847],[105.8292336,20.9735073],[105.8287494,20.9735883],[105.8281387,20.9734392],[105.8253034,20.9720166],[105.8285787,20.973443],[105.8292347,20.9733284],[105.8296605,20.973301],[105.8302177,20.9733994],[105.8306784,20.9736503],[105.8314216,20.974348],[105.8317156,20.9747087],[105.8319569,20.9752303],[105.8321897,20.9758101],[105.8326676,20.9761874],[105.8333256,20.9765879],[105.8339806,20.9769864],[105.8346639,20.9774048],[105.8352145,20.9777447],[105.835622,20.978006],[105.8357508,20.9785759],[105.8352175,20.9812379],[105.8349944,20.9822025],[105.8348861,20.9826517],[105.8347931,20.9830928],[105.8346408,20.9838928],[105.8345877,20.9845596],[105.8346491,20.9850096],[105.8348008,20.9855952],[105.8351354,20.9862569],[105.8356798,20.9869053],[105.8371672,20.9877961],[105.8374926,20.9880602],[105.8375808,20.9884559],[105.8373084,20.9900997],[105.8371129,20.9912184],[105.8369623,20.9920576],[105.8368029,20.9929248],[105.8366645,20.9937049],[105.836633,20.9941298],[105.8366068,20.9946706],[105.8365946,20.9952956],[105.8365799,20.9958],[105.836564,20.9962478],[105.836534,20.9971941],[105.8364976,20.9976223],[105.8361615,20.9985579],[105.8357817,20.9993587],[105.8355969,20.9997342],[105.8353671,21.0001361],[105.8351029,21.0006464],[105.8346353,21.0013653],[105.8340199,21.0018546],[105.833382,21.0022076],[105.8328289,21.0026965],[105.8325465,21.0031305],[105.832398,21.0035416],[105.8323928,21.004046],[105.8324657,21.0044427],[105.8326124,21.0050571],[105.8326967,21.0057859],[105.8324914,21.006547],[105.8323567,21.0069247],[105.8320851,21.0072784],[105.8317536,21.0078205],[105.8311649,21.0081892],[105.8305534,21.0084315],[105.8300605,21.0087278],[105.8300818,21.0092217],[105.8302747,21.00964]]]}},{"type":"Feature","properties":{"osm_id":1155354915,"osm_type":"way","natural":"water","water":"river"},"geometry":{"type":"Polygon","coordinates":[[[105.853069,20.9543545],[105.8516166,20.9536172],[105.8503532,20.9529985],[105.849444,20.9526178],[105.8488217,20.9524024],[105.848076,20.9521369],[105.8459115,20.9513929],[105.8451202,20.951165],[105.8445811,20.9510823],[105.8438328,20.9510172],[105.8430415,20.9509596],[105.8426137,20.9512188],[105.8425292,20.951676],[105.8425319,20.9524725],[105.8424112,20.9528833],[105.8420384,20.9534569],[105.8414644,20.9539428],[105.8409642,20.9541032],[105.8404586,20.9541708],[105.839788,20.9540931],[105.8381546,20.953264],[105.8368027,20.9525502],[105.8364192,20.9523848],[105.8359364,20.9522646],[105.8354804,20.952207],[105.8348474,20.9521744],[105.8342224,20.9521168],[105.8331147,20.9520742],[105.8326346,20.9521318],[105.8322369,20.9522533],[105.8317924,20.9524374],[105.8312935,20.9526854],[105.8308214,20.9529409],[105.8295393,20.9535796],[105.8287936,20.9540506],[105.8282572,20.9545139],[105.8276939,20.9550074],[105.8271468,20.9554758],[105.8268088,20.9556962],[105.8256447,20.9563074],[105.8251834,20.9564477],[105.8237028,20.956648],[105.8208972,20.9570688],[105.8204761,20.9571665],[105.8199182,20.9574295],[105.819363,20.9579255],[105.8183438,20.9590501],[105.8179495,20.9593519],[105.8174197,20.9595636],[105.8169477,20.9596901],[105.8160183,20.9598191],[105.8151922,20.9596813],[105.8145994,20.9595586],[105.8140013,20.9594158],[105.8135265,20.9594559],[105.8131617,20.9597201],[105.8128389,20.9601283],[105.8137084,20.960698],[105.8133441,20.9602824],[105.8133736,20.9598779],[105.8138189,20.9596525],[105.8142199,20.9596876],[105.814696,20.9598441],[105.8153799,20.9599994],[105.8159834,20.960072],[105.8165507,20.9600194],[105.8175196,20.9598281],[105.8179434,20.95967],[105.8183692,20.9593908],[105.8186804,20.9590927],[105.8191538,20.9585786],[105.8198123,20.9578841],[105.8202763,20.9575479],[105.8206796,20.9573885],[105.8249346,20.9567626],[105.825469,20.9566518],[105.8259827,20.9564426],[105.8263421,20.9562485],[105.827124,20.9558089],[105.827706,20.9553568],[105.8288795,20.9543236],[105.8293261,20.954013],[105.8298491,20.953651],[105.8303654,20.9533893],[105.8308509,20.9531313],[105.831563,20.9527618],[105.8319707,20.9525627],[105.8323798,20.9524424],[105.8329511,20.9522696],[105.8334982,20.9522721],[105.8343673,20.9523347],[105.8348688,20.9523673],[105.8355984,20.9524274],[105.8361375,20.9525051],[105.8366793,20.952703],[105.8371353,20.9529434],[105.8390558,20.9539579],[105.8396378,20.9542334],[105.8403084,20.9543737],[105.8407268,20.9543687],[105.8411854,20.9543248],[105.8416629,20.9540656],[105.8421604,20.9537349],[105.8425842,20.9531801],[105.8427545,20.9527706],[105.8428243,20.9516697],[105.8429235,20.9512752],[105.8437872,20.9512952],[105.8443625,20.951314],[105.8450586,20.9514605],[105.8456191,20.9515983],[105.8463702,20.9518663],[105.8491623,20.9528357],[105.8501735,20.953244],[105.8510774,20.9536798],[105.8527833,20.954519],[105.853069,20.9543545]]]}},{"type":"Feature","properties":{"osm_id":6907107,"osm_type":"relation","natural":"water","type":"multipolygon","water":"river","role":"inner","member_type":"way","member_ref":330602531},"geometry":{"type":"Polygon","coordinates":[[[105.8081912,21.10026],[105.8066218,21.1001348],[105.8052929,21.0999747],[105.8043694,21.0997667],[105.8031769,21.0994821],[105.8015799,21.0988746],[105.799759,21.0983865],[105.7980394,21.0976734],[105.7972612,21.0971808],[105.7959055,21.0965843],[105.7949339,21.0962957],[105.7944141,21.096029],[105.7944644,21.0955788],[105.7950938,21.0958377],[105.7954815,21.095585],[105.7959252,21.0952826],[105.7970459,21.0953009],[105.7985333,21.0953336],[105.7995471,21.0950989],[105.8003934,21.0948207],[105.8009622,21.0947242],[105.8014393,21.0946621],[105.8026227,21.0945044],[105.8036892,21.0943155],[105.8046199,21.0941926],[105.8053381,21.0941444],[105.8105056,21.0938989],[105.8128597,21.0936896],[105.8136974,21.0937323],[105.8148231,21.0934023],[105.8163512,21.0930659],[105.8182684,21.0926911],[105.8200323,21.0924265],[105.8215337,21.0922663],[105.8228821,21.091939],[105.8236857,21.0916546],[105.8254506,21.0913242],[105.8263034,21.0910554],[105.8271563,21.0909003],[105.8281139,21.0906358],[105.8288013,21.0904708],[105.8295095,21.0902775],[105.8302916,21.0898984],[105.8307762,21.0898402],[105.8302471,21.0903715],[105.8294232,21.0911454],[105.8282861,21.0919212],[105.8276612,21.092291],[105.8271898,21.0925559],[105.8256566,21.0933388],[105.824595,21.0938106],[105.8239191,21.0941171],[105.8232204,21.094401],[105.8219824,21.0945852],[105.820384,21.0951495],[105.8190894,21.0959317],[105.8163992,21.0973017],[105.8140342,21.0983139],[105.8120727,21.0991748],[105.8116436,21.0996353],[105.810914,21.1001758],[105.8102059,21.100396],[105.8090931,21.1003757],[105.8081912,21.10026]]]}},{"type":"Feature","properties":{"osm_id":659909978,"osm_type":"way","natural":"water","water":"stream"},"geometry":{"type":"Polygon","coordinates":[[[105.9415665,21.0598416],[105.9418206,21.0602138],[105.9419373,21.061001],[105.9420526,21.061827],[105.9425354,21.0625078],[105.9432167,21.0633738],[105.9440991,21.0644701],[105.944944,21.0654188],[105.9464353,21.0670707],[105.9472185,21.0679092],[105.947582,21.0682896],[105.94678,21.069257],[105.9458399,21.0701968],[105.9455502,21.0704834],[105.9449293,21.0711191],[105.944366,21.0716648],[105.9437987,21.0722216],[105.9430034,21.0730013],[105.942475,21.0735369],[105.9417428,21.0742677],[105.9409221,21.0751074],[105.9404728,21.0755591],[105.9403226,21.0762624],[105.94023,21.0769081],[105.9400839,21.0775288],[105.9399189,21.0779168],[105.940222,21.0775964],[105.9403628,21.0768881],[105.9404808,21.076295],[105.9405774,21.075648],[105.9410495,21.0751374],[105.9416369,21.0745518],[105.9423597,21.0738335],[105.9430678,21.0731377],[105.9434219,21.072791],[105.9437491,21.0724744],[105.9443553,21.0718525],[105.9447335,21.071472],[105.9452659,21.0709539],[105.9458747,21.0703595],[105.9464407,21.0697964],[105.9470415,21.0692044],[105.9476598,21.0685649],[105.9480701,21.0682045],[105.9485167,21.067759],[105.9488238,21.0674349],[105.9495346,21.0667441],[105.9499557,21.0665689],[105.9503567,21.0666877],[105.9514846,21.0669931],[105.952135,21.0671796],[105.9525467,21.0672797],[105.9535982,21.0675675],[105.9548467,21.0679342],[105.9554891,21.0684611],[105.9564225,21.069242],[105.9570153,21.0697576],[105.9575692,21.0702168],[105.9591088,21.0714908],[105.9596492,21.0719588],[105.9586099,21.0709377],[105.9576416,21.070118],[105.9572111,21.0697801],[105.9563622,21.0690593],[105.9554878,21.0683071],[105.9550144,21.0679079],[105.9546348,21.0677352],[105.9537028,21.0674812],[105.9526031,21.0671658],[105.9522101,21.0670857],[105.9513988,21.0668554],[105.9506652,21.0666364],[105.9500697,21.0664687],[105.9496406,21.066495],[105.9483571,21.067734],[105.9478167,21.0682633],[105.9469476,21.0674186],[105.9461457,21.0665551],[105.9453236,21.0656165],[105.9442869,21.0644851],[105.9437008,21.063723],[105.9430423,21.0629358],[105.9426561,21.0624702],[105.9422725,21.0619146],[105.9421451,21.061001],[105.9420338,21.0604465],[105.9419815,21.0599922],[105.9415665,21.0598416]]]}},{"type":"Feature","properties":{"osm_id":1162959477,"osm_type":"way","natural":"water","water":"river"},"geometry":{"type":"Polygon","coordinates":[[[105.8622073,21.0300027],[105.8619623,21.0307455],[105.8616225,21.0312972],[105.8614427,21.0316781],[105.8610785,21.0323912],[105.8597072,21.034052],[105.8596874,21.0346844],[105.8594601,21.0350563],[105.8592572,21.0355709],[105.8589617,21.0359148],[105.858604,21.037095],[105.8581857,21.0376306],[105.8579913,21.0383532],[105.8575312,21.0390303],[105.8568942,21.0401402],[105.8560554,21.0413327],[105.8556731,21.0417753],[105.8555056,21.0421896],[105.8550998,21.0426738],[105.8549476,21.0430999],[105.854622,21.0434831],[105.8542928,21.0440281],[105.8530612,21.0453824],[105.8523033,21.0457278],[105.8516875,21.046187],[105.8507602,21.0472208],[105.850201,21.0479442],[105.8495746,21.0482679],[105.8493445,21.0491861],[105.8490826,21.0504116],[105.8488101,21.0517724],[105.8485553,21.0527005],[105.8482654,21.053662],[105.8474312,21.0550256],[105.8471301,21.0546018],[105.8467599,21.0549105],[105.8465305,21.0552769],[105.8463138,21.0556922],[105.845951,21.0558949],[105.8455166,21.0559064],[105.8459782,21.0551279],[105.8465954,21.0545305],[105.8468717,21.0540323],[105.8470296,21.0535155],[105.8473455,21.0529097],[105.84758,21.052175],[105.8477429,21.0517696],[105.8481699,21.0517074],[105.8485105,21.0512237],[105.8486625,21.0506956],[105.8487153,21.0502217],[105.8487671,21.0496781],[105.8488363,21.0492404],[105.8486265,21.0485494],[105.8489572,21.0482545],[105.8497569,21.0476787],[105.8498408,21.0472456],[105.8503103,21.0468682],[105.850819,21.0463644],[105.8515216,21.0453038],[105.8520165,21.0457185],[105.852573,21.0454604],[105.8530913,21.0450043],[105.8537725,21.0442626],[105.8542859,21.0435232],[105.8547425,21.0428183],[105.8551374,21.0418139],[105.8552707,21.041162],[105.8557019,21.0407843],[105.8560622,21.0402821],[105.8564818,21.0396117],[105.8568421,21.0392432],[105.857321,21.0388769],[105.8575259,21.038358],[105.8577074,21.0379406],[105.8579543,21.0375306],[105.8583072,21.0372104],[105.8588595,21.0363133],[105.858277,21.0363432],[105.8579883,21.0368477],[105.8581117,21.0363524],[105.858509,21.0359815],[105.8587682,21.0354425],[105.8589952,21.034961],[105.8590574,21.0343953],[105.8585214,21.0346385],[105.858741,21.0341271],[105.8590718,21.0338529],[105.8594543,21.0336548],[105.8598073,21.0330697],[105.8601849,21.0326136],[105.860411,21.0321054],[105.8607229,21.0315662],[105.8611228,21.0312336],[105.861419,21.0308535],[105.8617858,21.0305367],[105.861793,21.0300781],[105.8618644,21.0295782],[105.8619792,21.0290679],[105.86225,21.0287305],[105.8622073,21.0300027]]]}},{"type":"Feature","properties":{"osm_id":6907107,"osm_type":"relation","natural":"water","type":"multipolygon","water":"river","role":"outer","member_type":"way","member_ref":1051460708},"geometry":{"type":"LineString","coordinates":[[105.8031509,21.1042168],[105.8005503,21.1041291],[105.7957871,21.1027742],[105.7950365,21.1026247],[105.7875796,21.1011527],[105.7851462,21.1007916],[105.78395,21.1002338],[105.778861,21.0996167],[105.7755357,21.1003366],[105.7635022,21.1022734],[105.7605259,21.1029933],[105.7593318,21.1020334],[105.7563372,21.101245],[105.7543714,21.1014164],[105.748621,21.1038845],[105.7460792,21.1046479],[105.7441419,21.1056904],[105.7431877,21.1060018],[105.7411588,21.1070819],[105.7403157,21.1097663]]}},{"type":"Feature","properties":{"osm_id":1247994368,"osm_type":"way","natural":"water","water":"river"},"geometry":{"type":"Polygon","coordinates":[[[105.8648304,20.9753693],[105.8652783,20.9758261],[105.865173,20.97661],[105.8650694,20.9770538],[105.864907,20.9775012],[105.8646271,20.9785859],[105.8644495,20.9792855],[105.8642914,20.9799237],[105.8641218,20.9805484],[105.8638049,20.981866],[105.8636921,20.9824604],[105.8636046,20.9830387],[105.8634954,20.9839037],[105.8633573,20.9851665],[105.8632375,20.9864294],[105.8631564,20.9872812],[105.863048,20.988252],[105.862965,20.9890357],[105.8627535,20.9909934],[105.8625299,20.9929454],[105.8621954,20.9958734],[105.862086,20.9967714],[105.8617881,20.9995488],[105.8617076,21.000289],[105.8615049,21.0022227],[105.8613364,21.0039445],[105.8612472,21.0047531],[105.8610335,21.0067601],[105.8609454,21.0072436],[105.8611906,21.0066777],[105.8615001,21.003729],[105.8617782,21.0010207],[105.862222,20.9969071],[105.8624961,20.9947145],[105.8627598,20.9924165],[105.862891,20.991378],[105.8630072,20.9903735],[105.8633056,20.987366],[105.8635316,20.9854748],[105.8636671,20.9841468],[105.8637726,20.9831936],[105.8638561,20.9824742],[105.8640936,20.9814919],[105.8646747,20.9792198],[105.8652973,20.9766317],[105.8654162,20.9761534],[105.8654607,20.9756859],[105.8652105,20.9751133],[105.8648528,20.9753306],[105.8648304,20.9753693]]]}},{"type":"Feature","properties":{"osm_id":1473881112,"osm_type":"way","natural":"water","water":"canal"},"geometry":{"type":"Polygon","coordinates":[[[105.8540515,20.9718625],[105.8535357,20.9720243],[105.8528698,20.972401],[105.8523884,20.9729416],[105.8521013,20.9733952],[105.8516451,20.9740764],[105.8509597,20.9744974],[105.8504984,20.974668],[105.8500941,20.9751133],[105.849949,20.9754992],[105.84959,20.9760883],[105.8490782,20.9764563],[105.8483279,20.9768229],[105.8470959,20.9774336],[105.8466751,20.9777071],[105.8462559,20.9781466],[105.8457774,20.9788332],[105.8456903,20.9792637],[105.8457571,20.980288],[105.8458918,20.9810212],[105.8460067,20.981625],[105.8455031,20.9821053],[105.8454694,20.982905],[105.845459,20.98347],[105.8454189,20.9841899],[105.8452893,20.9855074],[105.8452157,20.9859415],[105.8450381,20.9865147],[105.8446587,20.9874181],[105.8444268,20.9881278],[105.8441928,20.9886616],[105.8438902,20.9893698],[105.8436811,20.9900083],[105.8430504,20.9915389],[105.8428871,20.9919215],[105.8428594,20.9923437],[105.8431418,20.9930982],[105.843421,20.9934122],[105.8442789,20.9939479],[105.8446989,20.9943389],[105.8453205,20.9952283],[105.8445964,20.9944128],[105.8440887,20.9939502],[105.8432479,20.9934487],[105.8428896,20.9929671],[105.8427149,20.9922492],[105.8433475,20.9905893],[105.8436177,20.9899323],[105.8437237,20.9894184],[105.843972,20.9888874],[105.8444258,20.9878303],[105.8445605,20.987365],[105.8447732,20.9867672],[105.8450511,20.9859113],[105.845256,20.9839632],[105.8453083,20.98323],[105.8452242,20.9823817],[105.8454487,20.9819938],[105.8458803,20.9818782],[105.8457176,20.980957],[105.8455967,20.9805134],[105.8455567,20.9799897],[105.8455348,20.9795585],[105.8455366,20.9790988],[105.8459338,20.9783777],[105.8462404,20.9779678],[105.8465908,20.9776104],[105.8470812,20.9772886],[105.8477021,20.9769765],[105.8482972,20.9766964],[105.8487848,20.9764314],[105.8494864,20.975993],[105.8497993,20.9754764],[105.8499531,20.974999],[105.8504245,20.9744993],[105.8509273,20.9743171],[105.8515405,20.9738209],[105.8518433,20.9733897],[105.852249,20.9727993],[105.8525489,20.9724312],[105.8532363,20.9719034],[105.853803,20.9716212],[105.8540515,20.9718625]]]}},{"type":"Feature","properties":{"osm_id":6907107,"osm_type":"relation","natural":"water","type":"multipolygon","water":"river","role":"outer","member_type":"way","member_ref":1288563776},"geometry":{"type":"LineString","coordinates":[[105.8622073,21.0300027],[105.8621182,21.0310001],[105.8620568,21.031679],[105.8620082,21.0322108],[105.8617306,21.0332728],[105.8613883,21.0346199],[105.8612201,21.0351355],[105.8608552,21.0362117],[105.8601737,21.0378883],[105.8598217,21.0386125],[105.8596026,21.0393617],[105.8593395,21.0402611],[105.8592443,21.0408417],[105.8585838,21.0428642],[105.8583867,21.0433236],[105.858192,21.0437772],[105.8579552,21.0446146],[105.8575258,21.0454979],[105.8573726,21.0459457],[105.8571982,21.0464276],[105.8568361,21.0472775],[105.8563298,21.0478459],[105.856047,21.0483173],[105.8558553,21.048818],[105.8555422,21.049737],[105.8547642,21.0509545],[105.8541537,21.0525961],[105.8540621,21.0531144],[105.8537341,21.0547446],[105.8533532,21.0562599],[105.8530506,21.0573251],[105.8531899,21.0581891],[105.8529242,21.0589899],[105.8524877,21.0593518],[105.8521203,21.0599455],[105.852024,21.0604733],[105.8521116,21.0609197],[105.8519371,21.0614562],[105.8515321,21.0625198],[105.8511568,21.0631043],[105.8507323,21.0637202],[105.8504544,21.0643716],[105.8501623,21.0648965],[105.8497755,21.0655068],[105.849265,21.0662509],[105.8487829,21.0669551],[105.8481252,21.0678201],[105.847648,21.0684089],[105.8471209,21.0690376],[105.8461274,21.0703668],[105.8449558,21.071646],[105.8438429,21.0730762],[105.8433113,21.0738079],[105.8427228,21.0744133],[105.8419242,21.075087],[105.8410284,21.0755544],[105.8403692,21.0756669],[105.8398993,21.0761143],[105.8394345,21.0763515],[105.8390652,21.0767064],[105.8385919,21.0769808],[105.8383465,21.0773726],[105.8380084,21.0777622],[105.8372747,21.0783575],[105.8368272,21.0788415],[105.8365417,21.0792491]]}},{"type":"Feature","properties":{"osm_id":6907107,"osm_type":"relation","natural":"water","type":"multipolygon","water":"river","role":"outer","member_type":"way","member_ref":469772100},"geometry":{"type":"LineString","coordinates":[[105.8647829,21.0391993],[105.8642307,21.0419612],[105.8640936,21.0436557],[105.8640777,21.0441084],[105.8643218,21.0448908],[105.8642883,21.0455271],[105.8635316,21.0489349],[105.8628177,21.0514459],[105.8626303,21.0521051],[105.8624107,21.0534999],[105.8623547,21.0542185],[105.8622227,21.0549655],[105.862056,21.0554502],[105.8612462,21.0569267],[105.8610352,21.0574558],[105.8607557,21.0581565],[105.8605823,21.0585913],[105.8599555,21.0595739],[105.85891,21.0609609],[105.8569955,21.0652645],[105.8562655,21.066391],[105.8559423,21.0668896],[105.8543245,21.0683305],[105.8532549,21.0695038],[105.852686,21.0699811],[105.8521667,21.0703896],[105.8509239,21.0714197],[105.849475,21.0726056],[105.84845,21.073546],[105.8473826,21.074543],[105.8466196,21.0754307],[105.8458315,21.0762737],[105.8453409,21.0769721],[105.8446791,21.0781821],[105.8445846,21.0787118],[105.8446844,21.0792216],[105.8451426,21.0794136],[105.8462592,21.0807252],[105.8456908,21.0811693],[105.8448118,21.0820111],[105.8443212,21.0823145],[105.843788,21.0829043],[105.8431946,21.0836283],[105.8426548,21.0843624],[105.8423924,21.0847502],[105.841734,21.0857233]]}},{"type":"Feature","properties":{"osm_id":15367496,"osm_type":"relation","natural":"water","type":"multipolygon","role":"outer","member_type":"way","member_ref":913167439},"geometry":{"type":"Polygon","coordinates":[[[105.9315457,21.0311546],[105.9316996,21.0315973],[105.9322718,21.032601],[105.9328483,21.0336255],[105.9330811,21.0340709],[105.9334988,21.0347287],[105.9327348,21.0356303],[105.9316414,21.0366057],[105.9307528,21.037362],[105.9292534,21.0386965],[105.9283184,21.0395092],[105.9278362,21.0398643],[105.9272294,21.0403571],[105.9261388,21.0415516],[105.9256999,21.042265],[105.92501,21.0435599],[105.9245169,21.0444962],[105.9240897,21.0453051],[105.923295,21.0468692],[105.9226216,21.0482239],[105.9221298,21.0491787],[105.9219225,21.049579],[105.9212784,21.0508016],[105.9202078,21.0526473],[105.9213451,21.0508393],[105.9219502,21.04967],[105.9231353,21.0472881],[105.9241335,21.0453464],[105.9245619,21.0445346],[105.9250605,21.0435976],[105.9257563,21.0423151],[105.9259974,21.0418701],[105.9271172,21.0404958],[105.9282862,21.0396197],[105.9335952,21.0349387],[105.9332297,21.0341934],[105.9329709,21.0338035],[105.9315457,21.0311546]]]}},{"type":"Feature","properties":{"osm_id":875161062,"osm_type":"way","natural":"water","water":"lake"},"geometry":{"type":"Polygon","coordinates":[[[105.9268512,20.9577607],[105.9286407,20.9596988],[105.928409,20.9600303],[105.9283104,20.9604722],[105.9283104,20.9609187],[105.928197,20.9613192],[105.9279185,20.9617807],[105.9278322,20.9625909],[105.927916,20.9630213],[105.9278322,20.9634978],[105.9276646,20.9638822],[105.9275315,20.9643011],[105.9273861,20.965033],[105.9270114,20.9657488],[105.9269104,20.9661631],[105.9265604,20.9665429],[105.9261241,20.9666257],[105.9255917,20.9664554],[105.92501,20.9659974],[105.9246181,20.9656936],[105.9241522,20.9654726],[105.9239846,20.9649893],[105.9237948,20.9635645],[105.9241744,20.9644162],[105.9242853,20.9648903],[105.9246402,20.9651067],[105.9253255,20.9656499],[105.9260033,20.9661631],[105.9265579,20.9653944],[105.9252145,20.964354],[105.9267206,20.9646693],[105.9270385,20.9639305],[105.9239254,20.9625909],[105.923992,20.9621214],[105.9257815,20.9627774],[105.9270607,20.9632929],[105.9272185,20.9622825],[105.926166,20.9616956],[105.9244258,20.961035],[105.9244825,20.9606207],[105.9258505,20.9611477],[105.9271568,20.961638],[105.927603,20.9608669],[105.9266663,20.9603513],[105.9255103,20.9599992],[105.9259146,20.9592649],[105.9256311,20.9589634],[105.9259663,20.9585606],[105.9262547,20.9590347],[105.9268931,20.9595319],[105.9267477,20.9600107],[105.9275069,20.9603951],[105.9280319,20.9593731],[105.9272727,20.9585514],[105.9266072,20.957923],[105.9268512,20.9577607]]]}},{"type":"Feature","properties":{"osm_id":208439286,"osm_type":"way","natural":"water"},"geometry":{"type":"Polygon","coordinates":[[[105.9123318,21.0495825],[105.9118463,21.0495225],[105.9114011,21.0496126],[105.9109934,21.04955],[105.9109558,21.0491345],[105.9113823,21.0492446],[105.9118973,21.049182],[105.9122943,21.0488491],[105.9125813,21.0485587],[105.9132277,21.0488766],[105.913681,21.0490944],[105.9140511,21.0493848],[105.9143918,21.0497077],[105.9148021,21.0498904],[105.9153198,21.049938],[105.9156953,21.0501382],[105.9151294,21.0508141],[105.9148102,21.0510594],[105.9144803,21.0513523],[105.9142496,21.0517628],[105.9140189,21.0522359],[105.913866,21.052689],[105.9137775,21.0532222],[105.9136461,21.0536627],[105.9134449,21.0540332],[105.9130265,21.0541433],[105.9125974,21.0539731],[105.9120556,21.0539105],[105.9117578,21.054256],[105.9120609,21.0545514],[105.9125088,21.054654],[105.9118893,21.054694],[105.9109746,21.054231],[105.9091714,21.0533299],[105.9074948,21.0524662],[105.9079917,21.0512342],[105.908261,21.0515528],[105.9079917,21.0518821],[105.9076958,21.0521688],[105.9079613,21.0524874],[105.9084317,21.0523423],[105.9085948,21.0528272],[105.9090765,21.053029],[105.9095203,21.0530467],[105.909839,21.0527812],[105.9096948,21.0532414],[105.9100134,21.0535317],[105.9105217,21.052891],[105.9103624,21.0535459],[105.9106355,21.0538822],[105.9112007,21.0532202],[105.9111476,21.0537052],[105.9110945,21.0541052],[105.9115269,21.0541583],[105.911838,21.0537476],[105.9122249,21.053606],[105.9128584,21.0537901],[105.913306,21.0537866],[105.9133363,21.0533441],[105.912498,21.0529157],[105.9130101,21.0529936],[105.9134387,21.0531069],[105.913598,21.0527246],[105.9128394,21.0523139],[105.9133135,21.0523423],[105.9137308,21.0523529],[105.913746,21.0519175],[105.9132946,21.0516874],[105.9137536,21.0517263],[105.9141708,21.0514785],[105.9139432,21.0511139],[105.9143301,21.0508165],[105.9147663,21.0507351],[105.9149257,21.0503174],[105.9145615,21.0500872],[105.9140987,21.0501828],[105.913708,21.0500554],[105.9138711,21.0496589],[105.9136473,21.049319],[105.913287,21.0495102],[105.9130784,21.0498855],[105.9131277,21.0494713],[105.9130784,21.0489969],[105.9126535,21.0490783],[105.9124108,21.0495067],[105.9123318,21.0495825]]]}},{"type":"Feature","properties":{"osm_id":208376677,"osm_type":"way","natural":"water"},"geometry":{"type":"Polygon","coordinates":[[[105.9150599,21.0442053],[105.9161461,21.0447504],[105.9165587,21.044943],[105.916852,21.045233],[105.9165488,21.0455276],[105.9148362,21.0446762],[105.9148337,21.0451054],[105.915214,21.0452306],[105.9156589,21.0452933],[105.9160318,21.0454928],[105.9163872,21.04569],[105.9166681,21.0460031],[105.9163226,21.0462769],[105.915823,21.0459753],[105.9154054,21.0457739],[105.9148485,21.0458916],[105.9143855,21.0460731],[105.9139364,21.0460913],[105.9138295,21.0456923],[105.9142446,21.0455067],[105.9146299,21.0453304],[105.9138991,21.045451],[105.9135114,21.0452446],[105.9133423,21.0448177],[105.9135387,21.0444581],[105.9141253,21.0444837],[105.914523,21.0446762],[105.9142049,21.0443561],[105.9138022,21.0441867],[105.9137997,21.0437576],[105.9142446,21.0437692],[105.9149306,21.0441496],[105.9140632,21.0435163],[105.9136903,21.043333],[105.9135636,21.0438364],[105.9133747,21.0443654],[105.9131385,21.0447644],[105.9132827,21.0452005],[105.9135685,21.0455438],[105.9136232,21.0459451],[105.9138743,21.046263],[105.9139513,21.0466689],[105.9143092,21.0469705],[105.9148387,21.0468429],[105.9152488,21.0467872],[105.9156142,21.0470215],[105.9159622,21.0473881],[105.9159895,21.0478682],[105.915741,21.0483136],[105.9155446,21.0487706],[105.9151394,21.0487219],[105.914789,21.0485224],[105.9144609,21.0482093],[105.9140582,21.0482023],[105.9137326,21.0479564],[105.9129297,21.0476224],[105.9145379,21.048592],[105.9159895,21.0493088],[105.9160964,21.0487822],[105.9161859,21.0483206],[105.9162331,21.0478891],[105.9165364,21.047518],[105.916765,21.0470192],[105.9163673,21.0471352],[105.9159398,21.0470122],[105.9155695,21.0467664],[105.9150674,21.0466202],[105.9145802,21.0467756],[105.9141825,21.0467316],[105.9142173,21.0463094],[105.9147666,21.0460658],[105.9151643,21.0459498],[105.915562,21.0460495],[105.9161337,21.0464184],[105.9165463,21.0466202],[105.9168048,21.0461562],[105.9168545,21.0457108],[105.9170509,21.0453374],[105.9168794,21.0448896],[105.9152314,21.0440731],[105.9150599,21.0442053]]]}},{"type":"Feature","properties":{"osm_id":1481022956,"osm_type":"way","natural":"water","water":"river"},"geometry":{"type":"Polygon","coordinates":[[[105.7912071,20.959267],[105.7915569,20.959578],[105.7921726,20.9596696],[105.7928825,20.9598227],[105.7933455,20.9597929],[105.7939588,20.9598248],[105.794448,20.9598277],[105.7949992,20.9599799],[105.7954324,20.9603105],[105.7957041,20.9608137],[105.7961203,20.9611675],[105.7967662,20.961269],[105.7971622,20.9611617],[105.7976389,20.9605672],[105.7978174,20.9599944],[105.7979913,20.9581616],[105.7982023,20.9577021],[105.7986635,20.9574593],[105.7993614,20.9579494],[105.799925,20.9583439],[105.8004016,20.958545],[105.8008464,20.9584351],[105.8012548,20.9581681],[105.8015196,20.9577615],[105.8018608,20.9573032],[105.8022209,20.9570922],[105.8032259,20.9563516],[105.8072771,20.9530023],[105.8066719,20.9530587],[105.8039111,20.9555817],[105.8030166,20.956194],[105.8020098,20.9568678],[105.8013877,20.9574765],[105.8010341,20.9579164],[105.8005023,20.9581261],[105.7999938,20.9580309],[105.799382,20.9576102],[105.7989483,20.9572788],[105.798534,20.9572197],[105.7981287,20.9573716],[105.7978009,20.9578875],[105.7977092,20.9583238],[105.7975823,20.9600983],[105.7973508,20.9606041],[105.7969744,20.9609818],[105.7964755,20.9609671],[105.795871,20.9606754],[105.79568,20.9602326],[105.7952519,20.9598203],[105.7947002,20.9596062],[105.794071,20.9595338],[105.7934395,20.959495],[105.7930181,20.9595044],[105.7924069,20.9594278],[105.7918046,20.9592516],[105.7914035,20.9592432],[105.7912071,20.959267]]]}},{"type":"Feature","properties":{"osm_id":6907107,"osm_type":"relation","natural":"water","type":"multipolygon","water":"river","role":"inner","member_type":"way","member_ref":576506894},"geometry":{"type":"Polygon","coordinates":[[[105.7597504,21.0949488],[105.760435,21.0952327],[105.7609177,21.0953868],[105.7620825,21.095334],[105.7629468,21.0953389],[105.7651392,21.095662],[105.7674732,21.0960927],[105.7686048,21.0963578],[105.7702891,21.0968225],[105.7712808,21.0971482],[105.7723207,21.0974885],[105.7718275,21.097659],[105.7709563,21.0975481],[105.7704721,21.0974827],[105.7700098,21.0974429],[105.7694201,21.0974137],[105.7687386,21.0973463],[105.768066,21.0973334],[105.7685397,21.0976116],[105.7698188,21.0978634],[105.7711658,21.0981454],[105.7715914,21.098361],[105.7696534,21.0986483],[105.7677299,21.0988202],[105.7668176,21.0989448],[105.7653215,21.0987289],[105.7649763,21.0984274],[105.7644611,21.0983954],[105.76403,21.0982242],[105.7631924,21.0984705],[105.7625616,21.0984421],[105.7614313,21.0987019],[105.760661,21.0987439],[105.7598105,21.0985923],[105.7585419,21.0983868],[105.7579347,21.0982869],[105.7569989,21.0979853],[105.7550482,21.0968271],[105.7556058,21.09611],[105.7572434,21.0953488],[105.7580299,21.0951073],[105.7586536,21.0949499],[105.7593141,21.094884],[105.7597504,21.0949488]]]}},{"type":"Feature","properties":{"osm_id":1523555122,"osm_type":"way","natural":"water","water":"canal"},"geometry":{"type":"Polygon","coordinates":[[[105.8648811,20.9755062],[105.8641808,20.9753466],[105.8611138,20.9754408],[105.8596003,20.975494],[105.8591761,20.9755038],[105.8576446,20.9750481],[105.856925,20.9748145],[105.8557821,20.974431],[105.8553722,20.9742744],[105.8549666,20.9740007],[105.8547219,20.9736631],[105.8544549,20.9723135],[105.8543248,20.971612],[105.8541526,20.9710048],[105.8539359,20.9706542],[105.8534075,20.9702368],[105.8529662,20.9700911],[105.8522297,20.9698848],[105.8514429,20.9696905],[105.8507423,20.9695145],[105.8501243,20.9692357],[105.8498339,20.9688892],[105.8497028,20.9684834],[105.8497043,20.9677846],[105.8496985,20.9661971],[105.8494632,20.9677257],[105.8494826,20.9684258],[105.849547,20.9689017],[105.8498381,20.9693313],[105.8501973,20.9696214],[105.8511646,20.9699263],[105.8520729,20.9701629],[105.8529173,20.9703741],[105.8534424,20.970608],[105.853833,20.971063],[105.8539797,20.9714555],[105.8540515,20.9718625],[105.8544143,20.9736013],[105.8546135,20.9739979],[105.8549188,20.9742765],[105.8553751,20.9744994],[105.8570134,20.9750321],[105.8588871,20.9756469],[105.8618851,20.9756009],[105.8643474,20.9755248],[105.8648811,20.9755062]]]}},{"type":"Feature","properties":{"osm_id":1121150443,"osm_type":"way","natural":"water","water":"river"},"geometry":{"type":"Polygon","coordinates":[[[105.7784647,20.9905364],[105.7793987,20.9898866],[105.780251,20.9891762],[105.7807,20.9884483],[105.7807403,20.9880241],[105.7805548,20.987389],[105.7801085,20.9867966],[105.7794337,20.9862142],[105.778939,20.9856243],[105.7785061,20.9850194],[105.7782641,20.9845023],[105.7780786,20.9838848],[105.7777318,20.9826899],[105.7776135,20.9820322],[105.7776538,20.9814247],[105.7783179,20.9804758],[105.7787212,20.9801369],[105.7791352,20.9798457],[105.7794352,20.9794291],[105.7797276,20.9790368],[105.7797767,20.9785976],[105.7799167,20.9774442],[105.7799854,20.9767803],[105.7801104,20.9760493],[105.780181,20.9753955],[105.7802872,20.9748601],[105.7801603,20.9744207],[105.780046,20.9748192],[105.7799204,20.9753712],[105.7797908,20.9760355],[105.7797,20.9767713],[105.7796858,20.9774263],[105.7796562,20.9782409],[105.7795301,20.9787707],[105.7791476,20.9795281],[105.7784858,20.9800716],[105.7779676,20.9804697],[105.7776244,20.9808948],[105.7774036,20.9813263],[105.7773373,20.9819418],[105.7773951,20.9823891],[105.7776176,20.9831632],[105.7778878,20.9840658],[105.7780611,20.9845306],[105.778304,20.9851984],[105.7784875,20.9855743],[105.7789122,20.9860946],[105.7798517,20.9868925],[105.7803223,20.9873255],[105.7804956,20.9877712],[105.7805126,20.988328],[105.7803228,20.9887678],[105.7799384,20.9891401],[105.7791569,20.9897476],[105.7786574,20.9901109],[105.7782769,20.9903662],[105.7784647,20.9905364]]]}},{"type":"Feature","properties":{"osm_id":1162959479,"osm_type":"way","waterway":"river"},"geometry":{"type":"LineString","coordinates":[[105.8460624,21.0554787],[105.8463899,21.0551462],[105.8475198,21.053682],[105.8484411,21.0522413],[105.8487361,21.0512774],[105.8490312,21.0495209],[105.8492903,21.0482447],[105.8498949,21.047966],[105.8505606,21.046992],[105.8516726,21.0459643],[105.8524571,21.045568],[105.8529285,21.0453027],[105.8535185,21.0446531],[105.8540908,21.0440231],[105.8547468,21.0429866],[105.8554079,21.041746],[105.8563111,21.0403757],[105.8574195,21.0389247],[105.8581068,21.0377089],[105.8583011,21.0372823],[105.8588409,21.0364393],[105.8587653,21.0359724],[105.8589735,21.0355731],[105.8594302,21.0340568],[105.8607281,21.0318938],[105.8613148,21.0314366],[105.8617252,21.031051],[105.8618526,21.0306625],[105.8618815,21.0298855],[105.8625191,21.029187],[105.866122,21.0288456]]}},{"type":"Feature","properties":{"osm_id":208439284,"osm_type":"way","natural":"water"},"geometry":{"type":"Polygon","coordinates":[[[105.9190751,21.0454974],[105.9196896,21.0459717],[105.920103,21.0458655],[105.9212448,21.0438689],[105.922121,21.0422899],[105.9226255,21.0413694],[105.9229366,21.0408773],[105.9232173,21.0405233],[105.9235852,21.0401268],[105.9223866,21.0385832],[105.9218934,21.0385974],[105.9224055,21.0389726],[105.9227659,21.039224],[105.9231262,21.0395745],[105.923369,21.0399108],[105.9231414,21.0403427],[105.9227014,21.0401693],[105.9222121,21.0396347],[105.9213282,21.0390222],[105.9216052,21.03944],[105.9219769,21.0396701],[105.9220793,21.0401197],[105.9215938,21.0402295],[105.9207251,21.0396028],[105.9210058,21.0400701],[105.9211879,21.0405375],[105.9216848,21.0404454],[105.9221817,21.0404348],[105.92258,21.0405162],[105.9227279,21.0408986],[105.9224662,21.041242],[105.9220072,21.0411747],[105.9213965,21.0410756],[105.9218138,21.0413092],[105.9221817,21.0415004],[105.9221172,21.0419323],[105.9214838,21.0417553],[105.9217986,21.0421448],[105.9217152,21.0425731],[105.920911,21.0422864],[105.9213282,21.0426758],[105.9215179,21.0430617],[105.9210362,21.0431573],[105.9205089,21.0429236],[105.9208427,21.0432706],[105.9211727,21.0435361],[105.9209338,21.0438901],[105.9201941,21.0435644],[105.9206341,21.0439963],[105.920342,21.0451327],[105.9199741,21.0457735],[105.9190751,21.0454974]]]}},{"type":"Feature","properties":{"osm_id":548077232,"osm_type":"way","natural":"water","water":"canal"},"geometry":{"type":"Polygon","coordinates":[[[105.858736,20.9571644],[105.8539032,20.9547858],[105.8585918,20.9574506],[105.8594272,20.9577739],[105.8598174,20.9578879],[105.8606804,20.9579988],[105.861129,20.958057],[105.8643088,20.9584064],[105.8650464,20.958484],[105.866299,20.9586293],[105.8669937,20.9586068],[105.8678037,20.9583488],[105.8681577,20.9581259],[105.8686861,20.9577777],[105.869118,20.9574821],[105.8687143,20.9576049],[105.8677353,20.9582248],[105.8672659,20.9583926],[105.8668247,20.9584953],[105.8663164,20.9584953],[105.865792,20.9584377],[105.8642431,20.9582711],[105.8599797,20.9577952],[105.8595827,20.9576975],[105.8590128,20.9573844],[105.858736,20.9571644]]]}},{"type":"Feature","properties":{"osm_id":1155354917,"osm_type":"way","natural":"water","water":"canal"},"geometry":{"type":"Polygon","coordinates":[[[105.8715105,20.9567608],[105.8712731,20.9562441],[105.8716312,20.9559993],[105.8721408,20.955859],[105.8755848,20.9535195],[105.8791374,20.9512365],[105.8835583,20.947551],[105.8835851,20.9471227],[105.8838312,20.9474432],[105.8798482,20.9507792],[105.8793466,20.9512439],[105.8772853,20.952584],[105.8730313,20.9554069],[105.8723018,20.9559191],[105.8719799,20.9562285],[105.8717405,20.9566299],[105.8715105,20.9567608]]]}},{"type":"Feature","properties":{"osm_id":6907107,"osm_type":"relation","natural":"water","type":"multipolygon","water":"river","role":"outer","member_type":"way","member_ref":1051947741},"geometry":{"type":"LineString","coordinates":[[105.841734,21.0857233],[105.8414347,21.0860939],[105.8410282,21.0865146],[105.8402366,21.0873559],[105.839147,21.0880876],[105.8363845,21.090235],[105.8322054,21.0930176],[105.8295275,21.0952179],[105.8281311,21.0963652],[105.824824,21.0979123],[105.8236625,21.0983562],[105.8228075,21.0986829],[105.822055,21.0989607],[105.8213299,21.0992476],[105.8188226,21.100116],[105.8170687,21.1007316],[105.8163023,21.1008666],[105.8158597,21.1009995]]}},{"type":"Feature","properties":{"osm_id":1481022957,"osm_type":"way","natural":"water","water":"river"},"geometry":{"type":"Polygon","coordinates":[[[105.8071126,20.95265],[105.8074035,20.9529599],[105.8077406,20.952628],[105.808051,20.952341],[105.8084863,20.9520252],[105.8087773,20.9515766],[105.8089238,20.9511126],[105.8086759,20.9505596],[105.8083009,20.9501338],[105.8080663,20.9497961],[105.8079557,20.9492058],[105.8079987,20.9487839],[105.8082007,20.9478659],[105.8081686,20.9474028],[105.8079724,20.947033],[105.8075461,20.9464683],[105.807316,20.9460785],[105.8069052,20.945324],[105.8065773,20.9446207],[105.8063284,20.9440257],[105.8061127,20.943411],[105.8059722,20.9428424],[105.8058946,20.9424407],[105.8057615,20.9418111],[105.8056888,20.9412287],[105.8054816,20.9403379],[105.805318,20.9408447],[105.8054018,20.9414088],[105.8056195,20.9427863],[105.805774,20.9433454],[105.8059864,20.9437943],[105.8062311,20.9444957],[105.8064027,20.9449406],[105.8067246,20.9455839],[105.807158,20.9462773],[105.8078468,20.9472031],[105.8079133,20.9480247],[105.8078168,20.9484395],[105.8076902,20.9490507],[105.8077803,20.9495477],[105.8078876,20.9499525],[105.808379,20.9505837],[105.8085957,20.9509244],[105.8085356,20.9513813],[105.8079949,20.9519704],[105.807379,20.9524674],[105.8071126,20.95265]]]}},{"type":"Feature","properties":{"osm_id":1470238047,"osm_type":"way","intermittent":"yes","waterway":"stream"},"geometry":{"type":"LineString","coordinates":[[105.8353243,21.0793618],[105.8357836,21.0791576],[105.8362625,21.0789446],[105.8369243,21.078225],[105.8371157,21.0776717],[105.8372668,21.0772347],[105.8374318,21.0767579],[105.837808,21.0750519],[105.8379294,21.0745015],[105.8379683,21.0728208],[105.8379554,21.0723288],[105.8382376,21.0716303],[105.8381254,21.0709302],[105.8379785,21.0703767],[105.8377677,21.0697818],[105.8370583,21.0686813],[105.8369888,21.0677347],[105.8372367,21.0664225],[105.8380723,21.0647569],[105.8389264,21.0636425],[105.8393228,21.0624789],[105.840397,21.0618384],[105.8409259,21.0615985],[105.8417849,21.0607625],[105.8437567,21.0594814],[105.8449637,21.0582862],[105.8456933,21.0573145]]}},{"type":"Feature","properties":{"osm_id":1481022955,"osm_type":"way","natural":"water","water":"river"},"geometry":{"type":"Polygon","coordinates":[[[105.7843756,20.9685469],[105.7846374,20.9679781],[105.7850457,20.9675882],[105.7853711,20.9670669],[105.7859121,20.9661785],[105.7867406,20.9647674],[105.7868404,20.9640586],[105.7867719,20.9635818],[105.7866213,20.963158],[105.7864824,20.9627104],[105.7864217,20.9620545],[105.7866174,20.9615759],[105.787126,20.9611557],[105.7877931,20.9610297],[105.788292,20.960878],[105.7888404,20.9604982],[105.7898492,20.9598509],[105.7902883,20.9594998],[105.7907061,20.959327],[105.7910778,20.9596467],[105.790442,20.9598349],[105.789996,20.9600505],[105.7892135,20.960562],[105.788517,20.9610096],[105.7878804,20.9612394],[105.7874427,20.9613195],[105.7869553,20.9616],[105.7866946,20.9621079],[105.7867238,20.9628297],[105.7871126,20.9640469],[105.7869091,20.9647368],[105.7866988,20.9652671],[105.7863335,20.9660084],[105.7855746,20.9671304],[105.7851371,20.9677533],[105.7847427,20.9682318],[105.7846192,20.9686137],[105.7843756,20.9685469]]]}},{"type":"Feature","properties":{"osm_id":1182295893,"osm_type":"way","waterway":"river"},"geometry":{"type":"LineString","coordinates":[[105.7856445,21.0972131],[105.7843294,21.1006828],[105.780958,21.1013765],[105.7796692,21.101638],[105.7753194,21.1024947],[105.7720612,21.103424],[105.7692925,21.103991],[105.7651395,21.1036602],[105.7635357,21.1042902]]}},{"type":"Feature","properties":{"osm_id":208439279,"osm_type":"way","natural":"water"},"geometry":{"type":"Polygon","coordinates":[[[105.9165893,21.039782],[105.9177802,21.0390936],[105.9181718,21.0395242],[105.9188558,21.0405055],[105.9184454,21.0395843],[105.9181987,21.0391887],[105.9183918,21.0387556],[105.9188209,21.0387782],[105.919396,21.0395234],[105.9197134,21.0399998],[105.9196417,21.0395843],[105.9193359,21.0391637],[105.9190999,21.0388207],[105.9190409,21.0383952],[105.9194566,21.0383075],[105.9198187,21.0387782],[105.9200521,21.0391362],[105.9203256,21.0394891],[105.9202049,21.039041],[105.9198992,21.0385929],[105.9196926,21.0381598],[105.919985,21.0378644],[105.9203659,21.0380171],[105.9210498,21.0389684],[105.9208138,21.0383801],[105.9205429,21.0379545],[105.9205724,21.0375064],[105.9209586,21.0373462],[105.9213047,21.037554],[105.9215031,21.0379921],[105.9217124,21.0384502],[105.9218947,21.0380472],[105.921538,21.0375565],[105.9211866,21.0371985],[105.920787,21.0371585],[105.9197034,21.0377943],[105.9179197,21.0388383],[105.9172454,21.0392254],[105.916533,21.0396343],[105.9165893,21.039782]]]}},{"type":"Feature","properties":{"osm_id":1155354916,"osm_type":"way","natural":"water","water":"canal"},"geometry":{"type":"Polygon","coordinates":[[[105.8616516,20.9586161],[105.8624393,20.9587145],[105.8659583,20.9591328],[105.8664867,20.9591728],[105.8669588,20.9591328],[105.867514,20.9590226],[105.8680773,20.9587846],[105.868552,20.9584916],[105.8689427,20.9582173],[105.8696397,20.9581497],[105.8693916,20.9574345],[105.8684018,20.958196],[105.8680558,20.9584214],[105.8675918,20.9586368],[105.8670527,20.9587771],[105.866425,20.9588297],[105.8656633,20.9587545],[105.8650893,20.9586769],[105.8616676,20.9583084],[105.8612571,20.9582622],[105.8607632,20.958207],[105.8595953,20.9580766],[105.8589778,20.9579977],[105.8585593,20.957905],[105.8580203,20.9578675],[105.8616516,20.9586161]]]}},{"type":"Feature","properties":{"osm_id":1087927573,"osm_type":"way","addr:city":"Hà Nội","addr:district":"Gia Lâm","addr:housenumber":"NT19-17","addr:province":"Hà Nội","addr:street":"Ngọc Trai 19","addr:subdistrict":"Đa Tốn","natural":"water","water":"lake"},"geometry":{"type":"Polygon","coordinates":[[[105.9463769,20.9951312],[105.9462072,20.995666],[105.9459227,20.9960865],[105.9455693,20.9964605],[105.9454736,20.9968846],[105.9455871,20.9973217],[105.9455654,20.9978566],[105.945286,20.9982806],[105.9450066,20.9986701],[105.9449224,20.9991168],[105.9452503,20.9993705],[105.9457402,20.9996993],[105.9462952,21.0001066],[105.9468375,21.0004723],[105.9472764,21.0004819],[105.9476541,21.0000447],[105.9478812,20.9996326],[105.9481784,20.9992419],[105.9484974,20.9989429],[105.9487934,20.9986118],[105.9490499,20.9982246],[105.9493267,20.997803],[105.9496189,20.9974361],[105.950091,20.9975588],[105.9497618,20.9977958],[105.9495219,20.9983366],[105.9493459,20.9987428],[105.9490256,20.9990191],[105.9487092,20.9993193],[105.9483673,20.9995933],[105.94807,20.999903],[105.9477918,21.0003437],[105.9475915,21.0006963],[105.9472317,21.0008916],[105.9465632,21.0005021],[105.9461026,21.0001841],[105.9456024,20.9998363],[105.9450385,20.9994408],[105.944657,20.9991633],[105.9446557,20.9987154],[105.9448981,20.9982973],[105.9451903,20.9979078],[105.9453268,20.9973884],[105.9452758,20.9968727],[105.9452937,20.9964284],[105.9456726,20.9958923],[105.9463769,20.9951312]]]}},{"type":"Feature","properties":{"osm_id":761990830,"osm_type":"way","natural":"water","water":"lake"},"geometry":{"type":"Polygon","coordinates":[[[105.8915932,21.0412666],[105.8913052,21.0415887],[105.8916056,21.0418791],[105.8918044,21.0423503],[105.8918607,21.0427488],[105.892073,21.0431316],[105.8920867,21.0436],[105.8923747,21.0439513],[105.8927622,21.0437304],[105.8932449,21.0433632],[105.8936977,21.0428504],[105.8940902,21.0424887],[105.8944702,21.0412883],[105.894862,21.0410491],[105.8952936,21.0401956],[105.8956638,21.0398288],[105.8958958,21.0393619],[105.8952601,21.0396986],[105.8945654,21.0393281],[105.8948288,21.0399947],[105.8945789,21.0407877],[105.8935449,21.0399165],[105.8941855,21.0412424],[105.8937782,21.0419341],[105.8925176,21.040337],[105.8932292,21.0422417],[105.8928904,21.0430819],[105.8924505,21.0430732],[105.8917207,21.0413204],[105.8915932,21.0412666]]]}},{"type":"Feature","properties":{"osm_id":642299692,"osm_type":"way","natural":"water","water":"moat"},"geometry":{"type":"Polygon","coordinates":[[[105.9030845,21.0502337],[105.9028445,21.0499034],[105.902482,21.0497078],[105.9021067,21.0495054],[105.9017271,21.0492603],[105.9016674,21.0488292],[105.9035885,21.0454849],[105.9039068,21.0451051],[105.9042303,21.0447399],[105.9046425,21.0444233],[105.9051378,21.0441258],[105.9055157,21.0439804],[105.9059232,21.0440119],[105.9062704,21.0442134],[105.9070967,21.0454122],[105.9063986,21.0440563],[105.9058737,21.0438764],[105.90544,21.0437367],[105.9048749,21.0440686],[105.9043199,21.0444525],[105.904001,21.0447138],[105.9034474,21.045387],[105.901523,21.0487433],[105.9014866,21.0492055],[105.9018236,21.0495732],[105.9030845,21.0502337]]]}},{"type":"Feature","properties":{"osm_id":1387529499,"osm_type":"way","waterway":"stream"},"geometry":{"type":"LineString","coordinates":[[105.955755,21.0686442],[105.9552011,21.0681762],[105.9548597,21.0678982],[105.9524581,21.0672205],[105.9517117,21.0670143],[105.9500331,21.0665487],[105.9475806,21.0685574],[105.9423547,21.0738249],[105.9417801,21.0743432],[105.940959,21.0751411],[105.94054,21.0755797],[105.9402724,21.0770182],[105.9401648,21.0775215],[105.9399709,21.0781806]]}},{"type":"Feature","properties":{"osm_id":1458378304,"osm_type":"way","natural":"water","water":"lake"},"geometry":{"type":"Polygon","coordinates":[[[105.8016403,21.0780097],[105.8019976,21.0777838],[105.8024814,21.0777856],[105.8030007,21.0778298],[105.803526,21.0779956],[105.8041085,21.0779348],[105.8045547,21.0780564],[105.8048588,21.0784544],[105.8052735,21.0788063],[105.8056489,21.0790371],[105.80535,21.0794433],[105.8051207,21.080127],[105.8049089,21.0806199],[105.8045882,21.0808622],[105.8041282,21.0810085],[105.8037262,21.0810112],[105.8032633,21.0812413],[105.8028556,21.0812996],[105.8023811,21.0810938],[105.8015108,21.0813976],[105.8015932,21.0809137],[105.8014234,21.0805007],[105.8012043,21.0801527],[105.8015728,21.080452],[105.8018094,21.0807972],[105.8021765,21.0810233],[105.8026423,21.0809056],[105.8031197,21.080869],[105.8039337,21.0808257],[105.8044402,21.0807309],[105.8047739,21.0804574],[105.8050119,21.0797669],[105.8051077,21.0793336],[105.8049393,21.0787419],[105.8046085,21.0784711],[105.8033693,21.0781854],[105.8024188,21.0779918],[105.8019777,21.0779052],[105.8016403,21.0780097]]]}},{"type":"Feature","properties":{"osm_id":914353279,"osm_type":"way","natural":"water","water":"canal"},"geometry":{"type":"Polygon","coordinates":[[[105.9017419,21.0612513],[105.9019159,21.0605878],[105.9021075,21.0602334],[105.9023386,21.0598609],[105.9033189,21.0581238],[105.9042381,21.0564977],[105.9046202,21.0558366],[105.9051393,21.0549864],[105.9060124,21.0533822],[105.9065687,21.0524633],[105.9052922,21.0549901],[105.9036627,21.0578613],[105.9034556,21.0582347],[105.9020783,21.0606393],[105.9016979,21.0610993],[105.9017419,21.0612513]]]}},{"type":"Feature","properties":{"osm_id":1104952265,"osm_type":"way","natural":"water"},"geometry":{"type":"Polygon","coordinates":[[[105.8094914,21.0949255],[105.8098826,21.094794],[105.8102492,21.0945507],[105.8108624,21.0942087],[105.8102245,21.0941955],[105.8096923,21.0942514],[105.809227,21.0942711],[105.808797,21.0943468],[105.8083106,21.0943435],[105.8072951,21.0943705],[105.8064511,21.0943783],[105.8057852,21.0944169],[105.8053685,21.0944767],[105.8045458,21.0945564],[105.8039097,21.0946799],[105.8030427,21.0947595],[105.8024177,21.094944],[105.8019689,21.0951782],[105.8015683,21.0951383],[105.8012584,21.095552],[105.8016911,21.0955072],[105.8022254,21.0953975],[105.8026848,21.0955221],[105.8031122,21.0954524],[105.8038868,21.0953028],[105.8044897,21.0952386],[105.8049046,21.0951198],[105.8053252,21.0951343],[105.8057654,21.0952925],[105.8061878,21.0953972],[105.8066633,21.0953124],[105.8071227,21.0952127],[105.8075292,21.0952175],[105.8079707,21.0952418],[105.8084169,21.0951796],[105.8088344,21.0950548],[105.8092686,21.0949959],[105.8094914,21.0949255]]]}},{"type":"Feature","properties":{"osm_id":1213069906,"osm_type":"way","layer":"-1","tunnel":"culvert","waterway":"canal"},"geometry":{"type":"LineString","coordinates":[[105.784071,21.0261579],[105.7840989,21.0256842],[105.7841256,21.0249202],[105.7840614,21.0236918],[105.7840623,21.0226899],[105.7838106,21.0219413],[105.7835706,21.0210834],[105.7834475,21.020668],[105.7832515,21.0200231],[105.7836521,21.0195245],[105.7835971,21.0190077],[105.7832397,21.0187254],[105.7785785,21.0155164],[105.7751517,21.0150694],[105.7736336,21.0157467],[105.7730862,21.0158503],[105.7727849,21.0156634]]}},{"type":"Feature","properties":{"osm_id":1162959478,"osm_type":"way","natural":"water","water":"oxbow"},"geometry":{"type":"Polygon","coordinates":[[[105.8456933,21.0573145],[105.8453297,21.0575318],[105.8448012,21.058274],[105.8442379,21.0589496],[105.843849,21.0592066],[105.843336,21.0597657],[105.8426029,21.0602064],[105.8420498,21.0604547],[105.8416481,21.0605521],[105.8413611,21.0609027],[105.8407585,21.0617036],[105.8401245,21.0618108],[105.8396484,21.0620497],[105.8391879,21.0624389],[105.8387339,21.0631069],[105.8389061,21.0635549],[105.8391409,21.0631921],[105.8393678,21.0627369],[105.8399757,21.0621429],[105.8404557,21.0619189],[105.8410323,21.0616584],[105.8416636,21.0611568],[105.8423341,21.0605701],[105.843135,21.0600004],[105.8439497,21.0594932],[105.8445647,21.0588635],[105.8451595,21.0582158],[105.8456819,21.0574868],[105.8456933,21.0573145]]]}},{"type":"Feature","properties":{"osm_id":11930593,"osm_type":"relation","natural":"water","type":"multipolygon","water":"lake","role":"outer","member_type":"way","member_ref":875184402},"geometry":{"type":"Polygon","coordinates":[[[105.9236094,20.9669412],[105.9236225,20.9662974],[105.9237721,20.9658539],[105.9247413,20.9663429],[105.9251543,20.9667317],[105.9257137,20.967005],[105.9263577,20.9670566],[105.927161,20.9668957],[105.9276456,20.966838],[105.9277627,20.9674271],[105.9282184,20.9675071],[105.9286814,20.9673643],[105.929157,20.9672903],[105.9287649,20.9676313],[105.92836,20.967905],[105.9278504,20.9681072],[105.9275913,20.9676961],[105.9276493,20.9671726],[105.9271638,20.9669823],[105.9267301,20.9671066],[105.9262815,20.9672815],[105.9260856,20.967743],[105.9264405,20.968079],[105.9268312,20.9677407],[105.9272958,20.967766],[105.9271738,20.9682355],[105.9269051,20.9686188],[105.926231,20.9689433],[105.9260067,20.9684922],[105.9255458,20.9679916],[105.9250454,20.9675842],[105.9244884,20.9672873],[105.9236094,20.9669412]]]}},{"type":"Feature","properties":{"osm_id":1473881113,"osm_type":"way","natural":"water","water":"canal"},"geometry":{"type":"Polygon","coordinates":[[[105.8415548,20.9915093],[105.8408605,20.9915778],[105.8404009,20.9918095],[105.8398303,20.9925503],[105.839632,20.9933017],[105.8393814,20.9937034],[105.8388287,20.9940135],[105.8366725,20.9943276],[105.8377112,20.9940669],[105.8385895,20.9939244],[105.8391601,20.9937628],[105.8395405,20.9932888],[105.8397446,20.9925381],[105.8401242,20.9919406],[105.8406303,20.9915557],[105.8413793,20.9914834],[105.841813,20.9910682],[105.842272,20.9904572],[105.8427827,20.9900666],[105.8432868,20.9897374],[105.8437237,20.9894184],[105.8434111,20.9897639],[105.8430332,20.9900186],[105.8424904,20.9903821],[105.8418224,20.9912102],[105.8415548,20.9915093]]]}},{"type":"Feature","properties":{"osm_id":706494962,"osm_type":"way","layer":"-1","waterway":"canal"},"geometry":{"type":"LineString","coordinates":[[105.8645625,20.9792044],[105.8649646,20.9792395],[105.8653669,20.9792771],[105.865898,20.9793246],[105.8671573,20.9794874],[105.8680451,20.9795914],[105.8691743,20.9797091],[105.87062,20.9795062],[105.8714046,20.9793572],[105.8719853,20.9792082],[105.8724104,20.9790842],[105.8734028,20.9786284],[105.8737984,20.9784481],[105.8743228,20.9781588],[105.8754493,20.9775452],[105.8760904,20.9773452],[105.877014,20.9770446],[105.8778742,20.9767372],[105.8786452,20.9764959],[105.8793962,20.9762517],[105.88039,20.9759174],[105.8808707,20.9757564],[105.8814159,20.975573],[105.8821579,20.9753296]]}},{"type":"Feature","properties":{"osm_id":1454986055,"osm_type":"way","natural":"water","water":"lake"},"geometry":{"type":"Polygon","coordinates":[[[105.882942,21.0978943],[105.8833678,21.0977913],[105.8836762,21.0980531],[105.8840179,21.099562],[105.8834506,21.0994903],[105.8828833,21.0996933],[105.882572,21.1004016],[105.8815525,21.1007518],[105.8815525,21.101293],[105.8805587,21.1015557],[105.8803284,21.1007956],[105.879663,21.1010105],[105.8798592,21.1017506],[105.8791341,21.1019536],[105.8787374,21.1005449],[105.882781,21.0995102],[105.882942,21.0978943]]]}},{"type":"Feature","properties":{"osm_id":916307710,"osm_type":"way","waterway":"canal"},"geometry":{"type":"LineString","coordinates":[[105.9490721,20.9535464],[105.9493886,20.953298],[105.9497612,20.9529342],[105.9502203,20.9524651],[105.9505672,20.9520783],[105.9509334,20.9517443],[105.9514732,20.951262],[105.9520643,20.9507827],[105.952577,20.9504309],[105.9529515,20.9502011],[105.9535288,20.9496806],[105.9543931,20.9490574],[105.9547141,20.9486763],[105.9551776,20.9482978],[105.9556585,20.9477383],[105.9558455,20.9472333],[105.9558943,20.9467739],[105.9556869,20.9461702],[105.9554755,20.9453501],[105.9554959,20.9446819],[105.9560775,20.9434822],[105.9570302,20.941943],[105.9575906,20.9409878],[105.9578428,20.9405996],[105.9579922,20.9402027]]}}]}
