{"type":"FeatureCollection","features":[{"type":"Feature","properties":{"osm_id":475071346,"osm_type":"way","embankment":"yes","highway":"primary","lanes":"2","lit":"yes","name":"Đường đê tả Đuống","name:en":"Duong River left dyke","surface":"asphalt"},"geometry":{"type":"LineString","coordinates":[[105.9118492,21.0799235],[105.9125361,21.0797262],[105.9128737,21.0796292],[105.913538,21.0794605],[105.9139238,21.0793625],[105.9143824,21.0792381],[105.914874,21.0792212],[105.915869,21.0795071],[105.9164784,21.0797095],[105.9169398,21.0799504],[105.9174849,21.0802308],[105.9184065,21.0806604],[105.9190503,21.0809656],[105.9194049,21.0810652],[105.919794,21.0811005],[105.9202897,21.0810587],[105.9208919,21.0808247],[105.9213044,21.0801391],[105.9218854,21.0789651],[105.9222504,21.0782305],[105.9225571,21.0775672],[105.9228026,21.0770538],[105.923302,21.0763042],[105.9236821,21.0757146],[105.9238767,21.0754126],[105.9242482,21.0750532],[105.9246264,21.0748017],[105.9249722,21.0746231],[105.9253501,21.0743399],[105.9257658,21.0737008],[105.9260336,21.0731511],[105.9262089,21.0728148],[105.9267236,21.0722108],[105.9274293,21.0714563],[105.9277754,21.0710952],[105.9280381,21.070815],[105.9283398,21.0705385],[105.9287067,21.070266],[105.9290104,21.0700054],[105.9293309,21.0695611],[105.9298289,21.0688868],[105.9300393,21.068599],[105.9302053,21.0681945],[105.9302656,21.0677915],[105.9302377,21.0672993],[105.9302576,21.0667941],[105.9303202,21.0661793],[105.9303488,21.0657416],[105.9304693,21.0652862],[105.9307041,21.0649496],[105.9309947,21.0647423],[105.9313128,21.0645462],[105.9328909,21.0635747],[105.9336767,21.0631089],[105.9340808,21.0628703],[105.9345946,21.062567],[105.9350515,21.0622877],[105.9355915,21.0619784],[105.9360253,21.0617494],[105.9368394,21.0613198],[105.9377436,21.0608425],[105.939005,21.0602483],[105.9398032,21.0598701],[105.9408932,21.059455],[105.9417362,21.059134],[105.9436303,21.0583661],[105.9439789,21.0582388],[105.9450179,21.0578935],[105.945388,21.0578072],[105.945909,21.0577027],[105.9462595,21.0577391],[105.9469315,21.0578754],[105.9474914,21.0580253],[105.9480952,21.0580708],[105.9488353,21.0581162],[105.9493222,21.0581026],[105.9498658,21.0583133],[105.950231,21.0584428],[105.9508202,21.058645],[105.9512827,21.0586359],[105.951355,21.0586124]]}},{"type":"Feature","properties":{"osm_id":685027004,"osm_type":"way","embankment":"yes","highway":"secondary","lanes":"2","name":"Đường Đê Vàng","name:en":"De Vang Road","surface":"asphalt"},"geometry":{"type":"LineString","coordinates":[[105.9137131,21.07563],[105.9140016,21.0753712],[105.9143633,21.0749033],[105.9147225,21.0745724],[105.9151263,21.0743326],[105.9153745,21.0740707],[105.9155451,21.0735896],[105.9159747,21.072482],[105.9162511,21.0717708],[105.9165274,21.0710565],[105.9167924,21.0703742],[105.9169479,21.0699735],[105.9175159,21.0685079],[105.9177537,21.0678943],[105.9188962,21.0649949],[105.9193466,21.0638477],[105.9197377,21.0627605],[105.9198025,21.0624029],[105.9199629,21.0620046],[105.9202331,21.0612488],[105.9201978,21.0608212],[105.9196594,21.0601971],[105.9194282,21.0598982],[105.9192573,21.0595702],[105.9191067,21.0591422],[105.9189864,21.0587542],[105.9186893,21.0582747],[105.9185363,21.0578759],[105.9186196,21.0575062],[105.9187398,21.0569994],[105.9189114,21.0565624],[105.9192219,21.0561139],[105.9195887,21.0556143],[105.920037,21.0553661],[105.9204026,21.0552927],[105.9209329,21.0553991],[105.9213111,21.0554091],[105.9216571,21.0552289],[105.9222544,21.0542469],[105.9226227,21.0536369],[105.9229471,21.0532418],[105.9234474,21.0527198],[105.9239479,21.052187],[105.924249,21.0518856],[105.924797,21.0512957],[105.9250313,21.051001],[105.9251789,21.0506423],[105.9253344,21.0501649],[105.9254229,21.0497769],[105.925789,21.0492392],[105.9262829,21.0486293],[105.9265923,21.0483115],[105.9275139,21.0477642],[105.9279427,21.0475383],[105.9282296,21.0472984],[105.9286537,21.0468565],[105.9289138,21.0465089],[105.9293426,21.045936],[105.9296767,21.0454925],[105.9300481,21.045],[105.9303046,21.0446806],[105.9306065,21.0443106],[105.930804,21.0435518],[105.9310137,21.0431684],[105.9313055,21.0428],[105.9315152,21.0424884],[105.9317945,21.0421384],[105.9320252,21.041839],[105.9321229,21.0412801],[105.9322563,21.0408983],[105.9327416,21.0406157],[105.933235,21.0404899],[105.9339624,21.0403851],[105.9344506,21.0401449],[105.9348719,21.0398057],[105.9353068,21.0395199],[105.9356491,21.0392817],[105.936027,21.0390512],[105.9363237,21.0388274],[105.9368838,21.0384238]]}},{"type":"Feature","properties":{"osm_id":447860501,"osm_type":"way","highway":"tertiary","lit":"yes","name":"Đường An Dương Vương","name:en":"An Duong Vuong Road","surface":"concrete"},"geometry":{"type":"LineString","coordinates":[[105.8166361,21.0850219],[105.8164501,21.0856688],[105.8162355,21.0863521],[105.8161256,21.0866961],[105.8158444,21.0870482],[105.8155489,21.0872542],[105.8152794,21.0874944],[105.8150501,21.0878792],[105.8147751,21.0883304],[105.8144961,21.0885881],[105.8140764,21.088752],[105.8136367,21.0890167],[105.8133194,21.0893313],[105.8130134,21.0897092],[105.8127087,21.089898],[105.8123329,21.0899808],[105.8118333,21.0900699],[105.8112362,21.0901986],[105.8108216,21.090279],[105.8102381,21.090206],[105.8098455,21.0901572],[105.8093771,21.090118],[105.8088273,21.0900433],[105.8084281,21.0899747],[105.8079752,21.0899823],[105.8073945,21.0899749],[105.8070148,21.0899713],[105.8064712,21.0899838],[105.8059077,21.0899987],[105.8055076,21.0899826],[105.8050688,21.0899881],[105.8044902,21.0899805],[105.8039746,21.089938],[105.8034142,21.0898675],[105.8030254,21.0898376],[105.8024738,21.0897739],[105.8019366,21.0898002],[105.8014491,21.0897774],[105.8009425,21.089794],[105.8002362,21.0897355],[105.7998526,21.089713],[105.7991056,21.0896367],[105.7986215,21.0895403],[105.7981279,21.0894903],[105.7977739,21.0894903],[105.7972099,21.0894929],[105.7967533,21.089509],[105.7963,21.0895741],[105.7959076,21.0896629],[105.7955092,21.0897941],[105.794789,21.0900156],[105.7944024,21.0901634],[105.793937,21.0902998],[105.7933831,21.0903073],[105.7929929,21.0903073],[105.7923103,21.0902961],[105.7917831,21.090328],[105.791411,21.0903385],[105.790561,21.0905145],[105.7898066,21.0906708],[105.7890007,21.0908414],[105.7884693,21.090953],[105.7878886,21.0911056],[105.7873934,21.0911374],[105.7869395,21.0912053],[105.7865476,21.0913714],[105.7862017,21.0915577],[105.7857348,21.091627],[105.7852553,21.0916288],[105.7847361,21.0916933],[105.7844192,21.0917937]]}},{"type":"Feature","properties":{"osm_id":146735403,"osm_type":"way","embankment":"yes","highway":"primary","name":"Đê Tả Sông Hồng","ref":"ĐT.406","source":"bing aerial","surface":"asphalt"},"geometry":{"type":"LineString","coordinates":[[105.8351971,21.1099711],[105.8374635,21.1094513],[105.8382984,21.1092132],[105.8387168,21.1091224],[105.8395774,21.1088336],[105.8405235,21.1084997],[105.8416719,21.1080978],[105.8420741,21.1079338],[105.8428501,21.1076252],[105.8431956,21.107395],[105.8435885,21.107135],[105.8440196,21.1066342],[105.8452917,21.105033],[105.8456328,21.1044846],[105.8459515,21.1040096],[105.8460776,21.103339],[105.8461151,21.1024946],[105.8462243,21.1021301],[105.847022,21.1008282],[105.8471952,21.1003581],[105.8473804,21.0999391],[105.8478476,21.0994602],[105.8481285,21.0991372],[105.848329,21.0987561],[105.8485875,21.098439],[105.8489879,21.098078],[105.850037,21.0971421],[105.8503442,21.0968701],[105.850603,21.0965555],[105.8507882,21.0960428],[105.8508519,21.0955534],[105.8508957,21.0950881],[105.8509265,21.094566],[105.8506384,21.0937605],[105.8502224,21.0929419],[105.8496307,21.0918339],[105.8493928,21.0913248],[105.8493956,21.0908995],[105.8494375,21.0904767],[105.8496167,21.0899128],[105.8495998,21.0895568],[105.8495426,21.0891062],[105.8493915,21.0886469],[105.8491649,21.0880238],[105.8489507,21.0875775],[105.848438,21.0871331],[105.8479411,21.0866627],[105.8475445,21.0864103],[105.8471146,21.0862682],[105.8467105,21.0859676],[105.8466094,21.085799]]}},{"type":"Feature","properties":{"osm_id":704031411,"osm_type":"way","access":"yes","bicycle":"no","bridge":"viaduct","foot":"no","highway":"motorway","horse":"no","lanes":"2","layer":"2","lit":"yes","maxspeed":"80","moped":"no","motorcar":"yes","motorcycle":"no","name":"Đường cao tốc Vành đai 3 TP. Hà Nội","name:en":"Ring Road 3 Expressway (Hanoi)","oneway":"yes","ref":"CT.37","surface":"asphalt"},"geometry":{"type":"LineString","coordinates":[[105.8070281,20.9862412],[105.8136581,20.9772587],[105.8147485,20.9757716],[105.8152812,20.9751129],[105.8156582,20.9747153],[105.8160017,20.974384],[105.8163462,20.9740813],[105.8167016,20.9737989],[105.8172344,20.9734333],[105.81778,20.9731013],[105.8185332,20.9727009],[105.8190655,20.9724868],[105.8195656,20.9723057],[105.8219547,20.9715729],[105.8228796,20.9712911],[105.8243165,20.9708498],[105.8250183,20.9706343],[105.825585,20.9704582],[105.8261031,20.9702676],[105.8265555,20.9700765],[105.8269696,20.9698685],[105.8277831,20.9694481],[105.8298993,20.9683451],[105.8315342,20.9674789],[105.8324298,20.9670334]]}},{"type":"Feature","properties":{"osm_id":704031412,"osm_type":"way","access":"yes","bicycle":"no","bridge":"viaduct","foot":"no","highway":"motorway","horse":"no","lanes":"2","layer":"2","lit":"yes","maxspeed":"80","moped":"no","motor_vehicle":"yes","motorcar":"yes","motorcycle":"no","name":"Đường cao tốc Vành đai 3 TP. Hà Nội","name:en":"Ring Road 3 Expressway (Hanoi)","oneway":"yes","ref":"CT.37","surface":"asphalt"},"geometry":{"type":"LineString","coordinates":[[105.8325097,20.967177],[105.8316139,20.9676219],[105.8299891,20.9684835],[105.8278688,20.9695887],[105.827053,20.9700103],[105.82664,20.9702177],[105.8261749,20.9704148],[105.8256468,20.9706094],[105.8250666,20.9707897],[105.8243735,20.9710026],[105.8220065,20.9717273],[105.8196273,20.9724568],[105.8191393,20.9726332],[105.8186107,20.9728456],[105.8178746,20.9732369],[105.8173287,20.973569],[105.816811,20.9739244],[105.8164634,20.9742005],[105.8161266,20.9744961],[105.8157852,20.9748254],[105.8154155,20.9752151],[105.8148909,20.9758638],[105.8138005,20.9773509],[105.8071705,20.9863334]]}},{"type":"Feature","properties":{"osm_id":232723544,"osm_type":"way","highway":"secondary","lane_markings":"no","name":"Đường Ninh Hiệp","name:en":"Ninh Hiep Road","surface":"asphalt"},"geometry":{"type":"LineString","coordinates":[[105.9284785,21.096867],[105.9289062,21.0965543],[105.9297386,21.0959943],[105.930157,21.0957157],[105.9308038,21.0952766],[105.931232,21.0949596],[105.932243,21.0943198],[105.9328229,21.0939321],[105.9330998,21.0937069],[105.9335794,21.0933216],[105.933865,21.0930623],[105.9341799,21.092773],[105.9344729,21.092492],[105.9351828,21.0918111],[105.9366177,21.0904392],[105.9378248,21.0892644],[105.9382849,21.0888272],[105.9392066,21.0879111],[105.9393751,21.087588],[105.9395873,21.0865703],[105.9397982,21.0855529],[105.939941,21.084864],[105.9401016,21.0840889],[105.9402151,21.0835415],[105.9402709,21.0831634],[105.939997,21.0825447],[105.9399147,21.0821976],[105.939875,21.0818084],[105.9396919,21.0809294],[105.9396089,21.0804382],[105.9396647,21.080045],[105.9397915,21.0794985],[105.9399999,21.0791986],[105.9404513,21.0788377],[105.9410987,21.0782947],[105.9414823,21.0779729],[105.941985,21.0775513],[105.942483,21.0770383],[105.942865,21.076709],[105.9432519,21.0763318],[105.9435798,21.076012],[105.944098,21.0755086],[105.9453338,21.074302]]}},{"type":"Feature","properties":{"osm_id":161078911,"osm_type":"way","highway":"tertiary","name":"Đường Bắc Hưng Hải","name:en":"Bac Hung Hai Road","name:vi":"Đường Bắc Hưng Hải","sidewalk":"both","surface":"asphalt"},"geometry":{"type":"LineString","coordinates":[[105.9198591,20.972435],[105.9205185,20.9723872],[105.9210908,20.9723341],[105.9216156,20.9722854],[105.9225424,20.9721771],[105.9231675,20.9720536],[105.923677,20.9719474],[105.9240572,20.9718179],[105.9250586,20.9713239],[105.9258591,20.970891],[105.9274897,20.9700016],[105.928695,20.9693389],[105.9296667,20.9688375],[105.9300845,20.96872],[105.9307154,20.9686226],[105.9346619,20.9683028],[105.9352983,20.9682554],[105.9361394,20.9681628],[105.9395823,20.9687492],[105.9430377,20.9692997],[105.9460088,20.9697965],[105.9475854,20.9700221],[105.947988,20.9701062],[105.9484163,20.9701361],[105.9487972,20.9702394],[105.9490796,20.9703876]]}},{"type":"Feature","properties":{"osm_id":955842628,"osm_type":"way","bicycle":"no","bridge":"yes","foot":"no","highway":"trunk","horse":"no","lanes":"3","layer":"2","lit":"yes","maxspeed":"60","moped":"no","motorcar":"designated","motorcycle":"no","name":"Cầu Vĩnh Tuy","name:en":"Vinh Tuy Bridge","name:ko":"빈투이교","oneway":"yes","sidewalk":"no","surface":"asphalt","width":"11.25","wikidata":"Q3023933","wikipedia":"vi:Cầu Vĩnh Tuy"},"geometry":{"type":"LineString","coordinates":[[105.8946375,21.024263],[105.8940585,21.0233086],[105.8926821,21.0210446],[105.8921495,21.0202733],[105.8916056,21.0195676],[105.8910255,21.0188769],[105.890376,21.0181996],[105.8890387,21.0169055],[105.8830228,21.0110732],[105.8751963,21.0034912],[105.8747358,21.0030598]]}},{"type":"Feature","properties":{"osm_id":1213859114,"osm_type":"way","bicycle":"designated","bridge":"yes","foot":"no","highway":"trunk","lanes":"1","layer":"2","lit":"yes","maxspeed":"40","moped":"designated","motorcar":"no","motorcycle":"designated","name":"Cầu Vĩnh Tuy (Làn xe máy)","name:en":"Vinh Tuy Bridge","name:ko":"빈투이교","oneway":"yes","sidewalk":"no","surface":"asphalt","width":"4.8","wikidata":"Q3023933","wikipedia":"vi:Cầu Vĩnh Tuy"},"geometry":{"type":"LineString","coordinates":[[105.8945568,21.0243041],[105.8939789,21.0233516],[105.8926025,21.0210877],[105.8920728,21.0203208],[105.8915321,21.0196194],[105.8909551,21.0189323],[105.8903074,21.018257],[105.8889718,21.0169646],[105.8829673,21.0111269],[105.8751522,21.003538],[105.8748582,21.0032599],[105.8747358,21.0030598]]}},{"type":"Feature","properties":{"osm_id":1205147989,"osm_type":"way","bicycle":"designated","bridge":"yes","foot":"no","highway":"trunk","lanes":"1","layer":"2","lit":"yes","maxspeed":"40","moped":"designated","motorcar":"no","motorcycle":"designated","name":"Cầu Vĩnh Tuy (Làn xe máy)","name:en":"Vinh Tuy Bridge","name:ko":"빈투이교","oneway":"yes","sidewalk":"no","surface":"asphalt","width":"4.8","wikidata":"Q3023933","wikipedia":"vi:Cầu Vĩnh Tuy"},"geometry":{"type":"LineString","coordinates":[[105.8750124,21.0031073],[105.8754022,21.0033094],[105.8832287,21.0108914],[105.8892446,21.0167238],[105.890587,21.0180231],[105.8912421,21.0187063],[105.8918317,21.0194082],[105.8923857,21.020127],[105.8929273,21.020912],[105.8943037,21.0231759],[105.8948865,21.0241364]]}},{"type":"Feature","properties":{"osm_id":894143945,"osm_type":"way","bicycle":"no","bridge":"yes","foot":"no","highway":"trunk","horse":"no","lanes":"3","layer":"2","lit":"yes","maxspeed":"60","moped":"no","motorcar":"designated","motorcycle":"no","name":"Cầu Vĩnh Tuy","name:en":"Vinh Tuy Bridge","name:ko":"빈투이교","oneway":"yes","sidewalk":"no","surface":"asphalt","width":"11.25","wikidata":"Q3023933","wikipedia":"vi:Cầu Vĩnh Tuy"},"geometry":{"type":"LineString","coordinates":[[105.8750124,21.0031073],[105.8753356,21.0033682],[105.8831621,21.0109502],[105.889178,21.0167826],[105.8905188,21.0180802],[105.8911721,21.0187615],[105.8917586,21.0194597],[105.8923093,21.0201743],[105.892848,21.0209549],[105.8942244,21.0232188],[105.8948006,21.0241801]]}},{"type":"Feature","properties":{"osm_id":669491670,"osm_type":"way","highway":"tertiary","lanes":"2","name":"Đường Phúc Diễn","name:en":"Phuc Dien Road","smoothness":"good","surface":"asphalt"},"geometry":{"type":"LineString","coordinates":[[105.7609829,21.0417188],[105.7607829,21.0412445],[105.7603914,21.0405494],[105.7601218,21.0401922],[105.7594756,21.0398126],[105.7589938,21.0395322],[105.7586074,21.0391865],[105.7583505,21.0388747],[105.7581476,21.038559],[105.7580191,21.0381268],[105.7579997,21.0376945],[105.758017,21.0373375],[105.7584051,21.0347503],[105.7583963,21.0335297],[105.758278,21.0322084],[105.7582293,21.0312539],[105.7581604,21.0308489],[105.7580249,21.0304913],[105.7568591,21.029178],[105.7565783,21.0288773],[105.7559081,21.0282126],[105.7555606,21.027868],[105.7542963,21.0265357],[105.7540931,21.0261563],[105.7538722,21.0256697],[105.7538192,21.0250594],[105.7538789,21.0246484],[105.7548,21.0227582],[105.7546493,21.0220251],[105.7536336,21.0199126],[105.7535011,21.0195002],[105.7534127,21.0189805],[105.7534215,21.0182877],[105.7535629,21.0179641],[105.7544024,21.016869],[105.7547064,21.0164963]]}},{"type":"Feature","properties":{"osm_id":251794092,"osm_type":"way","bicycle":"no","bicycle:conditional":"yes @ (22:00-05:00)","bridge":"yes","bridge:name":"Cầu Nhật Tân","foot":"no","highway":"trunk","horse":"no","lanes":"4","lanes:motorcycle":"1","layer":"2","lit":"yes","maxspeed:motorcar":"90","maxspeed:motorcycle":"70","motorcycle":"yes","motorcycle:lanes":"no|no|yes|designated","name":"Cầu Nhật Tân","name:en":"Nhat Tan Bridge","name:id":"Pembantu Nhat Tan","name:ja":"ニャッタン橋","name:zh":"日新桥","name:zh-Hant":"日新橋","oneway":"yes","sidewalk":"right","smoothness":"excellent","start_date":"2015-01-04","surface":"asphalt","wikidata":"Q3023944","wikipedia":"vi:Cầu Nhật Tân"},"geometry":{"type":"LineString","coordinates":[[105.8269531,21.109811],[105.8268451,21.1087928],[105.8266953,21.1075752],[105.8264746,21.106554],[105.8259242,21.1047061],[105.8253984,21.1032799],[105.8241429,21.1003053],[105.8200774,21.0916217],[105.818705,21.0886471],[105.8178962,21.0869427],[105.817243,21.085772],[105.8165247,21.0846044],[105.8158258,21.0835126]]}},{"type":"Feature","properties":{"osm_id":858032386,"osm_type":"way","bridge":"yes","foot":"no","highway":"primary","lanes":"1","layer":"2","lit":"yes","maxspeed":"50","motorcar":"no","motorcycle":"designated","name":"Đường xe máy Cầu Thanh Trì","name:en":"Thanh Tri Bridge","oneway":"yes","surface":"asphalt","wikidata":"Q3023373","wikipedia":"vi:Cầu Thanh Trì"},"geometry":{"type":"LineString","coordinates":[[105.892842,20.9834118],[105.9015883,20.9932328],[105.9072712,20.9996133],[105.9118832,21.0047783]]}},{"type":"Feature","properties":{"osm_id":881947000,"osm_type":"way","bicycle":"no","bridge":"yes","foot":"no","highway":"motorway","horse":"no","lanes":"3","layer":"2","lit":"yes","maxspeed":"60","motorcar":"designated","motorcycle":"no","motorroad":"yes","name":"Cầu Thanh Trì","name:en":"Thanh Tri Bridge","oneway":"yes","ref":"CT.37;CT.01;QL.1","surface":"asphalt","wikidata":"Q3023373","wikipedia":"vi:Cầu Thanh Trì"},"geometry":{"type":"LineString","coordinates":[[105.892789,20.9834538],[105.9015354,20.9932748],[105.9072182,20.9996553],[105.9118286,21.0048185]]}},{"type":"Feature","properties":{"osm_id":881946999,"osm_type":"way","bicycle":"no","bridge":"yes","foot":"no","highway":"motorway","horse":"no","lanes":"3","layer":"2","lit":"yes","maxspeed":"60","motorcar":"designated","motorcycle":"no","motorroad":"yes","name":"Cầu Thanh Trì","name:en":"Thanh Tri Bridge","oneway":"yes","ref":"CT.37;CT.01;QL.1","surface":"asphalt","wikidata":"Q3023373","wikipedia":"vi:Cầu Thanh Trì"},"geometry":{"type":"LineString","coordinates":[[105.911688,21.0049219],[105.9070818,20.9997635],[105.901399,20.993383],[105.8926526,20.983562]]}},{"type":"Feature","properties":{"osm_id":858032383,"osm_type":"way","bridge":"yes","foot":"no","highway":"primary","lanes":"1","layer":"2","lit":"yes","maxspeed":"50","motorcar":"no","motorcycle":"designated","name":"Đường xe máy Cầu Thanh Trì","name:en":"Thanh Tri Bridge","oneway":"yes","surface":"asphalt","wikidata":"Q3023373","wikipedia":"vi:Cầu Thanh Trì"},"geometry":{"type":"LineString","coordinates":[[105.9116366,21.0049598],[105.9070319,20.9998031],[105.9013491,20.9934226],[105.8926028,20.9836016]]}},{"type":"Feature","properties":{"osm_id":1459495393,"osm_type":"way","bicycle":"designated","bridge":"yes","bridge:name":"Cầu Nhật Tân","foot":"no","highway":"trunk","horse":"no","lanes":"1","lanes:motorcycle":"1","layer":"2","lit":"yes","maxspeed":"60","maxspeed:motorcycle":"70","moped":"designated","motorcar":"no","motorcycle":"designated","name":"Cầu Nhật Tân (Làn xe máy)","oneway":"yes","sidewalk":"no","surface":"asphalt","width":"4.8"},"geometry":{"type":"LineString","coordinates":[[105.8166222,21.0843333],[105.8174707,21.0856553],[105.8181304,21.0868377],[105.8189458,21.0885562],[105.8203159,21.0915257],[105.824381,21.1002085],[105.825643,21.1031982],[105.8261755,21.1046444],[105.8267284,21.1065022],[105.8269518,21.1075363],[105.8271038,21.1087704],[105.8272123,21.1097957]]}},{"type":"Feature","properties":{"osm_id":251794091,"osm_type":"way","bicycle":"no","bicycle:conditional":"yes @ (22:00-05:00)","bridge":"yes","bridge:name":"Cầu Nhật Tân","foot":"no","highway":"trunk","horse":"no","lanes":"3","lanes:motorcycle":"1","layer":"2","lit":"yes","maxspeed:motorcar":"90","maxspeed:motorcycle":"70","motorcycle":"yes","motorcycle:lanes":"no|no|yes|designated","name":"Cầu Nhật Tân","name:en":"Nhat Tan Bridge","name:id":"Pembantu Nhat Tan","name:ja":"ニャッタン橋","name:zh":"日新桥","name:zh-Hant":"日新橋","oneway":"yes","sidewalk":"right","smoothness":"excellent","start_date":"2015-01-04","surface":"asphalt","wikidata":"Q3023944","wikipedia":"vi:Cầu Nhật Tân"},"geometry":{"type":"LineString","coordinates":[[105.8166222,21.0843333],[105.8174415,21.0856703],[105.8181003,21.0868512],[105.8189149,21.0885678],[105.8202852,21.091538],[105.8243505,21.1002209],[105.8256116,21.1032087],[105.8261432,21.1046524],[105.8266958,21.1065089],[105.8269188,21.1075413],[105.8270706,21.1087733],[105.827179,21.1097977]]}},{"type":"Feature","properties":{"osm_id":1459495394,"osm_type":"way","bicycle":"designated","bridge":"yes","bridge:name":"Cầu Nhật Tân","foot":"no","highway":"trunk","horse":"no","lanes":"1","lanes:motorcycle":"1","layer":"2","lit":"yes","maxspeed":"60","moped":"designated","motorcar":"no","motorcycle":"designated","name":"Cầu Nhật Tân (Làn xe máy)","oneway":"yes","sidewalk":"no","surface":"asphalt","width":"4.8"},"geometry":{"type":"LineString","coordinates":[[105.8269199,21.1098131],[105.8268121,21.1087958],[105.8266625,21.1075803],[105.8264421,21.1065608],[105.8258921,21.1047142],[105.8253672,21.1032905],[105.8241125,21.1003178],[105.8200469,21.0916341],[105.8186743,21.0886588],[105.8178663,21.0869562],[105.817214,21.085787],[105.8164967,21.084621],[105.8163972,21.0844052]]}},{"type":"Feature","properties":{"osm_id":374298626,"osm_type":"way","alt_name":"Quốc lộ 3 mới","highway":"motorway","lanes":"2","lit":"yes","maxspeed":"90","minspeed":"60","motor_vehicle":"yes","motorcycle":"no","name":"Đường cao tốc Hà Nội - Thái Nguyên","name:en":"Hanoi - Thai Nguyen Expressway","oneway":"yes","ref":"CT.07;CT.37","shoulder":"right","smoothness":"excellent","surface":"asphalt","toll":"yes"},"geometry":{"type":"LineString","coordinates":[[105.9339059,21.1003072],[105.9342094,21.0997861],[105.9348882,21.0984848],[105.9352473,21.0976552],[105.9370079,21.0927591],[105.9375877,21.0912265],[105.937957,21.0904998],[105.9383591,21.0898496],[105.9388223,21.0892737],[105.9393008,21.0887381],[105.9397224,21.0883479],[105.9400926,21.0880481],[105.9404931,21.0877435],[105.9410045,21.0874154],[105.9415394,21.087131],[105.9421242,21.0868463],[105.9428077,21.0866048],[105.9434355,21.0864165],[105.9448438,21.0861355],[105.9492326,21.0853939],[105.9512272,21.0850568],[105.9522371,21.0849059]]}},{"type":"Feature","properties":{"osm_id":374298629,"osm_type":"way","alt_name":"Quốc lộ 3 mới","highway":"motorway","lanes":"2","lit":"yes","maxspeed":"90","minspeed":"60","motor_vehicle":"yes","motorcycle":"no","name":"Đường cao tốc Hà Nội - Thái Nguyên","name:en":"Hanoi - Thai Nguyen Expressway","oneway":"yes","ref":"CT.07;CT.37","shoulder":"right","smoothness":"excellent","surface":"asphalt","toll":"yes"},"geometry":{"type":"LineString","coordinates":[[105.9522402,21.0851164],[105.9512692,21.085295],[105.9492652,21.0856336],[105.9448864,21.0863736],[105.9435063,21.0866344],[105.9430785,21.08676],[105.942243,21.0870607],[105.9416728,21.0873379],[105.9411778,21.0875946],[105.9406754,21.0879147],[105.94028,21.0882145],[105.9399247,21.0884984],[105.9395053,21.088886],[105.9390411,21.0894025],[105.9385779,21.0899784],[105.938193,21.0905988],[105.9378231,21.0913267],[105.9372433,21.0928594],[105.9365211,21.0948813],[105.9362409,21.0956568],[105.9357786,21.0969726],[105.9354827,21.0977554],[105.9351242,21.0985837],[105.9344361,21.0999024],[105.9341052,21.1004611]]}},{"type":"Feature","properties":{"osm_id":129928728,"osm_type":"way","access":"yes","bicycle":"no","highway":"motorway","lanes":"2","lit":"yes","maxspeed":"80","motorcar":"yes","motorcycle":"no","name":"Đường cao tốc Vành đai 3 TP. Hà Nội","name:en":"Ring Road 3 Expressway (Hanoi)","note":"Đoạn đường cắm mốc lí trình km cho QL.1 và biển báo lí trình cầu đoạn đường này đều ghi QL.1, xin lưu ý đừng xoá ref QL.1!","oneway":"yes","ref":"CT.37;CT.01;QL.1","surface":"asphalt","wikidata":"Q1372266","wikipedia":"vi:Quốc lộ 1"},"geometry":{"type":"LineString","coordinates":[[105.869007,20.9640493],[105.8698466,20.9640864],[105.8707128,20.9641505],[105.8714263,20.9642412],[105.8718036,20.9643002],[105.8722224,20.9643819],[105.8726478,20.9644844],[105.8730971,20.9646113],[105.8734361,20.9647269],[105.873786,20.9648588],[105.8742906,20.9650729],[105.8747873,20.9653151],[105.8753286,20.9656142],[105.8758155,20.965938],[105.8762234,20.966231],[105.8766438,20.9665887],[105.8771536,20.9670587],[105.8776543,20.9675997],[105.8779785,20.9679804],[105.8782855,20.968371],[105.8786244,20.9688234],[105.8793525,20.9698461],[105.8799966,20.9707599],[105.8804748,20.9714055],[105.8808971,20.971987],[105.8813224,20.9725201],[105.8816235,20.9728475],[105.8819237,20.9731256],[105.8822382,20.9734093],[105.8825952,20.9736964],[105.8830849,20.9740333],[105.8837013,20.9744117],[105.8846889,20.9750095],[105.8851245,20.9752916],[105.8857316,20.975732],[105.8861416,20.9760913],[105.8865882,20.9765189],[105.8869621,20.9769091],[105.8874456,20.9774596],[105.8887733,20.97893],[105.8891314,20.9793398]]}},{"type":"Feature","properties":{"osm_id":704031410,"osm_type":"way","access":"yes","bicycle":"no","foot":"no","highway":"motorway","lanes":"2","lit":"yes","maxspeed":"80","motorcar":"yes","motorcycle":"no","name":"Đường cao tốc Vành đai 3 TP. Hà Nội","name:en":"Ring Road 3 Expressway (Hanoi)","note":"Đoạn đường cắm mốc lí trình km cho QL.1 và biển báo lí trình cầu đoạn đường này đều ghi QL.1, xin lưu ý đừng xoá ref QL.1!","oneway":"yes","ref":"CT.37;CT.01;QL.1","surface":"asphalt","wikidata":"Q1372266","wikipedia":"vi:Quốc lộ 1"},"geometry":{"type":"LineString","coordinates":[[105.8889479,20.9793963],[105.8885977,20.9790435],[105.8873138,20.9776136],[105.8864527,20.9766484],[105.8860149,20.9762174],[105.8856357,20.9758786],[105.885173,20.9755252],[105.8845902,20.9751414],[105.8836183,20.9745517],[105.8829842,20.9741607],[105.8824872,20.9738133],[105.8821251,20.9735341],[105.8817978,20.9732359],[105.881496,20.9729531],[105.8811983,20.972628],[105.8807423,20.9720733],[105.8803211,20.9715061],[105.8798462,20.9708411],[105.879206,20.9699414],[105.8784577,20.9688876],[105.8781298,20.9684386],[105.8778442,20.9680825],[105.877517,20.9677075],[105.8770425,20.9671919],[105.8765233,20.9667146],[105.8761165,20.9663709],[105.8757042,20.9660654],[105.8752339,20.9657534],[105.8746999,20.9654474],[105.8741515,20.965189],[105.8737075,20.9650062],[105.8733597,20.9648695],[105.8730139,20.9647571],[105.8725974,20.9646412],[105.8721702,20.9645397],[105.8717873,20.9644639],[105.8713986,20.9644013],[105.8706948,20.9643107],[105.869835,20.9642482],[105.8689998,20.9642147]]}},{"type":"Feature","properties":{"osm_id":218033946,"osm_type":"way","embankment":"dyke","highway":"secondary","lanes":"2","maxspeed":"50","name":"Đường đê Hữu Đuống","name:en":"Duong River Dyke","name:vi":"Đường đê Hữu Đuống","oneway":"no","surface":"asphalt"},"geometry":{"type":"LineString","coordinates":[[105.9368838,21.0384238],[105.9377796,21.0376949],[105.9380652,21.037426],[105.9386292,21.0367974],[105.9388979,21.0364982],[105.939206,21.0361779],[105.9395648,21.0358782],[105.9399554,21.03561],[105.9403486,21.0354032],[105.9408563,21.035227],[105.941227,21.0350863],[105.9416627,21.0350133],[105.9420442,21.0349289],[105.9427381,21.0347325],[105.9439643,21.0343501],[105.94438,21.0342443],[105.9449111,21.0341441],[105.9454318,21.0341116],[105.94579,21.0341391],[105.9462943,21.0341821],[105.9474769,21.0342943],[105.948556,21.0344226],[105.9493004,21.0344813],[105.9498844,21.0345225],[105.9502361,21.0345586],[105.9507768,21.0346893],[105.951149,21.0349113],[105.9516135,21.0354478],[105.9522335,21.036351],[105.9525147,21.0367198],[105.9528396,21.0369094],[105.9531426,21.0370861],[105.9541076,21.0376754],[105.9548121,21.0379767],[105.9551969,21.038107],[105.9555468,21.0381382],[105.9559517,21.0381242],[105.9565824,21.0380484],[105.9572941,21.0379609],[105.9578412,21.0379041],[105.9582304,21.0379775],[105.9586221,21.0383367],[105.9590009,21.038613],[105.9593965,21.038713],[105.9597699,21.0386697],[105.9598947,21.0386222]]}},{"type":"Feature","properties":{"osm_id":1183444668,"osm_type":"way","highway":"primary","lanes":"2","lit":"yes","maxheight":"4","name":"Đường Nguyễn Khoái","name:en":"Nguyen Khoai Road","surface":"asphalt"},"geometry":{"type":"LineString","coordinates":[[105.894822,20.9828088],[105.8949012,20.9832461],[105.8949731,20.9837545],[105.8950051,20.9842533],[105.8950179,20.9851549],[105.8950342,20.9865853],[105.8945373,20.9877012],[105.8939854,20.98912],[105.8937765,20.9896643],[105.8935279,20.9902041],[105.8933561,20.9905098],[105.892738,20.9913478],[105.8924406,20.9917481],[105.8922172,20.9920653],[105.8920459,20.9924457],[105.8920513,20.9928082],[105.8923477,20.9930521],[105.8924491,20.9934314],[105.8924522,20.9938945],[105.8924609,20.9957654],[105.8922249,20.9963719],[105.891966,20.996645],[105.8905363,20.9972954],[105.8897318,20.9976634],[105.8886632,20.9981475],[105.8875584,20.9986255],[105.8870408,20.9988809],[105.8867309,20.9990781],[105.8864345,20.9993058],[105.8860282,20.9996663],[105.8855759,21.0000675],[105.8853042,21.0003213],[105.8842868,21.0007272],[105.8836964,21.000964],[105.8827187,21.0011365]]}},{"type":"Feature","properties":{"osm_id":600508349,"osm_type":"way","highway":"tertiary","name":"Đường Kim Lan"},"geometry":{"type":"LineString","coordinates":[[105.9132537,20.9716567],[105.9125724,20.971666],[105.9121701,20.9712778],[105.9102818,20.9715257],[105.9093226,20.9717255],[105.9089615,20.9718007],[105.9084982,20.9718188],[105.9082675,20.9710499],[105.9081406,20.9704253],[105.908121,20.9698481],[105.9078571,20.9686354],[105.9070031,20.9674783],[105.9065724,20.9668947],[105.9059983,20.9661634],[105.9058428,20.9658378],[105.9056711,20.9654321],[105.9055858,20.9650199],[105.9055082,20.9646449],[105.9054244,20.9642399],[105.9052814,20.9639048],[105.9050419,20.9634387],[105.904336,20.9633556],[105.9041294,20.9630499],[105.9042947,20.9624487],[105.9044793,20.9620044],[105.9045962,20.9616598],[105.9045129,20.9610405],[105.9043988,20.9606854],[105.9043115,20.9603421],[105.9043337,20.9595516],[105.9044644,20.9589018],[105.9047073,20.9577723],[105.9049195,20.9566484],[105.904961,20.9562248],[105.9050892,20.9552447],[105.905279,20.9535113]]}},{"type":"Feature","properties":{"osm_id":1127416955,"osm_type":"way","bicycle":"no","bridge":"yes","divider":"solid_line","foot":"no","highway":"trunk","horse":"no","lanes":"4","lanes:backward":"2","lanes:forward":"2","layer":"2","lit":"yes","maxspeed":"80","moped":"no","motorcar":"yes","motorcycle":"no","name":"Cầu Thăng Long","name:en":"Thang Long Bridge","name:vi":"Cầu Thăng Long","surface":"asphalt","wikidata":"Q3023384","wikipedia":"vi:Cầu Thăng Long"},"geometry":{"type":"LineString","coordinates":[[105.786608,21.1098171],[105.7869106,21.1089543],[105.7871466,21.1082547],[105.7872325,21.1078853],[105.7872691,21.1074444],[105.7872312,21.1067988],[105.7871481,21.1056467],[105.7870765,21.1046697],[105.7869502,21.1030645],[105.7869196,21.1025741],[105.7866542,21.0991769],[105.7864578,21.0966638],[105.7863102,21.0947353],[105.7861507,21.0928058],[105.7860825,21.0919028],[105.785967,21.0906352],[105.7859381,21.0902345],[105.7859616,21.089753],[105.7860734,21.0892799],[105.786207,21.0888523],[105.7865877,21.0876772],[105.7869107,21.0866839],[105.7872318,21.0856553],[105.7873553,21.0851894]]}},{"type":"Feature","properties":{"osm_id":498131067,"osm_type":"way","highway":"trunk","int_ref":"AH14","lanes":"4","lit":"yes","maxspeed":"80","name":"Đường Trường Sa","name:en":"Truong Sa Road","oneway":"yes","ref":"QL.5","sidewalk":"right","sidewalk:right:surface":"paving_stones","surface":"asphalt"},"geometry":{"type":"LineString","coordinates":[[105.8500233,21.1072184],[105.8506246,21.1064083],[105.8516092,21.1050873],[105.8535221,21.1025352],[105.8541459,21.1017227],[105.8545583,21.1011861],[105.8549381,21.1006605],[105.8553874,21.1000846],[105.8562027,21.0990868],[105.856712,21.0984965],[105.8578565,21.0972816],[105.8587151,21.0963536],[105.8595536,21.0954419],[105.8602246,21.0947215],[105.8605419,21.0943706],[105.8610867,21.0937564],[105.8616804,21.093087],[105.8620736,21.092644],[105.8634475,21.0911977],[105.8637192,21.0909073],[105.8649697,21.0895707],[105.8653527,21.0891554],[105.8658374,21.0886301]]}},{"type":"Feature","properties":{"osm_id":179477523,"osm_type":"way","highway":"primary","lanes":"2","lit":"yes","maxheight":"4","name":"Đường Nguyễn Khoái","name:en":"Nguyen Khoai Road","smoothness":"good","surface":"asphalt"},"geometry":{"type":"LineString","coordinates":[[105.8748671,20.9632773],[105.8750818,20.9638456],[105.8752667,20.9642513],[105.8755778,20.9645994],[105.876003,20.9647749],[105.876541,20.9648959],[105.877035,20.9649355],[105.8774195,20.9650053],[105.877824,20.9652073],[105.8784327,20.9654548],[105.8789424,20.9655798],[105.8795293,20.9656582],[105.8798857,20.9657426],[105.8802649,20.9659031],[105.8807551,20.9662209],[105.8810375,20.9664545],[105.8814374,20.9668434],[105.8816754,20.9671231],[105.8825828,20.9675925],[105.8828893,20.9677728],[105.8833063,20.9681596],[105.8837986,20.9687121],[105.8840523,20.9690056],[105.8843076,20.9693979],[105.8844307,20.9703348],[105.8845801,20.9713613],[105.8847747,20.9717161],[105.8851167,20.9718144],[105.8860217,20.9717091],[105.8863954,20.9717624],[105.8867774,20.972018],[105.8870813,20.972366],[105.8876262,20.9731966],[105.8881215,20.9738886],[105.8887769,20.9748268],[105.8898403,20.9764279],[105.8904974,20.9773488],[105.8911019,20.9783667],[105.8911998,20.9785348]]}},{"type":"Feature","properties":{"osm_id":703518981,"osm_type":"way","access":"yes","bicycle":"no","bridge":"viaduct","foot":"no","highway":"motorway","horse":"no","lanes":"2","layer":"2","lit":"yes","maxspeed":"80","moped":"no","motor_vehicle":"yes","motorcar":"yes","motorcycle":"no","name":"Đường cao tốc Vành đai 3 TP. Hà Nội","name:en":"Ring Road 3 Expressway (Hanoi)","oneway":"yes","ref":"CT.37","surface":"asphalt"},"geometry":{"type":"LineString","coordinates":[[105.7794411,21.0304035],[105.7790094,21.0277559],[105.7787409,21.0262004],[105.7786224,21.0254201],[105.7785818,21.0250229],[105.7785578,21.0246105],[105.7785607,21.0241683],[105.7785935,21.0237314],[105.7786521,21.0233056],[105.7787355,21.0228957],[105.7788599,21.0224505],[105.7790032,21.0220176],[105.7791838,21.0215926],[105.7793918,21.0211828],[105.7796272,21.0207878],[105.7798933,21.0203857],[105.780466,21.0196402],[105.7838031,21.0155307],[105.787647,21.0107858],[105.7879927,21.0103509],[105.7881375,21.010177]]}},{"type":"Feature","properties":{"osm_id":703986439,"osm_type":"way","access":"yes","bicycle":"no","bridge":"viaduct","foot":"no","highway":"motorway","horse":"no","lanes":"2","layer":"2","lit":"yes","maxspeed":"80","moped":"no","motor_vehicle":"yes","motorcar":"yes","motorcycle":"no","name":"Đường cao tốc Vành đai 3 TP. Hà Nội","name:en":"Ring Road 3 Expressway (Hanoi)","oneway":"yes","ref":"CT.37","surface":"asphalt"},"geometry":{"type":"LineString","coordinates":[[105.7881286,21.0104512],[105.7877864,21.0108819],[105.7839388,21.0156313],[105.7806048,21.019737],[105.7800312,21.0204837],[105.7797768,21.0208693],[105.779545,21.0212583],[105.7793418,21.021659],[105.7791645,21.0220767],[105.7790255,21.0224981],[105.778905,21.0229292],[105.7788236,21.0233285],[105.7787661,21.0237451],[105.7787339,21.0241731],[105.778731,21.0246077],[105.7787541,21.0250059],[105.7787941,21.0253983],[105.7789116,21.0261725],[105.7791806,21.0277309],[105.7796123,21.0303785]]}},{"type":"Feature","properties":{"osm_id":374539983,"osm_type":"way","access":"yes","bicycle":"yes","bridge":"covered","highway":"secondary","lanes":"1","layer":"1","lit":"yes","maxspeed":"30","moped":"yes","motorcar":"no","motorcycle":"yes","name":"Cầu Thăng Long","oneway":"yes","surface":"asphalt","width":"3.5"},"geometry":{"type":"LineString","coordinates":[[105.7872283,21.1088614],[105.787184,21.1081457],[105.7871581,21.1074372],[105.787111,21.1067223],[105.7870261,21.1056765],[105.7869531,21.104683],[105.7868862,21.1038521],[105.7868064,21.1028748],[105.7867375,21.1018863],[105.7866587,21.100899],[105.7863423,21.0967576],[105.78618,21.0945754],[105.7859981,21.0923249],[105.7858628,21.0906801],[105.7857879,21.0898053],[105.7857398,21.0893381],[105.7856783,21.0885156],[105.7855583,21.0868717],[105.7854251,21.0863087]]}},{"type":"Feature","properties":{"osm_id":550245270,"osm_type":"way","bridge":"viaduct","highway":"motorway","lanes":"2","layer":"2","lit":"yes","maxspeed":"100","minspeed":"60","motorcycle":"no","name":"Đường cao tốc Vành đai 3 TP. Hà Nội","name:en":"Ring Road 3 Expressway (Hanoi)","oneway":"yes","ref":"CT.37","start_date":"2020-10-11","surface":"asphalt"},"geometry":{"type":"LineString","coordinates":[[105.7821671,21.0550224],[105.7823946,21.0559978],[105.7828447,21.0577726],[105.7831776,21.059105],[105.7835132,21.0603731],[105.7838328,21.0616345],[105.7842852,21.0634178],[105.7847413,21.0651794],[105.7849961,21.0661518],[105.7851791,21.0669363],[105.785303,21.0678415],[105.7853781,21.0687407],[105.7855229,21.0705578],[105.7856738,21.0723591],[105.7858206,21.0741517],[105.7858739,21.0747038],[105.7859529,21.0752676],[105.7861134,21.0758848],[105.7862885,21.0763189],[105.7865234,21.0767926]]}},{"type":"Feature","properties":{"osm_id":550245271,"osm_type":"way","bridge":"viaduct","highway":"motorway","lanes":"2","layer":"2","lit":"yes","maxspeed":"100","minspeed":"60","name":"Đường cao tốc Vành đai 3 TP. Hà Nội","name:en":"Ring Road 3 Expressway (Hanoi)","oneway":"yes","ref":"CT.37","start_date":"2020-10-11","surface":"asphalt"},"geometry":{"type":"LineString","coordinates":[[105.7861315,21.0763847],[105.7859452,21.0759238],[105.7857824,21.0752962],[105.7857011,21.0747153],[105.7856445,21.0741614],[105.7856134,21.0736462],[105.7855007,21.0723659],[105.7853502,21.0705712],[105.7852051,21.0687501],[105.7851301,21.0678524],[105.7850094,21.066969],[105.7848275,21.066189],[105.7845717,21.0652121],[105.7841163,21.063454],[105.7836647,21.0616737],[105.7833456,21.0604141],[105.78301,21.0591459],[105.7826756,21.057808],[105.7822256,21.0560333],[105.781999,21.0550614],[105.7819099,21.054616]]}},{"type":"Feature","properties":{"osm_id":35972968,"osm_type":"way","highway":"primary","lanes":"2","name":"Đường tỉnh 379B","ref":"ĐT.379B","sidewalk":"both","surface":"asphalt"},"geometry":{"type":"LineString","coordinates":[[105.9424801,20.9471134],[105.9428676,20.9476173],[105.9435887,20.9486917],[105.9441984,20.9496434],[105.9447284,20.9506033],[105.9449227,20.951241],[105.9450975,20.9520603],[105.9452224,20.9527662],[105.9453998,20.9533736],[105.9457582,20.9538498],[105.9461166,20.9540568],[105.9465416,20.9541051],[105.9468926,20.9542121],[105.947438,20.9545351],[105.9479004,20.9547541],[105.9482722,20.9548824],[105.9488816,20.9552039],[105.9495268,20.9555339],[105.9502108,20.9559025],[105.950544,20.9561542],[105.9508859,20.9565374],[105.9515512,20.9574043],[105.9521976,20.9582429],[105.9527661,20.958933],[105.9531626,20.9595582],[105.9535745,20.9601517],[105.9538008,20.9605136],[105.954113,20.9612688],[105.9543642,20.9621041],[105.9545263,20.9627151],[105.9546238,20.9631283],[105.9547109,20.963732],[105.9547813,20.9640412]]}},{"type":"Feature","properties":{"osm_id":971898949,"osm_type":"way","embankment":"yes","highway":"primary","lanes":"2","name":"Đường Long Biên – Xuân Quan","name:en":"Long Bien – Xuan Quan Road","name:vi":"Đường Long Biên – Xuân Quan","surface":"asphalt"},"geometry":{"type":"LineString","coordinates":[[105.9093932,21.0028463],[105.9083022,21.0045964],[105.9080538,21.0048434],[105.907706,21.0050575],[105.9077615,21.0055019],[105.9077894,21.0058533],[105.90769,21.0062725],[105.9075726,21.0068797],[105.9070806,21.0076283],[105.9067727,21.008061],[105.906463,21.0083668],[105.9059835,21.0082357],[105.9056012,21.008095],[105.9052885,21.0083042],[105.9052276,21.0087258],[105.9053197,21.009139],[105.9049681,21.0097006],[105.9046681,21.0103489],[105.9044993,21.0106687],[105.9042674,21.0109997],[105.904007,21.0113181],[105.9039086,21.0117508],[105.9041993,21.0121528],[105.9044551,21.0124725],[105.9047126,21.0129147],[105.9045874,21.0138934],[105.9045595,21.014329],[105.9047295,21.0148167],[105.90469,21.0158202],[105.9046175,21.0162049],[105.9043238,21.0176406],[105.9041645,21.0181232],[105.9037747,21.01848],[105.9034734,21.0186691],[105.9031489,21.0189365],[105.9028451,21.0192651],[105.9024126,21.0194832],[105.902056,21.0197353]]}},{"type":"Feature","properties":{"osm_id":554579530,"osm_type":"way","hgv":"no","highway":"tertiary","lanes":"1","lit":"yes","maxspeed:type":"VN:urban","name":"Phố Nguyễn Đình Thi","oneway":"no","surface":"asphalt","turn:lanes:backward":"right","turn:lanes:forward":"through"},"geometry":{"type":"LineString","coordinates":[[105.8360992,21.0436361],[105.8356851,21.0436278],[105.8350349,21.0436284],[105.8345954,21.0436406],[105.8342089,21.0437114],[105.833841,21.0438147],[105.8334501,21.0435799],[105.8329808,21.0436343],[105.8324209,21.0437825],[105.8318889,21.0438116],[105.8315163,21.0438372],[105.8312252,21.0440529],[105.8308782,21.0437457],[105.830578,21.043353],[105.8301943,21.0431391],[105.829176,21.0427491],[105.8283729,21.0422884],[105.8277835,21.04237],[105.8271081,21.0420903],[105.8265264,21.0420346],[105.826097,21.0421306],[105.8257696,21.0425314],[105.8256698,21.0428742],[105.8251749,21.0431721],[105.8248154,21.0433147],[105.8242491,21.0432157],[105.8238848,21.0432579],[105.8235683,21.0434334],[105.823222,21.0436032],[105.822531,21.0436636],[105.8216481,21.0439441],[105.8212958,21.0440447],[105.8207918,21.0441875],[105.8203062,21.0443637],[105.8197736,21.0444083],[105.8193562,21.044341],[105.8187101,21.0443971],[105.8181279,21.0445319],[105.8176658,21.0446646],[105.817391,21.0446957]]}},{"type":"Feature","properties":{"osm_id":856460792,"osm_type":"way","bicycle":"no","bridge":"yes","foot":"no","highway":"trunk","horse":"no","lanes":"2","layer":"2","lit":"yes","maxspeed":"80","moped":"no","motor_vehicle":"yes","motorcar":"yes","motorcycle":"no","motorroad":"yes","name":"Đường Vành đai 2","name:en":"Ring Road 2","oneway":"yes","shoulder":"no","sidewalk":"no","surface":"asphalt"},"geometry":{"type":"LineString","coordinates":[[105.8472758,20.9962538],[105.8484182,20.996126],[105.850072,20.9959323],[105.8518581,20.9957274],[105.8535835,20.995541],[105.8551409,20.9953751],[105.8565963,20.9951979],[105.8569611,20.99516],[105.8573991,20.9951417],[105.8579181,20.995149],[105.8584627,20.9951913],[105.8588939,20.9952583],[105.8593309,20.9953547],[105.8597474,20.9954582],[105.8612219,20.995921],[105.8630914,20.996569],[105.8640954,20.9969143],[105.8646326,20.9971055],[105.8663316,20.9977119]]}},{"type":"Feature","properties":{"osm_id":761985293,"osm_type":"way","bicycle":"no","bridge":"yes","foot":"no","highway":"trunk","horse":"no","lanes":"2","layer":"2","lit":"yes","maxspeed":"80","moped":"no","motor_vehicle":"yes","motorcar":"yes","motorcycle":"no","motorroad":"yes","name":"Đường Vành đai 2","name:en":"Ring Road 2","oneway":"yes","shoulder":"no","sidewalk":"no","surface":"asphalt"},"geometry":{"type":"LineString","coordinates":[[105.8663071,20.9978008],[105.8649056,20.997292],[105.8644324,20.9971213],[105.8634698,20.9967854],[105.8631134,20.9966587],[105.8627264,20.9965207],[105.8618866,20.9962284],[105.8611383,20.9959864],[105.8604224,20.9957577],[105.8599488,20.9956087],[105.859324,20.9954329],[105.8588833,20.9953438],[105.8583593,20.9952694],[105.8578478,20.9952313],[105.8574919,20.9952274],[105.8571111,20.9952352],[105.8565183,20.9953012],[105.8553402,20.9954429],[105.8544966,20.9955297],[105.8536082,20.9956299],[105.8528093,20.9957176],[105.8519115,20.9958092],[105.8511351,20.9958945],[105.8500706,20.9960122],[105.8493329,20.9960995],[105.848456,20.996206],[105.8477889,20.9962865],[105.8472964,20.9963606]]}},{"type":"Feature","properties":{"osm_id":1362523558,"osm_type":"way","highway":"trunk","int_ref":"AH14","lanes":"4","lit":"yes","maxspeed":"80","name":"Đường Trường Sa","name:en":"Truong Sa Road","oneway":"yes","ref":"QL.5","sidewalk":"right","sidewalk:right:surface":"paving_stones","surface":"asphalt"},"geometry":{"type":"LineString","coordinates":[[105.8633201,21.0917312],[105.8630295,21.0920417],[105.8625346,21.0925841],[105.862089,21.0930792],[105.8612456,21.0939806],[105.8607483,21.0945341],[105.860434,21.0948888],[105.8596947,21.0956874],[105.8583164,21.097196],[105.8577266,21.0978416],[105.8564836,21.0992022],[105.8552772,21.1006809],[105.8547785,21.1013508],[105.8542141,21.1021393],[105.8539251,21.1025133],[105.8519521,21.1051602],[105.8508792,21.106599]]}},{"type":"Feature","properties":{"osm_id":675558781,"osm_type":"way","highway":"tertiary","name":"Đường Yên Nội"},"geometry":{"type":"LineString","coordinates":[[105.7489223,21.0860353],[105.7492956,21.0859505],[105.7497301,21.0854685],[105.749986,21.0850676],[105.7500101,21.0845766],[105.7493873,21.083554],[105.7489571,21.0828938],[105.7486534,21.0824278],[105.7477642,21.0810199],[105.7461413,21.0784502],[105.7455489,21.0771824],[105.745156,21.0763417],[105.7449535,21.0759082],[105.7443092,21.0746257],[105.7428032,21.0725707],[105.7425277,21.0722083],[105.7422668,21.0718661],[105.7412113,21.0705643],[105.7408212,21.0700017]]}},{"type":"Feature","properties":{"osm_id":500579397,"osm_type":"way","highway":"tertiary","lanes":"2","lit":"yes","maxheight:signed":"no","name":"Đường Nam Đuống","name:en":"Nam Duong Road","oneway":"no","source":"AsiaGPS","surface":"asphalt"},"geometry":{"type":"LineString","coordinates":[[105.8969925,21.0762983],[105.8966438,21.076263],[105.8962716,21.0762348],[105.8957282,21.0761936],[105.8951549,21.0760308],[105.8942342,21.0756295],[105.8931879,21.0751734],[105.8928243,21.075015],[105.8922854,21.0747801],[105.8918223,21.0745782],[105.8911497,21.0742857],[105.890808,21.0741372],[105.8900612,21.073817],[105.8895053,21.073579],[105.8887786,21.0732539],[105.8880269,21.0729228],[105.8871425,21.0725332],[105.8866816,21.0723319],[105.8861867,21.0721157],[105.8849443,21.0715635],[105.8843078,21.0712849],[105.8833017,21.0708557],[105.8828073,21.0706448],[105.881597,21.0701286],[105.8803454,21.0696162],[105.8797123,21.0693575],[105.8791724,21.069137]]}},{"type":"Feature","properties":{"osm_id":251775981,"osm_type":"way","highway":"tertiary","lanes":"2","lit":"yes","maxspeed":"50","name":"Phố Linh Đường","source":"grab_hanoi_2018_t5","surface":"asphalt"},"geometry":{"type":"LineString","coordinates":[[105.8260916,20.9622704],[105.8261843,20.9619107],[105.8263224,20.9612868],[105.826484,20.9608249],[105.8267999,20.960512],[105.8275891,20.9602505],[105.8283446,20.9601019],[105.828818,20.9599583],[105.8291524,20.9597945],[105.8296048,20.959523],[105.8300929,20.959395],[105.8308607,20.9594947],[105.8313464,20.9595663],[105.8318248,20.9596329],[105.8323568,20.9597104],[105.8327912,20.959757],[105.8332566,20.9598367],[105.8347926,20.9600962],[105.835312,20.9601783],[105.8358131,20.9602533],[105.8361822,20.9603777],[105.8368744,20.9609217],[105.8372632,20.9613749],[105.837553,20.9617811],[105.8380798,20.9622153],[105.8385098,20.9625866],[105.8388182,20.9628481],[105.8395648,20.9635197],[105.8399367,20.9639288],[105.8403724,20.9643882],[105.8406814,20.9646211],[105.8412056,20.9647811],[105.8415348,20.964836]]}},{"type":"Feature","properties":{"osm_id":374539981,"osm_type":"way","access":"yes","bridge":"covered","highway":"secondary","lanes":"1","layer":"1","lit":"yes","maxspeed":"30","moped":"yes","motorcar":"no","motorcycle":"yes","name":"Cầu Thăng Long","oneway":"yes","surface":"asphalt","width":"3.5"},"geometry":{"type":"LineString","coordinates":[[105.7859823,21.090344],[105.7861005,21.091083],[105.7861545,21.0916892],[105.7861987,21.0922836],[105.7862846,21.0932811],[105.7863688,21.0943665],[105.7864513,21.0954629],[105.7865204,21.0963487],[105.7866285,21.0977197],[105.7867774,21.0994382],[105.7868665,21.1007876],[105.7869622,21.1020099],[105.7870416,21.1031246],[105.787137,21.1043385],[105.7872394,21.1056798],[105.7873311,21.1070032],[105.7873616,21.1078303],[105.7873276,21.1083331],[105.7873611,21.108877]]}},{"type":"Feature","properties":{"osm_id":597139539,"osm_type":"way","highway":"secondary","lanes":"3","lit":"yes","maxspeed":"60","name":"Phố Nguyễn Văn Luyện","oneway":"yes","surface":"asphalt"},"geometry":{"type":"LineString","coordinates":[[105.7635113,20.9783604],[105.7627485,20.9789059],[105.7623249,20.9792016],[105.7605916,20.9804505],[105.760307,20.9806642],[105.7593453,20.9813188],[105.7567706,20.9831651],[105.7564608,20.9833892],[105.7554757,20.9841072],[105.7549713,20.984538],[105.7546968,20.984837],[105.7544338,20.9851637],[105.7542248,20.9854989],[105.7539732,20.9860651],[105.7538326,20.9865484],[105.7535668,20.9878358],[105.7531821,20.9896138],[105.7527481,20.9915919],[105.7527347,20.9916991]]}},{"type":"Feature","properties":{"osm_id":596714953,"osm_type":"way","highway":"secondary","lanes":"3","lit":"yes","name":"Phố Nguyễn Văn Luyện","oneway":"yes","surface":"asphalt"},"geometry":{"type":"LineString","coordinates":[[105.7525782,20.9915552],[105.7528787,20.9902739],[105.7529444,20.9898938],[105.7533254,20.9881402],[105.7536635,20.9865134],[105.7537964,20.986031],[105.7539338,20.9857073],[105.7542166,20.9851954],[105.754419,20.9848975],[105.754847,20.9844034],[105.7551565,20.9841307],[105.7563469,20.9832506],[105.7566734,20.9830402],[105.7577483,20.9822203],[105.7582666,20.981863],[105.7592196,20.9812059],[105.7596294,20.9809234],[105.7601918,20.9805302],[105.7604936,20.9803168],[105.7611843,20.9798384],[105.7623631,20.9789909],[105.7631722,20.9784338],[105.7633645,20.9782887]]}},{"type":"Feature","properties":{"osm_id":896077770,"osm_type":"way","highway":"secondary","lanes":"3","lit":"yes","name":"Đường Đặng Công Chất","name:en":"Dang Cong Chat Road","oneway":"yes","surface":"asphalt"},"geometry":{"type":"LineString","coordinates":[[105.9328146,21.0759392],[105.9325781,21.0762024],[105.9321624,21.0766651],[105.9309022,21.0780676],[105.9298765,21.0792149],[105.9294989,21.0796373],[105.9283168,21.081862],[105.9277826,21.082917],[105.9271806,21.0841061],[105.9268306,21.0847869],[105.9265397,21.0852744],[105.9263161,21.0855814],[105.9257911,21.0861495],[105.9253967,21.0865059],[105.9248942,21.0869401],[105.9245292,21.0872566],[105.9241458,21.0875873],[105.9219122,21.0895214],[105.9216424,21.0897501]]}},{"type":"Feature","properties":{"osm_id":896077768,"osm_type":"way","highway":"secondary","lanes":"3","lit":"yes","name":"Đường Đặng Công Chất","name:en":"Dang Cong Chat Road","oneway":"yes","surface":"asphalt"},"geometry":{"type":"LineString","coordinates":[[105.9215326,21.0896359],[105.9239641,21.0875706],[105.9243842,21.0872061],[105.9247929,21.0868485],[105.9254761,21.0862586],[105.9258871,21.0858612],[105.9262344,21.0854535],[105.9265104,21.0850442],[105.9270659,21.0840096],[105.9274126,21.08334],[105.9276221,21.0829352],[105.9278045,21.082581],[105.9281052,21.0819969],[105.9284231,21.0813575],[105.9288348,21.0805525],[105.929239,21.0797683],[105.930294,21.0785562],[105.93162,21.077082],[105.9320555,21.0765939],[105.9323768,21.0762338],[105.9327127,21.0758573]]}},{"type":"Feature","properties":{"osm_id":37531981,"osm_type":"way","highway":"trunk","lanes":"2","name":"Quốc lộ 3","ref":"QL.3","surface":"asphalt"},"geometry":{"type":"LineString","coordinates":[[105.9021438,21.0885724],[105.9017029,21.088877],[105.901139,21.0892099],[105.8999408,21.0898671],[105.8995249,21.0900803],[105.8991862,21.0902661],[105.8987461,21.0905248],[105.8984147,21.0906998],[105.8979505,21.0909405],[105.8976524,21.0911261],[105.8972518,21.0913377],[105.8968766,21.0915569],[105.8960851,21.0919779],[105.8950216,21.0925272],[105.8947065,21.0926938],[105.8943433,21.0928858],[105.8933921,21.0933809],[105.8928857,21.0936547],[105.8925743,21.0939279],[105.8922079,21.0943496],[105.8918961,21.0947131],[105.8915256,21.0951467],[105.8905703,21.0962649],[105.8894856,21.0975504],[105.8888313,21.0983258],[105.8883524,21.0988969],[105.8880963,21.099151],[105.8880586,21.0991919]]}},{"type":"Feature","properties":{"osm_id":938654543,"osm_type":"way","embankment":"yes","highway":"primary","name":"Đê Phương Trạch","ref":"ĐT.406","source":"AsiaGPS"},"geometry":{"type":"LineString","coordinates":[[105.8466094,21.085799],[105.8463704,21.0853966],[105.8458366,21.0844243],[105.845529,21.0838339],[105.8453004,21.0833941],[105.8451669,21.0829843],[105.8453131,21.0824659],[105.8456778,21.0820234],[105.8461162,21.0814176],[105.8464666,21.081018],[105.8469708,21.0806432],[105.8477776,21.0800435],[105.8483089,21.0795606],[105.8486385,21.0792287],[105.8491245,21.0787955],[105.8496986,21.0782685],[105.8505921,21.0776454],[105.8512577,21.0771659],[105.8530901,21.0757059],[105.8547678,21.0746416],[105.8554898,21.0745976],[105.8558415,21.0745374],[105.8564429,21.0741725]]}},{"type":"Feature","properties":{"osm_id":964318757,"osm_type":"way","embankment":"yes","highway":"primary","lanes":"2","lit":"yes","maxweight":"18","name":"Đường Long Biên – Xuân Quan","name:en":"Long Bien – Xuan Quan Road","name:vi":"Đường Long Biên – Xuân Quan","surface":"asphalt"},"geometry":{"type":"LineString","coordinates":[[105.8916908,21.0220623],[105.8911785,21.0221689],[105.8903867,21.0223336],[105.8894873,21.022497],[105.8877993,21.0228525],[105.8873155,21.0230553],[105.8864577,21.0235001],[105.8860936,21.0237341],[105.885382,21.0242457],[105.8850677,21.0245097],[105.884847,21.0248496],[105.8845984,21.0251778],[105.884087,21.0257087],[105.8836078,21.0262787],[105.8826085,21.0274918],[105.8823843,21.0277672],[105.8816505,21.0286156],[105.8811676,21.0292026],[105.8808083,21.0296152],[105.8802838,21.0301691],[105.8798781,21.0305559],[105.8787991,21.0314712],[105.8782559,21.0318614]]}},{"type":"Feature","properties":{"osm_id":909862052,"osm_type":"way","fixme":"Đoạn đường không có mốc ĐT.379, ĐT.379 là số hiệu bên Hưng Yên, chỉ bắt đầu khi đoạn đại lộ rời khỏi địa phận Hà Nội","highway":"trunk","lanes":"2","layer":"1","lit":"yes","maxweight":"30","name":"Đường Giáp Hải","name:en":"Giap Hai Road","official_name":"Đường liên tỉnh Hà Nội - Hưng Yên","oneway":"yes","sidewalk":"right","source":"grab_hanoi_2018_t5","surface":"asphalt"},"geometry":{"type":"LineString","coordinates":[[105.9219006,20.9913583],[105.9211522,20.993067],[105.9209486,20.9935213],[105.9193877,20.9970348],[105.9188338,20.9982817],[105.9184311,20.9991789],[105.9182148,20.9996109],[105.9178975,21.0000842],[105.917675,21.0003783],[105.9172296,21.0008685],[105.9168312,21.0012361],[105.9164786,21.001511],[105.915839,21.0018842],[105.9151816,21.0022222],[105.9117896,21.0039134],[105.9115051,21.0040931]]}},{"type":"Feature","properties":{"osm_id":909862050,"osm_type":"way","fixme":"Đoạn đường không có mốc ĐT.379, ĐT.379 là số hiệu bên Hưng Yên, chỉ bắt đầu khi đoạn đại lộ rời khỏi địa phận Hà Nội","highway":"trunk","lanes":"2","layer":"1","lit":"yes","maxweight":"30","name":"Đường Giáp Hải","name:en":"Giap Hai Road","official_name":"Đường liên tỉnh Hà Nội - Hưng Yên","oneway":"yes","sidewalk":"right","surface":"asphalt"},"geometry":{"type":"LineString","coordinates":[[105.911357,21.0039446],[105.9117032,21.0037959],[105.914959,21.0021685],[105.916062,21.0015871],[105.9165287,21.0012466],[105.9169444,21.000901],[105.9173011,21.0005323],[105.9178323,20.9999019],[105.9182498,20.9991889],[105.9185864,20.9984056],[105.9207818,20.9934595],[105.9211545,20.9925963],[105.9216288,20.9915095],[105.9217306,20.9912668]]}},{"type":"Feature","properties":{"osm_id":457757000,"osm_type":"way","foot":"yes","highway":"primary","lanes":"4","lit":"yes","name":"Đại lộ Thăng Long","name:en":"Thang Long Avenue","oneway":"yes","surface":"asphalt"},"geometry":{"type":"LineString","coordinates":[[105.7735158,21.0036395],[105.7738804,21.0035708],[105.775291,21.0032768],[105.7767536,21.0029645],[105.7772062,21.0028679],[105.7775593,21.0027954],[105.7783423,21.0026348],[105.7789264,21.0025149],[105.7799801,21.0022986],[105.7807097,21.0021464],[105.7811403,21.0020565],[105.7816232,21.0019535],[105.7819784,21.0018801],[105.782435,21.0017857],[105.7830873,21.0016687],[105.7834691,21.0016097],[105.7840605,21.0015481],[105.7846283,21.0015404],[105.7852183,21.0015492],[105.7857029,21.0015875],[105.7860719,21.0016354],[105.7866326,21.0017421],[105.78754,21.0019463],[105.7880135,21.002078],[105.7886362,21.0022884],[105.7892865,21.0026016],[105.7896066,21.0027778],[105.7897227,21.002891]]}},{"type":"Feature","properties":{"osm_id":601487487,"osm_type":"way","highway":"secondary","lanes":"2","lit":"yes","name":"Đường Lê Trần Cẩn","name:en":"Le Tran Can Road","oneway":"yes","sidewalk":"both","surface":"asphalt"},"geometry":{"type":"LineString","coordinates":[[105.9516521,20.9709609],[105.9514321,20.9713743],[105.951229,20.9717529],[105.9490613,20.9757932],[105.9485433,20.9767068],[105.9478366,20.977953],[105.9474432,20.9786789],[105.9464336,20.9803237],[105.9456008,20.9816207],[105.9447599,20.9828534],[105.9435657,20.9845563],[105.9432275,20.9850386]]}},{"type":"Feature","properties":{"osm_id":1240471401,"osm_type":"way","highway":"primary","lanes":"2","maxheight":"4","name":"Đê Hữu Hồng","surface":"asphalt"},"geometry":{"type":"LineString","coordinates":[[105.8640136,20.9432827],[105.8639527,20.9439647],[105.8639233,20.9446114],[105.8639186,20.9458113],[105.8640572,20.9463644],[105.8643684,20.9468396],[105.8644619,20.9474245],[105.8643379,20.9479852],[105.8645319,20.9486309],[105.8648423,20.9492782],[105.8658016,20.9498046],[105.8662183,20.9500246],[105.8663245,20.9508873],[105.8664004,20.9513204],[105.8666697,20.9519227],[105.866924,20.9523774],[105.8673035,20.9528632],[105.8676725,20.9535445],[105.8679644,20.953809],[105.8685394,20.9539293],[105.8690716,20.9541697],[105.8693977,20.954338],[105.8697153,20.9545945],[105.8701106,20.9551671],[105.870565,20.9558049],[105.8707858,20.9561143],[105.8710768,20.9565613]]}},{"type":"Feature","properties":{"osm_id":499096437,"osm_type":"way","highway":"secondary","lanes":"2","name":"Đường Yên Thường","name:en":"Yen Thuong Road","surface":"asphalt"},"geometry":{"type":"LineString","coordinates":[[105.9128787,21.0946763],[105.9131945,21.0949405],[105.9134039,21.095226],[105.9136721,21.0955388],[105.9139484,21.0957815],[105.914273,21.0960893],[105.9147289,21.0963621],[105.91515,21.096715],[105.9157079,21.0971779],[105.9160111,21.0973806],[105.9166253,21.0976083],[105.9169506,21.0978054],[105.917297,21.0980882],[105.9176391,21.098319],[105.9180013,21.0985242],[105.9184545,21.0987169],[105.9191358,21.0987995],[105.919522,21.0987995],[105.919978,21.0988545],[105.9206432,21.0990397],[105.9212601,21.0991048],[105.9218422,21.0991073],[105.9222418,21.0991573],[105.9227166,21.0991948],[105.9232342,21.0992699],[105.9240174,21.0994251],[105.924865,21.099315],[105.9254605,21.0992049],[105.9259323,21.0990846],[105.9263991,21.0989145],[105.9268228,21.0987844],[105.9273847,21.0987011],[105.9275969,21.098576]]}},{"type":"Feature","properties":{"osm_id":1199967384,"osm_type":"way","highway":"secondary","lanes":"3","name":"Đường Nguyễn Gia Bồng","name:en":"Nguyen Gia Bong Road","oneway":"yes","surface":"asphalt"},"geometry":{"type":"LineString","coordinates":[[105.8814534,21.062353],[105.8805233,21.0620585],[105.8801344,21.0619353],[105.8794581,21.0617211],[105.8781545,21.0613083],[105.8776765,21.0611569],[105.877286,21.0610333],[105.8765918,21.0608135],[105.8754406,21.060449],[105.8748615,21.0602656],[105.8734063,21.0598047],[105.8719182,21.0593335],[105.8715805,21.0592266],[105.870328,21.0588299],[105.8698923,21.0586919],[105.8689343,21.0583886],[105.8685988,21.0582824],[105.8678997,21.058061],[105.8674757,21.057817],[105.866496,21.0569148],[105.8663253,21.056755]]}},{"type":"Feature","properties":{"osm_id":1199967385,"osm_type":"way","highway":"secondary","lanes":"3","name":"Đường Nguyễn Gia Bồng","name:en":"Nguyen Gia Bong Road","oneway":"yes","surface":"asphalt"},"geometry":{"type":"LineString","coordinates":[[105.8664153,21.0566609],[105.8675673,21.0577268],[105.8679413,21.0579407],[105.8689771,21.0582687],[105.8693437,21.0583848],[105.8700027,21.0585935],[105.8703764,21.0587118],[105.8716342,21.0591101],[105.8728258,21.0594874],[105.8734494,21.0596848],[105.8749061,21.0601461],[105.8754391,21.0603149],[105.8773278,21.0609131],[105.877759,21.0610496],[105.8781978,21.0611885],[105.8785699,21.0613063],[105.8797767,21.0616885],[105.8801768,21.0618152],[105.8805664,21.0619385],[105.8813688,21.0621927],[105.8814908,21.0622313]]}},{"type":"Feature","properties":{"osm_id":499095861,"osm_type":"way","highway":"tertiary","lanes":"2","lit":"yes","name":"Ngõ 41 Đường Đặng Phúc Thông","surface":"asphalt"},"geometry":{"type":"LineString","coordinates":[[105.91483,21.0928792],[105.9151366,21.0935268],[105.9152949,21.0942626],[105.9153861,21.0950083],[105.9155256,21.0953336],[105.9159359,21.0956764],[105.9162766,21.0959167],[105.9171778,21.0964822],[105.9177709,21.096775],[105.9188998,21.097298],[105.919404,21.0974957],[105.9198085,21.0976404],[105.9203911,21.0978285],[105.9207749,21.0979387],[105.921405,21.0980938],[105.921818,21.0981714],[105.9222899,21.0982438],[105.9226412,21.0982339],[105.9231147,21.0982206],[105.9237168,21.0982339],[105.9243176,21.0981993],[105.9247736,21.0981313],[105.9252685,21.0980129],[105.9257124,21.0978185],[105.9261362,21.0975482],[105.9265868,21.0972429],[105.9268765,21.0970377],[105.9273836,21.0964985],[105.9278116,21.0961535]]}},{"type":"Feature","properties":{"osm_id":704662246,"osm_type":"way","access":"yes","bicycle":"no","highway":"motorway","lanes":"2","lit":"yes","maxspeed":"80","motorcar":"yes","motorcycle":"no","name":"Đường cao tốc Vành đai 3 TP. Hà Nội","name:en":"Ring Road 3 Expressway (Hanoi)","note":"Đoạn đường cắm mốc lí trình km cho QL.1 và biển báo lí trình cầu đoạn đường này đều ghi QL.1, xin lưu ý đừng xoá ref QL.1!","oneway":"yes","ref":"CT.37;CT.01;QL.1","surface":"asphalt","wikidata":"Q1372266","wikipedia":"vi:Quốc lộ 1"},"geometry":{"type":"LineString","coordinates":[[105.8525802,20.9653763],[105.8541791,20.9650982],[105.8552389,20.9649147],[105.8575149,20.9645325],[105.8592486,20.9642415],[105.8603394,20.9640669],[105.8611896,20.9639298],[105.8621702,20.963859],[105.8628214,20.9638535],[105.8634075,20.9638728],[105.8640814,20.9638943],[105.8645723,20.9639031],[105.8656847,20.9639083],[105.8672654,20.9639608],[105.8680306,20.964017],[105.8684669,20.9640268]]}},{"type":"Feature","properties":{"osm_id":704662244,"osm_type":"way","access":"yes","bicycle":"no","foot":"no","highway":"motorway","lanes":"2","lit":"yes","maxspeed":"80","motorcar":"yes","motorcycle":"no","name":"Đường cao tốc Vành đai 3 TP. Hà Nội","name:en":"Ring Road 3 Expressway (Hanoi)","note":"Đoạn đường cắm mốc lí trình km cho QL.1 và biển báo lí trình cầu đoạn đường này đều ghi QL.1, xin lưu ý đừng xoá ref QL.1!","oneway":"yes","ref":"CT.37;CT.01;QL.1","surface":"asphalt","wikidata":"Q1372266","wikipedia":"vi:Quốc lộ 1"},"geometry":{"type":"LineString","coordinates":[[105.8684592,20.964192],[105.8680215,20.9641818],[105.8672626,20.9641801],[105.8658959,20.9641459],[105.8647185,20.9640825],[105.8640698,20.9640482],[105.8634072,20.9640245],[105.8628179,20.9640122],[105.8621756,20.9640199],[105.8612066,20.9641],[105.8603682,20.9642169],[105.8592796,20.9643942],[105.8575481,20.9646908],[105.8552598,20.9650815],[105.8542287,20.9652627],[105.8526076,20.9655342]]}},{"type":"Feature","properties":{"osm_id":11002461,"osm_type":"way","embankment":"two_sided","highway":"primary","lanes":"2","name":"Đường Long Biên – Xuân Quan","name:en":"Long Bien – Xuan Quan Road","name:vi":"Đường Long Biên – Xuân Quan","surface":"asphalt"},"geometry":{"type":"LineString","coordinates":[[105.918047,20.9908753],[105.9180243,20.991305],[105.9178153,20.9919491],[105.917595,20.9922684],[105.9172465,20.9925461],[105.9168607,20.992634],[105.9164087,20.9926351],[105.9159707,20.9927116],[105.9150837,20.9929259],[105.9147099,20.9930333],[105.9138978,20.9933396],[105.913495,20.993503],[105.9129873,20.9936702],[105.9125321,20.9938139],[105.912254,20.9940687],[105.9118122,20.9947974],[105.9116935,20.9952138],[105.9118492,20.9956828],[105.9118319,20.99657],[105.9116858,20.9971393],[105.9115806,20.9975303],[105.9114529,20.9979624],[105.9110729,20.999001],[105.9109146,20.9994512],[105.9107973,20.9998279],[105.9106447,21.0003479],[105.9098269,21.002083],[105.9097884,21.0021647]]}},{"type":"Feature","properties":{"osm_id":599133410,"osm_type":"way","highway":"tertiary","lane_markings":"yes","lanes":"2","name":"Đường Tả Thanh Oai","surface":"asphalt"},"geometry":{"type":"LineString","coordinates":[[105.8055711,20.9400379],[105.8057684,20.9404052],[105.8059117,20.940837],[105.8059844,20.9414131],[105.8060667,20.9419716],[105.806137,20.9425943],[105.806247,20.9429913],[105.8063275,20.9435099],[105.8065206,20.9439082],[105.8067968,20.9441937],[105.8070283,20.9447017],[105.8071598,20.9451692],[105.8075128,20.9457826],[105.8075715,20.9462657],[105.8078331,20.9466985],[105.8082126,20.9470684],[105.8084437,20.9476205],[105.8085296,20.948124],[105.8083395,20.9485923],[105.8081984,20.9491366],[105.8082104,20.9497848],[105.8085095,20.950256],[105.8088993,20.9506494],[105.809078,20.9509843],[105.8090338,20.9514956],[105.8088206,20.9520567],[105.8086319,20.952381],[105.8086117,20.9527664],[105.809353,20.95374],[105.8098365,20.9542548]]}},{"type":"Feature","properties":{"osm_id":1355207324,"osm_type":"way","highway":"secondary","lanes":"2","maxspeed":"50","name":"Tây Thăng Long","oneway":"yes"},"geometry":{"type":"LineString","coordinates":[[105.7537436,21.0676507],[105.7543102,21.0674556],[105.755127,21.0671413],[105.7589152,21.0657095],[105.7596272,21.0654404],[105.7623518,21.0644106],[105.762775,21.0642507],[105.7659149,21.063067],[105.7662889,21.0629256],[105.7670346,21.0626833],[105.7674152,21.0625759],[105.7678766,21.0624905],[105.7683958,21.0624362]]}},{"type":"Feature","properties":{"osm_id":1433521171,"osm_type":"way","highway":"secondary","name":"Đường Phó Đức Chính","ref":"ĐH.23"},"geometry":{"type":"LineString","coordinates":[[105.9582391,20.9419935],[105.9580485,20.9423301],[105.9576531,20.9429184],[105.9574368,20.9432674],[105.9571129,20.9436806],[105.9568674,20.9440327],[105.9566568,20.9443901],[105.9564166,20.9448334],[105.9561818,20.9453735],[105.9560506,20.9457551],[105.9560215,20.9463701],[105.9560654,20.9468715],[105.9560164,20.9472578],[105.955837,20.9476446],[105.955641,20.9479973],[105.9554022,20.9483217],[105.9550661,20.9486457],[105.9547208,20.9489435],[105.9538193,20.949675],[105.9532058,20.9501897],[105.9526776,20.9505907],[105.9523518,20.9508073],[105.9518759,20.9511605],[105.9514153,20.9515219],[105.9511146,20.9518011],[105.9507074,20.952198],[105.9504325,20.9525262],[105.9500854,20.9528684],[105.9498357,20.9531712],[105.9494576,20.9535664],[105.9492134,20.9537844]]}},{"type":"Feature","properties":{"osm_id":761986896,"osm_type":"way","highway":"secondary","lit":"yes","name":"Đường Đại Tây Dương","oneway":"yes","surface":"asphalt"},"geometry":{"type":"LineString","coordinates":[[105.9472761,21.0048554],[105.9476011,21.0044848],[105.9485524,21.0037744],[105.9489046,21.0035088],[105.9498216,21.0028265],[105.950119,21.0026044],[105.9508248,21.0020773],[105.9515222,21.0015564],[105.9520941,21.0011293],[105.9534301,21.0001316],[105.9537657,20.9998809],[105.95422,20.9995416],[105.9555167,20.9985732],[105.9569756,20.9974838],[105.9583641,20.9964467],[105.9593013,20.9957467],[105.9595345,20.9955725]]}},{"type":"Feature","properties":{"osm_id":896481308,"osm_type":"way","highway":"secondary","lit":"yes","name":"Đường Đại Tây Dương","oneway":"yes","surface":"asphalt"},"geometry":{"type":"LineString","coordinates":[[105.9596334,20.9956886],[105.9584638,20.9965621],[105.9573206,20.997416],[105.955616,20.998689],[105.9543193,20.9996574],[105.9538998,20.9999708],[105.9535764,21.0002123],[105.9518223,21.0015223],[105.9509234,21.0021936],[105.9499202,21.0029428],[105.9490383,21.0036015],[105.9486509,21.0038907],[105.9477022,21.0045993],[105.9474623,21.0047784]]}},{"type":"Feature","properties":{"osm_id":601445679,"osm_type":"way","highway":"secondary","lanes":"2","lit":"yes","name":"Đường Xuân Thụy","name:en":"Xuan Thuy Road","oneway":"yes","sidewalk":"both","surface":"asphalt"},"geometry":{"type":"LineString","coordinates":[[105.9428927,20.9837851],[105.9436397,20.9829649],[105.9439529,20.982577],[105.9442293,20.9821948],[105.9460817,20.9794091],[105.9469968,20.9779126],[105.9472292,20.9775115],[105.9481272,20.9758992],[105.9497085,20.9729864],[105.9505097,20.9715107],[105.9507082,20.9711541],[105.9508289,20.9709274]]}},{"type":"Feature","properties":{"osm_id":208808786,"osm_type":"way","bus:lanes":"designated|yes|yes","highway":"primary","lanes":"3","lit":"yes","maxheight:lanes":"3.7||","name":"Phố Văn Khê","oneway":"yes","surface":"asphalt"},"geometry":{"type":"LineString","coordinates":[[105.7873238,20.9529401],[105.7868841,20.9528908],[105.7818452,20.9531603],[105.7791563,20.9532891],[105.7779773,20.9533584],[105.7762394,20.9534672],[105.7751685,20.9535432],[105.7745747,20.9536341],[105.7740354,20.9537658],[105.7736499,20.953885],[105.7732994,20.9540268],[105.7727543,20.9542853],[105.7724981,20.9544538]]}},{"type":"Feature","properties":{"osm_id":288272509,"osm_type":"way","highway":"tertiary","lane_markings":"no","name":"Đường Đình Xuyên","surface":"asphalt"},"geometry":{"type":"LineString","coordinates":[[105.9324426,21.0812378],[105.9311977,21.0827634],[105.9312852,21.0866385],[105.9309462,21.0871784],[105.9306136,21.0876683],[105.9303035,21.0881251],[105.9300191,21.0883755],[105.9293659,21.0889507],[105.9289012,21.0893599],[105.9286159,21.0896111],[105.9282861,21.0899015],[105.928016,21.0901348],[105.9272522,21.0905816],[105.9266723,21.0910187],[105.9259393,21.0916362],[105.9256259,21.0919097],[105.9251406,21.0923334],[105.9246061,21.0928]]}},{"type":"Feature","properties":{"osm_id":1109636279,"osm_type":"way","bus:lanes":"designated|yes|yes","highway":"primary","lanes":"3","lit":"yes","maxheight:lanes":"3.7||","name":"Phố Văn Khê","oneway":"yes","surface":"asphalt"},"geometry":{"type":"LineString","coordinates":[[105.7725086,20.9542453],[105.7729484,20.9540209],[105.7736371,20.9537285],[105.7743455,20.9535273],[105.7748019,20.9534365],[105.7752582,20.9533808],[105.7762083,20.9533295],[105.7778701,20.9532372],[105.7791692,20.953148],[105.7818458,20.9530171],[105.7866405,20.9527454],[105.7870813,20.9527067],[105.787293,20.9526616]]}},{"type":"Feature","properties":{"osm_id":488236472,"osm_type":"way","access":"yes","bicycle":"no","foot":"no","highway":"motorway","horse":"no","int_ref":"AH1","lanes":"3","lit":"no","maxspeed":"100","minspeed":"60","motor_vehicle":"yes","motorcycle":"no","name":"Đường cao tốc Pháp Vân - Cầu Giẽ","name:en":"Phap Van - Cau Gie Expressway","oneway":"yes","ref":"CT.01","shoulder":"yes","source":"GPS","surface":"asphalt","toll":"yes","wikidata":"Q10840982","wikipedia":"vi:Đường cao tốc Pháp Vân – Cầu Giẽ"},"geometry":{"type":"LineString","coordinates":[[105.859562,20.9409344],[105.8594875,20.9415299],[105.8594245,20.9419026],[105.8592438,20.9428137],[105.858992,20.9435808],[105.8588092,20.9440924],[105.8585978,20.9445703],[105.8584155,20.9449699],[105.8581261,20.9454789],[105.8574604,20.9465044],[105.8563795,20.9480438],[105.8537776,20.9517493],[105.8523244,20.9537885]]}},{"type":"Feature","properties":{"osm_id":488236470,"osm_type":"way","access":"yes","bicycle":"no","foot":"no","highway":"motorway","horse":"no","int_ref":"AH1","lanes":"3","lit":"no","maxspeed":"100","minspeed":"60","motor_vehicle":"yes","motorcycle":"no","name":"Đường cao tốc Pháp Vân - Cầu Giẽ","name:en":"Phap Van - Cau Gie Expressway","oneway":"yes","ref":"CT.01","shoulder":"yes","source":"GPS","surface":"asphalt","toll":"yes","wikidata":"Q10840982","wikipedia":"vi:Đường cao tốc Pháp Vân – Cầu Giẽ"},"geometry":{"type":"LineString","coordinates":[[105.8520998,20.9536538],[105.8524222,20.9532015],[105.853553,20.9516146],[105.8537842,20.9512855],[105.8541396,20.9507793],[105.854528,20.9502262],[105.8548882,20.9497132],[105.8552692,20.9491706],[105.8558874,20.9482901],[105.8561757,20.9478795],[105.8564409,20.9475018],[105.8569395,20.9467917],[105.8572358,20.9463697],[105.8578908,20.9453612],[105.858169,20.9448742],[105.8583942,20.9443814],[105.8587394,20.9435002],[105.8589843,20.9427555],[105.8591544,20.9419027],[105.8592225,20.9415001],[105.8592953,20.9409238]]}},{"type":"Feature","properties":{"osm_id":35973017,"osm_type":"way","highway":"primary","lit":"yes","name":"Đường tỉnh 378","ref":"ĐT.378"},"geometry":{"type":"LineString","coordinates":[[105.9194647,20.9706037],[105.9193054,20.9701057],[105.9191616,20.969335],[105.9191142,20.9688989],[105.9191385,20.9684572],[105.9191616,20.9679752],[105.9191109,20.9672135],[105.9190279,20.9667014],[105.9188205,20.9658192],[105.9185765,20.9647217],[105.9185401,20.9643415],[105.9186362,20.9635144],[105.9187007,20.9630392],[105.9186638,20.9625959],[105.9185258,20.9621026],[105.9184325,20.9616767],[105.9183293,20.961308],[105.9181569,20.9609046],[105.9180327,20.9604037],[105.9180113,20.9600512],[105.9179125,20.9593791],[105.9176366,20.9582774],[105.9175598,20.9579314],[105.9173919,20.9569539],[105.917411,20.9564072],[105.9174148,20.9562995]]}},{"type":"Feature","properties":{"osm_id":408489723,"osm_type":"way","highway":"tertiary","lanes":"2","name":"Đường Bạch Đằng","name:en":"Bach Dang Road","name:zh":"白藤路","surface":"asphalt"},"geometry":{"type":"LineString","coordinates":[[105.8583561,21.0320441],[105.8586543,21.0316621],[105.859004,21.031182],[105.8592724,21.0307955],[105.8595163,21.0304412],[105.8598143,21.0299614],[105.8600341,21.029649],[105.8603778,21.0291605],[105.8605735,21.0288657],[105.8608189,21.0284425],[105.861006,21.0280629],[105.8611237,21.0276063],[105.8613602,21.0268851],[105.8614853,21.0265098],[105.8617732,21.025698],[105.8618868,21.0252951],[105.8620378,21.0248247],[105.8621886,21.0242428],[105.8623435,21.0236308],[105.8624457,21.023186],[105.8626074,21.0225295],[105.8627015,21.0221234],[105.8628243,21.0216905],[105.8629228,21.021237],[105.8630366,21.0208283],[105.863125,21.0204735],[105.8632557,21.0200763],[105.8634641,21.0196278],[105.8638124,21.0190984],[105.863899,21.018973]]}},{"type":"Feature","properties":{"osm_id":576213258,"osm_type":"way","embankment":"yes","highway":"primary","name":"Đường Liên Mạc","name:en":"Lien Mac Road"},"geometry":{"type":"LineString","coordinates":[[105.7574054,21.0882706],[105.7579703,21.0884345],[105.7589537,21.0887076],[105.7595009,21.088846],[105.7606514,21.0891612],[105.762717,21.0897134],[105.7636244,21.089946],[105.7653468,21.0904129],[105.7662449,21.0906576],[105.7673087,21.0909474],[105.7683502,21.0912287],[105.7693505,21.0914998],[105.7697162,21.0913303],[105.7698387,21.0909567],[105.7699148,21.0905751],[105.769958,21.0901597],[105.7699894,21.0897956]]}},{"type":"Feature","properties":{"osm_id":1347934993,"osm_type":"way","highway":"primary","lanes":"3","lanes:motorcycle":"3","lit":"yes","motorcycle:lanes":"||designated","name":"Đường Đỗ Mười","name:en":"Do Muoi Road","oneway":"yes","surface":"asphalt"},"geometry":{"type":"LineString","coordinates":[[105.8639735,20.9642637],[105.8630641,20.9641865],[105.8625284,20.9641778],[105.8618754,20.9641944],[105.8609236,20.9642695],[105.8603341,20.9643638],[105.8595404,20.9644907],[105.8589637,20.9645969],[105.8585673,20.9646698],[105.8570854,20.9649039],[105.8564763,20.9650045],[105.8553398,20.9651922],[105.8535194,20.9655003],[105.8521535,20.9657533],[105.8516384,20.9658467],[105.8512423,20.9659014],[105.8505782,20.9659442],[105.8499629,20.9659816],[105.8498034,20.9659808]]}},{"type":"Feature","properties":{"osm_id":164031188,"osm_type":"way","highway":"tertiary","lanes":"2","lit":"yes","maxspeed":"50","name":"Phố Trích Sài","smoothness":"good","surface":"asphalt"},"geometry":{"type":"LineString","coordinates":[[105.810285,21.0557159],[105.8107074,21.0556089],[105.811095,21.0555739],[105.8114706,21.0554354],[105.8116885,21.0548959],[105.8120777,21.0538757],[105.8125824,21.0531838],[105.8125248,21.0527532],[105.8126682,21.0522213],[105.8130199,21.0512894],[105.8131544,21.0509541],[105.8138118,21.0496244],[105.814037,21.0492559],[105.8142212,21.048944],[105.8144565,21.0481895],[105.8142939,21.047538],[105.814286,21.0471416],[105.8145972,21.0465539],[105.8148524,21.0458586],[105.8151117,21.0455802],[105.8157456,21.0453808],[105.8163405,21.0451647],[105.8169153,21.044952],[105.8172402,21.0447458]]}},{"type":"Feature","properties":{"osm_id":251790826,"osm_type":"way","highway":"primary","lanes":"3","lit":"yes","maxspeed":"50","name":"Đường Đỗ Mười","name:en":"Do Muoi Road","oneway":"yes","surface":"asphalt"},"geometry":{"type":"LineString","coordinates":[[105.8500138,20.965545],[105.850434,20.9655165],[105.8508308,20.9654803],[105.8514839,20.9654012],[105.8518348,20.9653486],[105.8526406,20.96518],[105.8532056,20.965087],[105.8537327,20.9650002],[105.8552165,20.9647514],[105.8567697,20.964491],[105.857645,20.9643443],[105.8587441,20.964167],[105.859265,20.9640829],[105.8596167,20.9640262],[105.8603199,20.9639119],[105.8613385,20.9637726],[105.8617662,20.9637372],[105.8625051,20.9637069],[105.8632707,20.9637157],[105.863887,20.9637215],[105.8639903,20.9637188]]}},{"type":"Feature","properties":{"osm_id":220699361,"osm_type":"way","highway":"secondary","lanes":"4","lit":"yes","name":"Phố Mai Chí Thọ","name:en":"Mai Chi Tho Street","oneway":"yes","surface":"asphalt"},"geometry":{"type":"LineString","coordinates":[[105.9106179,21.0697844],[105.9117193,21.0658205],[105.912045,21.0646486],[105.9135287,21.0593083],[105.9136684,21.0588054],[105.914334,21.0564097],[105.9143943,21.0561929]]}},{"type":"Feature","properties":{"osm_id":220699352,"osm_type":"way","highway":"secondary","lanes":"4","lit":"yes","name":"Phố Mai Chí Thọ","name:en":"Mai Chi Tho Street","oneway":"yes","surface":"asphalt"},"geometry":{"type":"LineString","coordinates":[[105.9145492,21.0562707],[105.9141242,21.0578004],[105.9138824,21.0586707],[105.9137451,21.0591648],[105.9134218,21.0603284],[105.9132783,21.0608447],[105.9131642,21.0612554],[105.9129991,21.0618497],[105.9126431,21.0631312],[105.9121509,21.0649025],[105.9107793,21.0698388]]}},{"type":"Feature","properties":{"osm_id":336489148,"osm_type":"way","highway":"motorway","int_ref":"AH1","lanes":"3","lit":"yes","maxspeed":"90","maxspeed:lanes":"90|70|50","motorcycle":"yes","name":"Đường cao tốc Hà Nội - Bắc Giang","name:en":"Hanoi - Bac Giang Expressway","name:ko":"하노이 - 박장 고속도로","note:vi":"Quốc lộ 1 là tên chính thức của con đường này, theo Quyết định số 1454/QĐ-TTg ngày 1 tháng 9 năm 2021 của Thủ tướng Chính phủ Việt Nam. Đề nghị không sửa tên thành \"Quốc lộ 1A\".","oneway":"yes","ref":"CT.37;CT.01;QL.1","source":"GPS;Mapbox","surface":"asphalt","wikidata":"Q125019737","wikipedia":"vi:Đường cao tốc Hà Nội – Bắc Giang"},"geometry":{"type":"LineString","coordinates":[[105.9419508,21.0451315],[105.9456522,21.0501809],[105.9495956,21.0555602],[105.9498601,21.0559209],[105.9502641,21.0564666]]}},{"type":"Feature","properties":{"osm_id":12176577,"osm_type":"way","highway":"secondary","lanes":"2","name":"Đường Lĩnh Nam","name:en":"Linh Nam Road","surface":"asphalt"},"geometry":{"type":"LineString","coordinates":[[105.8884139,20.9797234],[105.8880137,20.9797851],[105.8875618,20.9798481],[105.8870838,20.9799273],[105.8864549,20.9800194],[105.8860915,20.9800689],[105.8856882,20.9801224],[105.8853042,20.9801786],[105.8849072,20.9802279],[105.8844395,20.9802744],[105.8838929,20.9803464],[105.8835228,20.9803965],[105.8830603,20.9805747],[105.8824874,20.9808203],[105.8820924,20.9810006],[105.8815989,20.9812203],[105.8810625,20.9814502],[105.8806394,20.9816379],[105.8798458,20.9819518],[105.8795196,20.9820795],[105.8788009,20.9823385],[105.8783085,20.9825216],[105.8777105,20.9827443],[105.8771721,20.9829397],[105.8767442,20.9830994],[105.8763871,20.9832443],[105.8758517,20.9834531],[105.8750847,20.9837479]]}},{"type":"Feature","properties":{"osm_id":685162779,"osm_type":"way","highway":"secondary","lanes":"4","name":"Phố Thành Trung","name:en":"Thanh Trung Street","sidewalk":"both","surface":"asphalt"},"geometry":{"type":"LineString","coordinates":[[105.935344,21.0112836],[105.9357621,21.011123],[105.9361627,21.0109691],[105.936528,21.010835],[105.9369241,21.0107],[105.9374215,21.010548],[105.9380547,21.0103848],[105.938433,21.0102872],[105.9390737,21.0101221],[105.9394282,21.0100308],[105.9399804,21.0098885],[105.9403462,21.0097942],[105.9407058,21.0097015],[105.941004,21.0095116],[105.9418112,21.0089112],[105.9421683,21.0086456],[105.9428465,21.0081412],[105.943181,21.0078924],[105.9436447,21.0075475],[105.9439578,21.0073146],[105.9444099,21.0069784],[105.9449152,21.0066025],[105.9456049,21.0060896],[105.9461768,21.0056642],[105.946541,21.0053934],[105.9468773,21.0051432],[105.9472761,21.0048554]]}},{"type":"Feature","properties":{"osm_id":577345856,"osm_type":"way","highway":"tertiary","name":"Đường Lý Anh Tông","name:en":"Ly Anh Tong Road","sur":"unpaved","surface":"asphalt"},"geometry":{"type":"LineString","coordinates":[[105.9519398,21.095901],[105.9519539,21.0950596],[105.9519814,21.0935423],[105.9519817,21.0931574],[105.9518157,21.0928287],[105.9503595,21.0912843],[105.9498859,21.0907671],[105.9496299,21.0904876],[105.949351,21.0902073],[105.9473818,21.0893313],[105.947039,21.0891879],[105.9466032,21.0890056],[105.9459169,21.0887185],[105.9452632,21.0884458],[105.9447617,21.0882366],[105.9439674,21.0879276],[105.943472,21.0877613],[105.9428152,21.0877181]]}},{"type":"Feature","properties":{"osm_id":211942409,"osm_type":"way","highway":"trunk","int_ref":"AH14","lanes":"3","lit":"yes","name":"Đường Nguyễn Văn Linh","name:en":"Nguyen Van Linh Road","oneway":"yes","ref":"QL.5","source":"Yahoo","surface":"asphalt","turn:lanes":"through|through|through|through|through"},"geometry":{"type":"LineString","coordinates":[[105.8999247,21.0369312],[105.899625,21.0371276],[105.8991171,21.0376066],[105.8988797,21.037885],[105.8986161,21.0383483],[105.8984231,21.0387522],[105.8982038,21.0393458],[105.8979698,21.0399787],[105.8978352,21.0403345],[105.8977062,21.0406753],[105.8973678,21.0415695],[105.8972012,21.0419257],[105.8969203,21.0424472],[105.8965136,21.0431266],[105.8961006,21.0437666],[105.8958517,21.0441504],[105.8956495,21.0444621],[105.8951291,21.0452643],[105.8944583,21.0462985],[105.8941859,21.0467184],[105.8936198,21.0475647],[105.8933239,21.0482096],[105.8930452,21.0486722]]}},{"type":"Feature","properties":{"osm_id":704031413,"osm_type":"way","access":"yes","bicycle":"no","bridge":"viaduct","destination":"Cẩu Thanh Trỉ","foot":"no","highway":"motorway","horse":"no","lanes":"2","layer":"2","lit":"yes","maxspeed":"80","moped":"no","motorcar":"yes","motorcycle":"no","name":"Đường cao tốc Vành đai 3 TP. Hà Nội","name:en":"Ring Road 3 Expressway (Hanoi)","oneway":"yes","ref":"CT.37","surface":"asphalt"},"geometry":{"type":"LineString","coordinates":[[105.7881375,21.010177],[105.7886156,21.0095809],[105.7897784,21.0081659],[105.7943262,21.0025471],[105.7958312,21.0006842],[105.796228,21.0002062],[105.7967348,20.9995613]]}},{"type":"Feature","properties":{"osm_id":36727417,"osm_type":"way","highway":"tertiary","name":"Đường Đông Hội","source":"AsiaGPS"},"geometry":{"type":"LineString","coordinates":[[105.8712632,21.0860734],[105.871504,21.0858109],[105.8718961,21.0852834],[105.8720954,21.0849833],[105.8722907,21.0846753],[105.8725306,21.0841917],[105.8727142,21.0836039],[105.8725983,21.0831454],[105.8726466,21.0827023],[105.8731379,21.0816259],[105.8733046,21.0812433],[105.8739182,21.0797241],[105.8741224,21.0792294],[105.8743969,21.0785642],[105.8746094,21.0780269],[105.8750005,21.0770243],[105.8751787,21.0765925],[105.8757253,21.0754019],[105.8759336,21.0748297],[105.8761557,21.0743578],[105.8765516,21.0742947],[105.8768888,21.074354]]}},{"type":"Feature","properties":{"osm_id":336485920,"osm_type":"way","highway":"motorway","int_ref":"AH1","lanes":"3","lit":"yes","maxspeed":"90","maxspeed:lanes":"90|70|50","motorcycle":"yes","name":"Đường cao tốc Hà Nội - Bắc Giang","name:en":"Hanoi - Bac Giang Expressway","name:ko":"하노이 - 박장 고속도로","note:vi":"Quốc lộ 1 là tên chính thức của con đường này, theo Quyết định số 1454/QĐ-TTg ngày 1 tháng 9 năm 2021 của Thủ tướng Chính phủ Việt Nam. Đề nghị không sửa tên thành \"Quốc lộ 1A\".","oneway":"yes","ref":"CT.37;CT.01;QL.1","source":"GPS;Mapbox","surface":"asphalt","wikidata":"Q125019737","wikipedia":"vi:Đường cao tốc Hà Nội – Bắc Giang"},"geometry":{"type":"LineString","coordinates":[[105.9496453,21.0560556],[105.9493696,21.0556813],[105.9417127,21.0452887]]}},{"type":"Feature","properties":{"osm_id":703491088,"osm_type":"way","highway":"secondary","lanes":"2","lit":"yes","maxspeed:type":"VN:urban","name":"Phố Đào Đình Luyện","name:en":"Dao Dinh Luyen Street","oneway":"yes","sidewalk":"right","sidewalk:right:surface":"paving_stones","smoothness":"excellent","surface":"asphalt"},"geometry":{"type":"LineString","coordinates":[[105.8951988,21.0460571],[105.8957782,21.0463901],[105.8970311,21.0471102],[105.8975286,21.0473961],[105.8979534,21.0476403],[105.8987351,21.0480895],[105.899122,21.0483119],[105.899522,21.048537],[105.9006569,21.0491758],[105.9010114,21.04936],[105.9032728,21.0504999],[105.9066271,21.0521847],[105.9069741,21.052359]]}},{"type":"Feature","properties":{"osm_id":693979023,"osm_type":"way","access":"yes","bicycle":"no","bridge":"viaduct","foot":"no","highway":"motorway","lanes":"2","layer":"2","lit":"yes","maxspeed":"80","motorcar":"yes","motorcycle":"no","name":"Đường cao tốc Vành đai 3 TP. Hà Nội","name:en":"Ring Road 3 Expressway (Hanoi)","oneway":"yes","ref":"CT.37","surface":"asphalt"},"geometry":{"type":"LineString","coordinates":[[105.8456872,20.9658185],[105.8429212,20.9658306],[105.8419551,20.9658224],[105.8408406,20.965855],[105.8398406,20.9659087],[105.8380053,20.9660522],[105.8361239,20.966237],[105.8351761,20.9663552],[105.8345503,20.9664705],[105.8339089,20.9666416],[105.8331196,20.9669104],[105.8325097,20.967177]]}},{"type":"Feature","properties":{"osm_id":37531978,"osm_type":"way","alt_name":"Đường tỉnh 295B","alt_name:en":"Provincial Road 295B","highway":"primary","lanes":"2","lit":"yes","loc_name":"Quốc lộ 1A cũ","name":"Đường Hà Huy Tập","name:en":"Ha Huy Tap Road","ref":"ĐT.295B","surface":"asphalt"},"geometry":{"type":"LineString","coordinates":[[105.9120563,21.0801821],[105.9124516,21.0805622],[105.9131089,21.0811941],[105.9136142,21.0816885],[105.9141523,21.0822242],[105.9149722,21.0831308],[105.9154119,21.0835281],[105.9160271,21.0840771],[105.9164815,21.0845358],[105.9169695,21.0850303],[105.9174539,21.0855211],[105.9177131,21.0857837],[105.9183391,21.0864181],[105.9188171,21.0869001],[105.9192414,21.0873278],[105.9194949,21.0875834],[105.9198829,21.0879746],[105.920156,21.0882499],[105.9205779,21.0886752],[105.9211992,21.0892988],[105.921373,21.0894732]]}},{"type":"Feature","properties":{"osm_id":704031414,"osm_type":"way","access":"yes","bicycle":"no","bridge":"viaduct","foot":"no","highway":"motorway","horse":"no","lanes":"2","layer":"2","lit":"yes","maxspeed":"80","moped":"no","motorcar":"yes","motorcycle":"no","name":"Đường cao tốc Vành đai 3 TP. Hà Nội","name:en":"Ring Road 3 Expressway (Hanoi)","oneway":"yes","ref":"CT.37","surface":"asphalt"},"geometry":{"type":"LineString","coordinates":[[105.7963674,21.0003023],[105.7959701,21.000781],[105.7944604,21.0026493],[105.7899168,21.0082631],[105.7887536,21.0096786],[105.7881286,21.0104512]]}},{"type":"Feature","properties":{"osm_id":1041177008,"osm_type":"way","highway":"motorway_link","lanes":"2","lit":"no","maxspeed":"60","name":"Đi Hải Phòng","oneway":"yes"},"geometry":{"type":"LineString","coordinates":[[105.9419968,20.985222],[105.9426129,20.9844662],[105.943566,20.9834426],[105.9439911,20.9829391],[105.9443559,20.9824083],[105.9450288,20.9814244],[105.9454822,20.9807546],[105.9467047,20.9787589],[105.9472788,20.9778718],[105.9492528,20.9743986]]}},{"type":"Feature","properties":{"osm_id":410581782,"osm_type":"way","highway":"tertiary","name":"Đường Đông Hội","source":"AsiaGPS"},"geometry":{"type":"LineString","coordinates":[[105.8691652,21.1027568],[105.8689816,21.1022892],[105.8686571,21.1013029],[105.8680009,21.0995022],[105.8678122,21.0989787],[105.8672573,21.0969637],[105.8671403,21.0965324],[105.8670091,21.0960525],[105.8667639,21.0953089],[105.8666231,21.0944781],[105.8666719,21.093819],[105.8667555,21.0933995],[105.8670004,21.0927933],[105.8672482,21.0923772],[105.8677968,21.091456],[105.8683025,21.0905357]]}},{"type":"Feature","properties":{"osm_id":317219071,"osm_type":"way","highway":"secondary","lanes":"2","name":"Phố Trịnh Đình Cửu","name:en":"Trinh Dinh Cuu Street","surface":"asphalt"},"geometry":{"type":"LineString","coordinates":[[105.8348012,20.982043],[105.8349188,20.9814576],[105.8350394,20.9808879],[105.835115,20.9805162],[105.8352114,20.9799967],[105.8352838,20.9796373],[105.8354067,20.9790582],[105.8354774,20.9787124],[105.8354953,20.9782856],[105.8350751,20.9779428],[105.8347297,20.9777353],[105.8339601,20.9772667],[105.8328779,20.9766078],[105.8324639,20.9763619],[105.8321465,20.9761421],[105.8319543,20.9758034],[105.8316973,20.9751581],[105.8314205,20.974749],[105.8308896,20.9742279],[105.8305381,20.9739017],[105.830077,20.9736722],[105.8295683,20.9736104],[105.8291802,20.9736636],[105.8286997,20.9737472],[105.8282615,20.9736249]]}},{"type":"Feature","properties":{"osm_id":244289495,"osm_type":"way","fixme":"Đoạn đường không có mốc ĐT.379, ĐT.379 là số hiệu bên Hưng Yên, chỉ bắt đầu khi đoạn đại lộ rời khỏi địa phận Hà Nội","highway":"trunk","lanes":"2","lit":"yes","name":"Đường Giáp Hải","name:en":"Giap Hai Road","official_name":"Đường liên tỉnh Hà Nội - Hưng Yên","oneway":"yes","sidewalk":"right","source":"grab_hanoi_2018_t5","surface":"asphalt"},"geometry":{"type":"LineString","coordinates":[[105.9301772,20.9724628],[105.9299382,20.9729314],[105.9282929,20.9750682],[105.9280876,20.9753763],[105.9277591,20.975973],[105.9275794,20.976397],[105.9274748,20.9767601],[105.9273536,20.977198],[105.9273127,20.9775622],[105.9272667,20.9779871],[105.9272443,20.9783454],[105.9272119,20.9789576],[105.9271658,20.979447],[105.9270458,20.9801084],[105.9269163,20.9806704],[105.9266153,20.9814077],[105.9263304,20.9820395],[105.9260864,20.9824289],[105.925405,20.9835168],[105.9251525,20.9839309],[105.9251053,20.9840083]]}},{"type":"Feature","properties":{"osm_id":163923902,"osm_type":"way","embankment":"yes","highway":"primary","lanes":"2","lit":"yes","name":"Đường An Dương Vương","name:en":"An Duong Vuong Road","oneway":"yes","sidewalk":"right","surface":"asphalt"},"geometry":{"type":"LineString","coordinates":[[105.8161364,21.0863269],[105.81598,21.0867215],[105.815652,21.0870301],[105.8153215,21.0872686],[105.8148781,21.0879273],[105.814619,21.0883248],[105.8142229,21.0885754],[105.813759,21.0887663],[105.8134723,21.0889722],[105.8130753,21.0894627],[105.8127407,21.0897438],[105.8117444,21.0899719],[105.8111295,21.0901024],[105.8106914,21.0901449],[105.8100855,21.0900684],[105.8094065,21.0900001],[105.8090506,21.089972],[105.8084679,21.0898706],[105.8080071,21.0898367],[105.8075804,21.0898384],[105.8062071,21.0898452],[105.8048851,21.0898737]]}},{"type":"Feature","properties":{"osm_id":116786031,"osm_type":"way","highway":"secondary","lanes":"2","lit":"yes","name":"Đường Nguyễn Hoàng Tôn","name:en":"Nguyen Hoang Ton Road","surface":"asphalt"},"geometry":{"type":"LineString","coordinates":[[105.7881855,21.0788672],[105.7884295,21.0784555],[105.7893813,21.0779809],[105.7900699,21.0776874],[105.7904153,21.0775412],[105.7910138,21.077297],[105.7915485,21.0770926],[105.7919757,21.0769219],[105.7926096,21.0766833],[105.7930516,21.0765153],[105.7934524,21.0763619],[105.7938133,21.0762182],[105.7942002,21.0760603],[105.7945494,21.07593],[105.795225,21.0756801],[105.7955717,21.0755534],[105.7982213,21.0745221],[105.7989157,21.0742492],[105.7994834,21.0740413],[105.7998608,21.0738971]]}},{"type":"Feature","properties":{"osm_id":497402292,"osm_type":"way","highway":"trunk","int_ref":"AH14","lanes":"3","lit":"yes","name":"Đường Nguyễn Văn Linh","name:en":"Nguyen Van Linh Road","oneway":"yes","ref":"QL.5","source":"Yahoo","surface":"asphalt"},"geometry":{"type":"LineString","coordinates":[[105.8933262,21.0475664],[105.8935314,21.0472156],[105.8954068,21.0443244],[105.8961274,21.0432132],[105.8966751,21.0423134],[105.8969069,21.0419125],[105.8970989,21.0414843],[105.8977056,21.0398811],[105.8978931,21.0393738],[105.898158,21.0386569],[105.8983632,21.0382276],[105.8986291,21.0377602],[105.8988957,21.0374405],[105.899169,21.0371524],[105.8994464,21.0369214],[105.8997698,21.036709]]}},{"type":"Feature","properties":{"osm_id":600546520,"osm_type":"way","fixme":"Đoạn đường không có mốc ĐT.379, ĐT.379 là số hiệu bên Hưng Yên, chỉ bắt đầu khi đoạn đại lộ rời khỏi địa phận Hà Nội","highway":"trunk","lanes":"2","lit":"yes","name":"Đường Giáp Hải","name:en":"Giap Hai Road","official_name":"Đường liên tỉnh Hà Nội - Hưng Yên","oneway":"yes","sidewalk":"right","surface":"asphalt"},"geometry":{"type":"LineString","coordinates":[[105.9249618,20.9839535],[105.92554,20.9830359],[105.9259519,20.9823602],[105.9261474,20.98199],[105.9263563,20.9815811],[105.926587,20.9810577],[105.9267694,20.9805217],[105.9268872,20.9800752],[105.9269625,20.9795926],[105.927043,20.9790116],[105.9270772,20.978332],[105.9271234,20.9777769],[105.9271663,20.9774088],[105.9273648,20.9764946],[105.9275495,20.9760617],[105.927853,20.9754277],[105.9281554,20.9749793],[105.9297597,20.9728933],[105.9299216,20.9725551],[105.9299341,20.9725208]]}},{"type":"Feature","properties":{"osm_id":914099368,"osm_type":"way","access":"yes","bicycle":"no","bridge":"viaduct","foot":"no","highway":"motorway","horse":"no","lanes":"2","layer":"2","lit":"yes","maxspeed":"80","moped":"no","motor_vehicle":"yes","motorcar":"yes","motorcycle":"no","name":"Đường cao tốc Vành đai 3 TP. Hà Nội","name:en":"Ring Road 3 Expressway (Hanoi)","oneway":"yes","ref":"CT.37","surface":"asphalt"},"geometry":{"type":"LineString","coordinates":[[105.8071705,20.9863334],[105.8062345,20.9876001],[105.8047249,20.9896351],[105.8033027,20.9915192],[105.8015653,20.9937482],[105.8001205,20.9955587],[105.7994564,20.9964063]]}},{"type":"Feature","properties":{"osm_id":914099371,"osm_type":"way","access":"yes","bicycle":"no","bridge":"viaduct","foot":"no","highway":"motorway","horse":"no","lanes":"2","layer":"2","lit":"yes","maxspeed":"80","moped":"no","motorcar":"yes","motorcycle":"no","name":"Đường cao tốc Vành đai 3 TP. Hà Nội","name:en":"Ring Road 3 Expressway (Hanoi)","oneway":"yes","ref":"CT.37","surface":"asphalt"},"geometry":{"type":"LineString","coordinates":[[105.7993171,20.9963102],[105.7999811,20.9954626],[105.801426,20.9936521],[105.8031633,20.9914231],[105.8045856,20.9895389],[105.8060925,20.9875073],[105.8070281,20.9862412]]}},{"type":"Feature","properties":{"osm_id":160566838,"osm_type":"way","highway":"secondary","lanes":"2","lit":"yes","maxweight":"10","name":"Đường Hữu Hưng","old_name":"Vạn Phúc","ref":"ĐT.72","surface":"asphalt"},"geometry":{"type":"LineString","coordinates":[[105.7404,20.9945521],[105.7421211,20.9949994],[105.742634,20.995112],[105.7434035,20.9953241],[105.7438753,20.9954541],[105.7442444,20.9955558],[105.7450246,20.9957436],[105.745691,20.9957844],[105.7461275,20.9957933],[105.7467399,20.9957713],[105.7471673,20.9957707],[105.7478798,20.9957665],[105.7483123,20.9957684],[105.7488503,20.995766],[105.7492513,20.9957601],[105.7496898,20.9957623],[105.750176,20.9957601],[105.7510116,20.9957468],[105.7526864,20.9956539],[105.7528119,20.9956532]]}},{"type":"Feature","properties":{"osm_id":415679575,"osm_type":"way","highway":"tertiary","lanes":"3","lit":"yes","name":"Đường 40M Nam Thăng Long","oneway":"yes","surface":"asphalt"},"geometry":{"type":"LineString","coordinates":[[105.8133669,21.084318],[105.8128189,21.084339],[105.8118756,21.0844239],[105.8114884,21.0844589],[105.8109979,21.0845032],[105.8104853,21.0845496],[105.8100179,21.0846044],[105.8079746,21.0847765],[105.8073507,21.0848329],[105.8064618,21.0849133],[105.806078,21.084948],[105.8041044,21.0851264],[105.8019555,21.0853207],[105.801066,21.0854011],[105.8008984,21.0854162]]}},{"type":"Feature","properties":{"osm_id":1447638570,"osm_type":"way","bus":"no","coach":"no","highway":"primary","lanes":"1","maxheight":"2.5","maxspeed":"50","motor_vehicle":"no","name":"Đường Nguyễn Xiển","name:en":"Nguyen Xien Road","oneway":"yes","surface":"asphalt","truck":"no"},"geometry":{"type":"LineString","coordinates":[[105.803814,20.9904216],[105.8050939,20.9888164],[105.8058348,20.9877979],[105.8063267,20.9871495],[105.8069296,20.9863227],[105.8082378,20.9845674],[105.8087681,20.9838423],[105.8093021,20.9831183],[105.8097325,20.98254],[105.8106197,20.9813474],[105.8112156,20.9805135],[105.8112154,20.9803737]]}},{"type":"Feature","properties":{"osm_id":148202867,"osm_type":"way","highway":"tertiary","name":"Phố Đức Giang","name:en":"Duc Giang Street","source":"AsiaGPS","surface":"asphalt"},"geometry":{"type":"LineString","coordinates":[[105.8849806,21.0672826],[105.885347,21.0675668],[105.8857085,21.0678519],[105.886018,21.0680956],[105.8869493,21.0688288],[105.8873022,21.0691067],[105.8879331,21.0696034],[105.8886117,21.0690882],[105.8891131,21.0687111],[105.8895487,21.0683667],[105.8898331,21.0681386],[105.8902524,21.0678149],[105.8906115,21.0675272],[105.8909497,21.0672618],[105.8917222,21.0666672],[105.892517,21.065985],[105.8928356,21.0657294],[105.893139,21.065482],[105.8935548,21.0651464],[105.8940038,21.064766],[105.8943931,21.0644487],[105.8947391,21.0641704]]}},{"type":"Feature","properties":{"osm_id":50535542,"osm_type":"way","highway":"tertiary","name":"Đường Trâu Quỳ","name:en":"Trau Quy Road","name:vi":"Đường Trâu Quỳ","oneway":"no","sidewalk":"both","source":"survey","surface":"asphalt"},"geometry":{"type":"LineString","coordinates":[[105.9347303,21.0103876],[105.934519,21.0096955],[105.9348739,21.0093452],[105.9354296,21.0090966],[105.9357674,21.0088905],[105.9360527,21.0086133],[105.936336,21.0083188],[105.9366002,21.0080183],[105.9368401,21.0077254],[105.9369159,21.0071998],[105.9369296,21.006822],[105.9370476,21.0063746],[105.9372561,21.0059563],[105.937491,21.0056605],[105.9377244,21.0053841],[105.9380101,21.0050456],[105.9380801,21.0046797],[105.9378897,21.0042931],[105.9376594,21.0039217],[105.9373996,21.0036403],[105.9371357,21.0033398],[105.9371315,21.0029456],[105.9378201,21.002521],[105.9383665,21.0021343],[105.9392758,21.0013335],[105.9395466,21.0010917],[105.9396472,21.0010015]]}},{"type":"Feature","properties":{"osm_id":415174944,"osm_type":"way","highway":"tertiary","lanes":"2","lit":"yes","name":"Đường 40M Nam Thăng Long","oneway":"yes","surface":"asphalt"},"geometry":{"type":"LineString","coordinates":[[105.8008819,21.0852529],[105.8018772,21.0851655],[105.8024157,21.0851121],[105.802947,21.0850754],[105.8037195,21.0850213],[105.8045329,21.0849413],[105.8051959,21.0848765],[105.8057998,21.0848167],[105.8064414,21.0847536],[105.807162,21.0846827],[105.808439,21.0845571],[105.8090029,21.0845016],[105.8096964,21.084446],[105.8103927,21.0843936],[105.8109406,21.084344],[105.8113965,21.0843029],[105.8125422,21.0841994],[105.812943,21.08413],[105.8132215,21.0839991]]}},{"type":"Feature","properties":{"osm_id":163216774,"osm_type":"way","highway":"secondary","lanes":"3","name":"Đường Văn Tiến Dũng","oneway":"yes","surface":"asphalt"},"geometry":{"type":"LineString","coordinates":[[105.7531658,21.0654146],[105.751783,21.06013],[105.7513454,21.0584725],[105.7510504,21.0573071],[105.7500707,21.0534106]]}},{"type":"Feature","properties":{"osm_id":1374459652,"osm_type":"way","bicycle":"no","bridge":"yes","foot":"no","highway":"trunk","horse":"no","lanes":"2","layer":"4","lit":"yes","maxspeed":"80","moped":"no","motor_vehicle":"yes","motorcar":"yes","motorcycle":"no","motorroad":"yes","name":"Đường Vành đai 2","name:en":"Ring Road 2","oneway":"yes","shoulder":"no","sidewalk":"no","surface":"asphalt"},"geometry":{"type":"LineString","coordinates":[[105.8472964,20.9963606],[105.8466589,20.9964731],[105.8460303,20.9966019],[105.8446444,20.9969578],[105.8441979,20.9970677],[105.8428126,20.9974133],[105.8419306,20.9976329],[105.8410023,20.9978617],[105.8401029,20.9980906],[105.8391701,20.9983368],[105.8385743,20.9984881],[105.8368716,20.998947],[105.8363519,20.9990524],[105.8352616,20.9992216]]}},{"type":"Feature","properties":{"osm_id":1374459653,"osm_type":"way","bicycle":"no","bridge":"yes","foot":"no","highway":"trunk","horse":"no","lanes":"2","layer":"4","lit":"yes","maxspeed":"80","moped":"no","motor_vehicle":"yes","motorcar":"yes","motorcycle":"no","motorroad":"yes","name":"Đường Vành đai 2","name:en":"Ring Road 2","oneway":"yes","shoulder":"no","sidewalk":"no","surface":"asphalt"},"geometry":{"type":"LineString","coordinates":[[105.8352502,20.9991144],[105.8358285,20.9990463],[105.8363252,20.9989728],[105.8368553,20.9988664],[105.8387743,20.9983466],[105.8396729,20.9981147],[105.8402556,20.9979647],[105.8411632,20.997734],[105.8417768,20.9975815],[105.8424828,20.9974102],[105.843596,20.997131],[105.8443577,20.9969407],[105.8455666,20.996633],[105.8460259,20.9965213],[105.846392,20.9964326],[105.8472758,20.9962538]]}},{"type":"Feature","properties":{"osm_id":964872507,"osm_type":"way","highway":"trunk","int_ref":"AH14","lanes":"3","lit":"yes","maxspeed:type":"VN:urban","name":"Đường Nguyễn Đức Thuận","name:en":"Nguyen Duc Thuan Road","oneway":"yes","ref":"QL.5","sidewalk":"right","sidewalk:right:surface":"paving_stones","source":"Yahoo","surface":"asphalt"},"geometry":{"type":"LineString","coordinates":[[105.9378475,21.0210507],[105.9381762,21.0208968],[105.9390109,21.0203985],[105.9420187,21.0184774],[105.948048,21.014095]]}},{"type":"Feature","properties":{"osm_id":331066107,"osm_type":"way","highway":"secondary","lanes":"3","name":"Đường Văn Tiến Dũng","oneway":"yes","surface":"asphalt"},"geometry":{"type":"LineString","coordinates":[[105.7502254,21.0534193],[105.7512159,21.0571913],[105.7515105,21.058313],[105.7519711,21.0600487],[105.7521726,21.0608384],[105.7532938,21.0651318],[105.7533535,21.0653562]]}},{"type":"Feature","properties":{"osm_id":1227968128,"osm_type":"way","bicycle":"no","foot":"no","highway":"secondary","horse":"no","lanes":"3","maxspeed":"60","moped":"no","motorcar":"designated","name":"Đường Tây Thăng Long","oneway":"yes"},"geometry":{"type":"LineString","coordinates":[[105.7422765,21.0721336],[105.7434206,21.0716429],[105.7445716,21.0712187],[105.7449254,21.0710816],[105.7486153,21.0696622],[105.7489803,21.0695155],[105.7513935,21.0685868],[105.7537699,21.0677561]]}},{"type":"Feature","properties":{"osm_id":374528000,"osm_type":"way","bus:conditional":"no @ (06:00-09:00; 16:30-19:30)","hgv:conditional":"no @ (06:00-09:00; 16:30-19:30)","highway":"secondary","lanes":"2","lit":"yes","name":"Phố Vĩnh Hưng","name:en":"Vinh Hung Street","surface":"asphalt"},"geometry":{"type":"LineString","coordinates":[[105.8773635,20.9881178],[105.8775783,20.9884773],[105.877828,20.9889134],[105.8782609,20.9896694],[105.8786478,20.9904344],[105.8789348,20.9910197],[105.8792239,20.9915786],[105.879391,20.9919237],[105.8795483,20.9922601],[105.8799015,20.9939746],[105.8799825,20.9943414],[105.8800104,20.9949643],[105.8800158,20.995539],[105.8799772,20.9960491],[105.8799297,20.9964365],[105.8798706,20.9971054],[105.8798087,20.9976216],[105.8797713,20.998019],[105.8797335,20.99842],[105.8798428,20.9989748],[105.8799859,20.9994235],[105.8800635,20.9997488]]}},{"type":"Feature","properties":{"osm_id":597659832,"osm_type":"way","highway":"tertiary","lanes":"2","name":"Đường Viên Chiếu","name:en":"Vien Chieu Street","surface":"asphalt"},"geometry":{"type":"LineString","coordinates":[[105.9135479,21.0752387],[105.9138398,21.0749787],[105.914409,21.074401],[105.9152185,21.0736606],[105.9154636,21.073206],[105.9160295,21.071745],[105.9168238,21.0696487],[105.916966,21.0692401],[105.9171075,21.0686174],[105.9172005,21.0682681],[105.917853,21.0665922],[105.9180496,21.0661464],[105.9183934,21.065423],[105.9185314,21.0650798],[105.9187889,21.0643999]]}},{"type":"Feature","properties":{"osm_id":1243387894,"osm_type":"way","alt_name":"Quốc lộ 5B","alt_name:en":"National Highway 5B","alt_ref":"QL.5B","embankment":"yes","highway":"motorway","lanes":"3","lit":"no","maxspeed":"120","motorcycle":"no","name":"Đường cao tốc Hà Nội – Hải Phòng","name:en":"Hanoi – Haiphong Expressway","oneway":"yes","ref":"CT.04","surface":"asphalt"},"geometry":{"type":"LineString","coordinates":[[105.9427635,20.984744],[105.9436152,20.9835924],[105.9446076,20.982159],[105.9455278,20.9807948],[105.9473077,20.977889],[105.9492528,20.9743986]]}},{"type":"Feature","properties":{"osm_id":208658050,"osm_type":"way","highway":"tertiary","lanes":"2","name":"Đường Thanh Bình","name:en":"Thanh Binh Road","surface":"asphalt"},"geometry":{"type":"LineString","coordinates":[[105.7796846,20.986202],[105.7793605,20.9858195],[105.7790576,20.9852499],[105.7789476,20.9849114],[105.7787767,20.9844488],[105.7786183,20.9840221],[105.7783793,20.9833644],[105.7780662,20.9824972],[105.7779916,20.982067],[105.778061,20.9815951],[105.7784469,20.9810798],[105.7790656,20.9805891],[105.779429,20.9802623],[105.7796936,20.9798623],[105.7799358,20.9795002],[105.7801439,20.9789415],[105.7801713,20.9785557],[105.7801968,20.9781973],[105.7801991,20.9775996],[105.7802269,20.9769655],[105.7804175,20.9761566],[105.7805164,20.9751959]]}},{"type":"Feature","properties":{"osm_id":912799434,"osm_type":"way","highway":"primary","lanes":"3","lit":"yes","name":"Phố Trần Danh Tuyên","name:en":"Tran Danh Tuyen Street","oneway":"yes","surface":"asphalt"},"geometry":{"type":"LineString","coordinates":[[105.9209715,21.0367295],[105.922155,21.0360463],[105.9226449,21.0357636],[105.9246171,21.0346254],[105.9250806,21.0343579],[105.9262062,21.0337082],[105.9267179,21.0334129],[105.928443,21.0324173],[105.928948,21.0321259],[105.9310899,21.0308897],[105.9313238,21.0304684]]}},{"type":"Feature","properties":{"osm_id":949433161,"osm_type":"way","highway":"trunk","int_ref":"AH14","lanes":"3","lit":"yes","maxspeed:type":"VN:urban","name":"Đường Nguyễn Đức Thuận","name:en":"Nguyen Duc Thuan Road","oneway":"yes","ref":"QL.5","sidewalk":"right","sidewalk:right:surface":"paving_stones","source":"Yahoo","surface":"asphalt"},"geometry":{"type":"LineString","coordinates":[[105.9481056,21.0141618],[105.9446589,21.0166481],[105.9436993,21.017365],[105.943141,21.0177709],[105.9421697,21.0184771],[105.9408777,21.0193817],[105.9401991,21.0198063],[105.9397463,21.020082],[105.9389676,21.020587],[105.9384754,21.0209062],[105.9381714,21.0210858]]}},{"type":"Feature","properties":{"osm_id":704093979,"osm_type":"way","foot":"yes","highway":"tertiary","lanes":"2","name":"Đường Phúc Lợi","name:en":"Phuc Loi Road","surface":"asphalt"},"geometry":{"type":"LineString","coordinates":[[105.9205414,21.0524832],[105.9211611,21.051392],[105.9213485,21.0510621],[105.9215283,21.0507507],[105.9218107,21.0502146],[105.9220301,21.0498161],[105.9223162,21.0492739],[105.9227105,21.0484965],[105.9232796,21.0473683],[105.9235097,21.0469194],[105.9238235,21.0463027],[105.9240843,21.0457901],[105.9242835,21.0453953],[105.9247108,21.0445273],[105.9249489,21.0440863],[105.9254001,21.0432579],[105.9256787,21.0427447],[105.9258903,21.0423566],[105.9260955,21.0419844],[105.9262051,21.0417856]]}},{"type":"Feature","properties":{"osm_id":1125535976,"osm_type":"way","highway":"primary","lanes":"3","lit":"yes","name":"Phố Trần Danh Tuyên","name:en":"Tran Danh Tuyen Street","oneway":"yes","surface":"asphalt"},"geometry":{"type":"LineString","coordinates":[[105.9315723,21.031018],[105.9311658,21.0310036],[105.9303749,21.0314623],[105.9290205,21.0322378],[105.9285139,21.0325292],[105.9281106,21.0327611],[105.9267872,21.0335224],[105.926477,21.0337008],[105.9251519,21.0344631],[105.9246832,21.0347326],[105.9227227,21.0358758],[105.9223733,21.0360796],[105.9213041,21.0366877],[105.9210565,21.0368282]]}},{"type":"Feature","properties":{"osm_id":630090824,"osm_type":"way","bicycle":"yes","foot":"yes","highway":"secondary","lanes":"2","maxspeed":"50","name":"Đường Kim Giang","name:en":"Kim Giang Road","source":"grab_hanoi_2018_t5","surface":"asphalt"},"geometry":{"type":"LineString","coordinates":[[105.8244543,20.9713043],[105.8245403,20.971711],[105.824614,20.9721427],[105.8247453,20.9729374],[105.8248067,20.9732885],[105.8248218,20.973683],[105.8248153,20.9742509],[105.8248106,20.9746031],[105.824818,20.9751376],[105.8247737,20.9756302],[105.8246991,20.9760205],[105.8245109,20.9765772],[105.8243018,20.9771458],[105.8239374,20.9775517],[105.8235567,20.9778292],[105.8227453,20.9783508],[105.8220037,20.9787488],[105.8216816,20.9788909],[105.8211112,20.9791008],[105.8207069,20.9792525],[105.8200198,20.9795509],[105.8190915,20.9799624],[105.8190109,20.9800001]]}},{"type":"Feature","properties":{"osm_id":146726725,"osm_type":"way","highway":"tertiary","name":"Đường Bờ tây sông Nhuệ"},"geometry":{"type":"LineString","coordinates":[[105.7703935,21.0833229],[105.7706747,21.0831128],[105.7707284,21.0823544],[105.7707668,21.0814518],[105.7707883,21.0810914],[105.7708116,21.0802824],[105.770886,21.0798514],[105.7709949,21.0792974],[105.7709573,21.0775271],[105.7709875,21.0771703],[105.771055,21.0768234],[105.7711451,21.0755879],[105.7712115,21.0744052],[105.7712631,21.0738362],[105.7713195,21.0727183],[105.7713889,21.0718092],[105.7714031,21.0715253]]}},{"type":"Feature","properties":{"osm_id":572354323,"osm_type":"way","contributor":"GIS_OTS","hgv":"yes","highway":"secondary","lanes":"2","name":"Đường Đức Thắng","name:en":"Duc Thang Street","name:zh":"德胜街","oneway":"no","surface":"asphalt","uuid":"ffa74449-9e2d-48dc-9723-74001f89f8b5"},"geometry":{"type":"LineString","coordinates":[[105.7771401,21.0718859],[105.7772007,21.0730263],[105.7772208,21.07353],[105.7772867,21.0742853],[105.7773348,21.0748857],[105.7773925,21.0758505],[105.7775006,21.0767735],[105.7776532,21.0774814],[105.7777018,21.0783566],[105.7777445,21.0789631],[105.7779137,21.0802714],[105.7780179,21.081092],[105.7781445,21.0818333],[105.7782865,21.0830262],[105.7780302,21.083733]]}},{"type":"Feature","properties":{"osm_id":251784280,"osm_type":"way","highway":"secondary","lanes":"2","name":"Phố Trần Hòa","name:en":"Tran Hoa Street","surface":"asphalt"},"geometry":{"type":"LineString","coordinates":[[105.8193189,20.9804351],[105.8202174,20.9800314],[105.8205525,20.979881],[105.8209843,20.9796956],[105.8217004,20.9794491],[105.8222634,20.9792601],[105.8227522,20.9790581],[105.8230878,20.9788824],[105.8235814,20.9786172],[105.8240387,20.9783527],[105.8245826,20.9779998],[105.8248601,20.9777695],[105.8251299,20.9774515],[105.8253183,20.9770823],[105.8254303,20.9766956],[105.8254545,20.9761357],[105.8254417,20.9757846],[105.8254172,20.9751324],[105.8253933,20.9744239],[105.8253682,20.9735416],[105.8253483,20.9730538],[105.8253276,20.9723413],[105.8254845,20.9722312]]}},{"type":"Feature","properties":{"osm_id":184919501,"osm_type":"way","access":"yes","bicycle":"no","foot":"no","highway":"motorway","horse":"no","lanes":"3","lit":"yes","maxspeed":"100","motorcar":"yes","motorcycle":"no","name":"Đại lộ Thăng Long (Láng - Hoà Lạc)","name:en":"Thang Long Avenue (Lang - Hoa Lac Expressway)","oneway":"yes","overtaking":"yes","ref":"CT.03","surface":"asphalt","wikidata":"Q10841248","wikipedia":"vi:Đại lộ Thăng Long"},"geometry":{"type":"LineString","coordinates":[[105.7446528,21.0094632],[105.746613,21.0093252],[105.7484923,21.0091033],[105.7500898,21.0088381],[105.7529328,21.0082752],[105.7537785,21.0081078],[105.7546102,21.0079259],[105.7562308,21.0075792]]}},{"type":"Feature","properties":{"osm_id":688080592,"osm_type":"way","highway":"tertiary","lanes":"2","name":"Đường Trung Văn","surface":"asphalt"},"geometry":{"type":"LineString","coordinates":[[105.7837253,20.9901756],[105.7849043,20.9896581],[105.7853683,20.9894318],[105.785873,20.9893094],[105.7864369,20.9892465],[105.7868665,20.9892547],[105.7872779,20.9892683],[105.7877335,20.9893109],[105.7883239,20.9893829],[105.788956,20.9894205],[105.7896255,20.9896041],[105.790499,20.9901227],[105.7910963,20.9904794],[105.7917594,20.9908773],[105.7925865,20.9913391],[105.7929677,20.991555],[105.7938193,20.9920453],[105.7941782,20.9922418],[105.7943971,20.9923757]]}},{"type":"Feature","properties":{"osm_id":761990825,"osm_type":"way","highway":"tertiary","lanes":"4","lit":"yes","name":"Đường Cự Khối","name:en":"Cu Khoi Road","name:vi":"Đường Cự Khối","surface":"asphalt"},"geometry":{"type":"LineString","coordinates":[[105.9050766,21.01313],[105.9056313,21.0131313],[105.9061981,21.0131294],[105.9078029,21.0131208],[105.9088056,21.0131155],[105.9096578,21.013111],[105.9101111,21.0131075],[105.9105658,21.0130746],[105.9110532,21.0129651],[105.911505,21.0128041],[105.9123969,21.0122985],[105.9140227,21.0112035],[105.9145765,21.0108368],[105.9156822,21.0101241],[105.9157967,21.0100558]]}},{"type":"Feature","properties":{"osm_id":492384575,"osm_type":"way","highway":"tertiary","lanes":"2","name":"Phố Thúy Lĩnh","name:en":"Thuy Linh Street","oneway":"no","surface":"asphalt"},"geometry":{"type":"LineString","coordinates":[[105.8921895,20.968684],[105.8927669,20.9690839],[105.8930862,20.9693355],[105.8933997,20.9698375],[105.8936748,20.9702818],[105.8940169,20.9715004],[105.8941784,20.9724707],[105.8943089,20.9730589],[105.8943331,20.973509],[105.8939915,20.9742394],[105.8937406,20.9747234],[105.8935556,20.975106],[105.8933331,20.9756301],[105.893128,20.9761458],[105.8929222,20.9765776],[105.8924733,20.977195],[105.8921874,20.9775235],[105.8914224,20.9783872],[105.8911998,20.9785348]]}},{"type":"Feature","properties":{"osm_id":704031409,"osm_type":"way","access":"yes","bicycle":"no","bridge":"viaduct","highway":"motorway","lanes":"2","layer":"2","lit":"yes","maxspeed":"80","motorcar":"yes","motorcycle":"no","name":"Đường cao tốc Vành đai 3 TP. Hà Nội","name:en":"Ring Road 3 Expressway (Hanoi)","oneway":"yes","ref":"CT.37","surface":"asphalt"},"geometry":{"type":"LineString","coordinates":[[105.8324298,20.9670334],[105.8330491,20.9667626],[105.833851,20.9664892],[105.8345048,20.9663144],[105.8351503,20.9661952],[105.83611,20.9660758],[105.8379884,20.9658912],[105.8398251,20.9657476],[105.8408373,20.9656932],[105.8419522,20.9656607],[105.8429259,20.9656689],[105.8432922,20.9656716],[105.8437919,20.9656642]]}},{"type":"Feature","properties":{"osm_id":1411141086,"osm_type":"way","bicycle":"no","foot":"no","highway":"trunk","horse":"no","lanes":"3","mofa":"no","moped":"no","motorcycle":"no","name":"Đường Võ Chí Công","name:en":"Vo Chi Cong Road","oneway":"yes","surface":"asphalt"},"geometry":{"type":"LineString","coordinates":[[105.8044106,21.0619188],[105.8043841,21.0614817],[105.804359,21.0606877],[105.8043576,21.0598822],[105.8043492,21.0590494],[105.8043445,21.0586893],[105.8043422,21.0583295],[105.8043397,21.0578666],[105.8043417,21.0575137],[105.8043434,21.0571482],[105.8043423,21.0567917],[105.804346,21.0562127],[105.804346,21.0556456],[105.8043512,21.0551585],[105.8043538,21.0545623],[105.8043382,21.0536607],[105.8043304,21.053159],[105.8043278,21.0525871],[105.804333,21.0520199],[105.8043589,21.0515885],[105.8043901,21.0512153],[105.8044706,21.0506166],[105.8044637,21.0504696]]}},{"type":"Feature","properties":{"osm_id":11836293,"osm_type":"way","access":"yes","bicycle":"no","foot":"no","highway":"motorway","horse":"no","lanes":"3","lit":"yes","maxspeed":"100","motorcar":"yes","motorcycle":"no","name":"Đại lộ Thăng Long (Láng - Hoà Lạc)","name:en":"Thang Long Avenue (Lang - Hoa Lac Expressway)","oneway":"yes","overtaking":"yes","ref":"CT.03","surface":"asphalt","wikidata":"Q10841248","wikipedia":"vi:Đại lộ Thăng Long"},"geometry":{"type":"LineString","coordinates":[[105.7558906,21.0080486],[105.7530438,21.0086373],[105.7501552,21.0092347],[105.7485229,21.0094992],[105.7466578,21.0097155],[105.7446627,21.0098678]]}},{"type":"Feature","properties":{"osm_id":384534362,"osm_type":"way","alt_name":"Quốc lộ 5B","alt_name:en":"National Highway 5B","alt_ref":"QL.5B","embankment":"yes","highway":"motorway","lanes":"3","lit":"no","maxspeed":"120","name":"Đường cao tốc Hà Nội – Hải Phòng","name:en":"Hanoi – Haiphong Expressway","oneway":"yes","ref":"CT.04","surface":"asphalt"},"geometry":{"type":"LineString","coordinates":[[105.951357,20.9710212],[105.9494828,20.974507],[105.9475333,20.9780053],[105.9470551,20.9787894],[105.9457475,20.9809205]]}},{"type":"Feature","properties":{"osm_id":9656730,"osm_type":"way","bicycle":"no","bridge":"yes","bus:conditional":"no @ (seatings>=9)","construction_date":"1983-10","foot":"no","highway":"primary","lanes":"1","layer":"2","lit":"yes","loc_name":"Quốc lộ 1A cũ","maxspeed":"50","maxweightrating:hgv":"0.5","motorcycle":"yes","name":"Cầu Chương Dương","name:en":"Chuong Duong Bridge","name:ko":"쯔엉즈엉교","name:vi":"Cầu Chương Dương","name:zh":"章阳桥","oneway":"yes","smoothness":"excellent","start_date":"1985-06","surface":"asphalt"},"geometry":{"type":"LineString","coordinates":[[105.8656403,21.0397556],[105.8566741,21.0361941],[105.8552806,21.0356406],[105.855188,21.0355451]]}},{"type":"Feature","properties":{"osm_id":335032519,"osm_type":"way","flood_prone":"yes","highway":"tertiary","name":"Phố Nguyễn Đình Tứ","name:en":"Nguyen Dinh Tu Street","name:zh":"阮庭思街","surface":"asphalt"},"geometry":{"type":"LineString","coordinates":[[105.7771155,21.0715521],[105.7776553,21.0715493],[105.7784418,21.0715451],[105.7805233,21.071534],[105.7811149,21.0715309],[105.7823636,21.0715312],[105.7839026,21.0715316],[105.7841715,21.0726664],[105.7843771,21.0754099],[105.7844221,21.0759784]]}},{"type":"Feature","properties":{"osm_id":37450029,"osm_type":"way","bicycle":"no","bridge":"yes","bus:conditional":"no @ (seatings>=9)","construction_date":"1983-10","foot":"no","highway":"primary","lanes":"1","layer":"2","lit":"yes","loc_name":"Quốc lộ 1A cũ","maxweightrating:hgv":"0.5","motorcycle":"yes","name":"Cầu Chương Dương","name:en":"Chuong Duong Bridge","name:vi":"Cầu Chương Dương","name:zh":"章阳桥","oneway":"yes","smoothness":"excellent","start_date":"1985-06","surface":"asphalt"},"geometry":{"type":"LineString","coordinates":[[105.855188,21.0355451],[105.8558127,21.035729],[105.8561969,21.0358811],[105.8567223,21.0360891],[105.8656896,21.0396393]]}},{"type":"Feature","properties":{"osm_id":221152166,"osm_type":"way","bicycle":"no","bridge":"yes","bus:conditional":"no @ (seatings>=9)","construction_date":"1983-10","foot":"no","highway":"primary","lanes":"2","layer":"2","lit":"yes","loc_name":"Quốc lộ 1A cũ","maxweightrating:hgv":"0.5","motorcar":"yes","motorcycle":"no","name":"Cầu Chương Dương","name:en":"Chuong Duong Bridge","name:zh":"章阳桥","overtaking":"no","smoothness":"excellent","start_date":"1985-06","surface":"asphalt","wikipedia":"vi:Cầu Chương Dương"},"geometry":{"type":"LineString","coordinates":[[105.855188,21.0355451],[105.8655656,21.0396641]]}},{"type":"Feature","properties":{"osm_id":354963078,"osm_type":"way","highway":"tertiary","lanes":"2","name":"Đường Phương Canh","surface":"asphalt"},"geometry":{"type":"LineString","coordinates":[[105.7401658,21.0348205],[105.740624,21.0347149],[105.7410578,21.0346359],[105.7417385,21.0344682],[105.7422745,21.0343469],[105.7432893,21.0341804],[105.7446195,21.0342862],[105.7450483,21.0343407],[105.745477,21.0344131],[105.7458934,21.0345083],[105.7462699,21.0346076],[105.7466516,21.0347009],[105.7471335,21.034779],[105.7475216,21.0348216],[105.747924,21.0348507],[105.7484939,21.0348977],[105.7489258,21.0349401],[105.7495062,21.0349837],[105.7502861,21.0350351],[105.7509422,21.0350814],[105.7511911,21.0350949]]}},{"type":"Feature","properties":{"osm_id":28396457,"osm_type":"way","highway":"tertiary","lane_markings":"no","name":"Phố Đặng Thai Mai","name:ja":"ダンタイマイ通り","surface":"asphalt"},"geometry":{"type":"LineString","coordinates":[[105.8276535,21.0650398],[105.8270389,21.0646937],[105.8265479,21.0644058],[105.8261638,21.0642192],[105.8257654,21.063987],[105.8254174,21.0637733],[105.8250546,21.0635553],[105.8246717,21.0633231],[105.8245074,21.0629407],[105.824309,21.0623801],[105.8241963,21.0619996],[105.8240602,21.061614],[105.8239348,21.0612229],[105.823801,21.0608047],[105.8236463,21.0603334],[105.8234817,21.0598678],[105.8229632,21.0594791],[105.8224254,21.0590909],[105.8219895,21.0587569],[105.821957,21.0583398],[105.8222597,21.058004],[105.8225194,21.0577003],[105.8229426,21.0571524],[105.8230532,21.0569821]]}},{"type":"Feature","properties":{"osm_id":911435180,"osm_type":"way","alt_name":"Nguyễn Xiển - Xa La","highway":"secondary","lanes":"2","lit":"yes","maxspeed":"50","name":"Đường Phạm Tu","name:en":"Pham Tu Road","oneway":"yes","surface":"asphalt"},"geometry":{"type":"LineString","coordinates":[[105.8081243,20.9725766],[105.807686,20.971909],[105.8071048,20.9709758],[105.806853,20.9706056],[105.8065347,20.9701129],[105.8062724,20.9697711],[105.8060387,20.9694905],[105.8054809,20.9689326],[105.8050613,20.9686],[105.8044461,20.9682601],[105.8037539,20.9679076],[105.8026725,20.9673306],[105.8015008,20.9667053],[105.8011559,20.9665203],[105.8003347,20.96604],[105.7998868,20.9657726],[105.7998308,20.9656537]]}},{"type":"Feature","properties":{"osm_id":597155943,"osm_type":"way","bus":"no","hgv":"no","highway":"tertiary","lanes":"2","lit":"yes","maxweight":"9","maxweight:hgv:conditional":"21 @ (trailer)","maxweight:hgv_articulated":"12","name":"Đường Xuân Đỉnh","name:en":"Xuan Dinh Road","oneway":"no","surface":"asphalt"},"geometry":{"type":"LineString","coordinates":[[105.7878739,21.0767528],[105.7881413,21.0762013],[105.788279,21.0757943],[105.7883824,21.0752584],[105.7884423,21.0747952],[105.788524,21.0743248],[105.7888553,21.0737667],[105.7891306,21.0733456],[105.7893412,21.0728108],[105.7895297,21.072502],[105.7900423,21.071862],[105.7906228,21.0712941],[105.7911027,21.0711892],[105.791487,21.0712216],[105.7921421,21.0712964],[105.7926989,21.0713479],[105.7931203,21.0713594],[105.7937313,21.0713413],[105.7942048,21.0713565],[105.7948149,21.0713866],[105.7953747,21.0713879]]}},{"type":"Feature","properties":{"osm_id":208808780,"osm_type":"way","highway":"tertiary","lanes":"2","name":"Đường Tô Hiệu","surface":"asphalt"},"geometry":{"type":"LineString","coordinates":[[105.7737738,20.9639004],[105.7740612,20.9641321],[105.7743705,20.9643548],[105.7750554,20.9648538],[105.7753659,20.9650833],[105.775721,20.9653536],[105.7760514,20.9656135],[105.7767696,20.9661573],[105.7771855,20.966476],[105.7775578,20.966761],[105.7778821,20.9670114],[105.7781612,20.9672276],[105.7784754,20.9674496],[105.77901,20.9678723],[105.7793261,20.9681234],[105.7798119,20.968515],[105.7809177,20.9693414],[105.7814786,20.9698681],[105.7818094,20.9702937],[105.7821982,20.9707846],[105.7822673,20.9708613]]}},{"type":"Feature","properties":{"osm_id":476642112,"osm_type":"way","highway":"tertiary","lanes":"2","name":"Đường Hoàng Công Chất","name:en":"Hoang Cong Chat Road","surface":"asphalt"},"geometry":{"type":"LineString","coordinates":[[105.7694933,21.0488897],[105.7691741,21.048384],[105.7687745,21.0477357],[105.7685224,21.0474904],[105.768188,21.0472474],[105.7679028,21.0468721],[105.7675302,21.0462699],[105.7672557,21.0458369],[105.7670143,21.0454965],[105.766612,21.0448832],[105.7659763,21.0439075],[105.7657376,21.0435764],[105.76536,21.0433298],[105.7647936,21.0431659],[105.764002,21.0429211],[105.7631625,21.0426452],[105.76268,21.042495],[105.7622803,21.0422309],[105.7619893,21.0417552],[105.7619123,21.0416019]]}},{"type":"Feature","properties":{"osm_id":497400858,"osm_type":"way","highway":"primary","lanes":"3","lit":"yes","name":"Đường Cổ Linh","name:en":"Co Linh Road","oneway":"yes","surface":"asphalt"},"geometry":{"type":"LineString","coordinates":[[105.879557,21.031338],[105.8798073,21.0310617],[105.8804587,21.0304107],[105.8809256,21.0301014],[105.8813668,21.0299384],[105.8817864,21.0298396],[105.8822124,21.0298473],[105.8828613,21.0299514],[105.8832318,21.0299576],[105.8836905,21.0298574],[105.8840224,21.0297429],[105.8850412,21.0293054],[105.8853688,21.0291685],[105.8858146,21.0290582],[105.8861656,21.0289831],[105.8865417,21.0289453],[105.8870265,21.0289224],[105.8876918,21.0289046],[105.8888318,21.0288816],[105.8894075,21.0288624],[105.8898539,21.0288101]]}},{"type":"Feature","properties":{"osm_id":685040575,"osm_type":"way","alt_name":"Đường K2","highway":"tertiary","name":"Phố Nguyễn Văn Giáp","name:en":"Nguyen Van Giap Street","smoothness":"intermediate","surface":"concrete"},"geometry":{"type":"LineString","coordinates":[[105.7592512,21.0306629],[105.7591512,21.0302508],[105.7588498,21.0298747],[105.7585803,21.0295944],[105.7583504,21.029312],[105.7581403,21.0290211],[105.7577058,21.028486],[105.7573041,21.0280999],[105.7569266,21.0277225],[105.7565461,21.0273057],[105.7561668,21.0269379],[105.7558804,21.0266244],[105.7554679,21.0265491],[105.7551522,21.0263089],[105.7548078,21.0258469],[105.7547113,21.0254063],[105.7547088,21.0249052],[105.7549786,21.0242204],[105.7551512,21.0239091],[105.755355,21.0235285],[105.7555261,21.0232163],[105.7556554,21.0227324],[105.7556447,21.0223618],[105.7555589,21.021868]]}},{"type":"Feature","properties":{"osm_id":700062723,"osm_type":"way","hgv":"no","highway":"secondary","lane_markings":"yes","lanes":"2","lit":"yes","maxspeed":"50","motor_vehicle:conditional":"no @ (Aug 29 21:30-23:59; Aug 30 00:00-13:30; Sep 1 17:00-23:59; Sep 2 00:00-16:00)","name":"Đường Thụy Khuê","name:en":"Thuy Khue Street","name:id":"Jalan Thuy Khue","name:zh":"瑞圭街","oneway":"no","smoothness":"intermediate","surface":"asphalt","wikidata":"Q61129233","wikimedia_commons":"Category:Thụy Khuê Street, Hanoi","wikipedia":"vi:Đường Thụy Khuê"},"geometry":{"type":"LineString","coordinates":[[105.8351095,21.0426739],[105.8342583,21.0427004],[105.8329449,21.0427297],[105.832553,21.0425944],[105.8321364,21.0424349],[105.8314312,21.0423161],[105.8310398,21.0422704],[105.8305814,21.0421489],[105.8302169,21.0420283],[105.8298049,21.0418509],[105.829479,21.0416785],[105.8290481,21.0414036],[105.8286963,21.041139],[105.8282115,21.0409229],[105.8278597,21.0409293],[105.8275139,21.0410385],[105.8270542,21.0412058],[105.8267244,21.0413415],[105.826401,21.0415113],[105.8260372,21.0417221],[105.8257029,21.0419268],[105.8253754,21.0421027],[105.8249642,21.0423245]]}},{"type":"Feature","properties":{"osm_id":1473166000,"osm_type":"way","highway":"primary","lanes":"3","lit":"yes","name":"Đường Cổ Linh","name:en":"Co Linh Road","oneway":"yes","surface":"asphalt"},"geometry":{"type":"LineString","coordinates":[[105.8898828,21.0289312],[105.8894915,21.0289942],[105.8889291,21.0290257],[105.8882483,21.0290449],[105.8878515,21.0290494],[105.8872759,21.0290683],[105.8864785,21.0290899],[105.8861178,21.0291276],[105.8857222,21.0292078],[105.8850938,21.0294199],[105.8845094,21.0296795],[105.8840768,21.029866],[105.8837307,21.0299801],[105.8833518,21.0300658],[105.8820942,21.0299816],[105.8815856,21.0300078],[105.8810395,21.0302007],[105.8806931,21.0303844],[105.8798783,21.0311649],[105.8796781,21.0313827]]}},{"type":"Feature","properties":{"osm_id":709798663,"osm_type":"way","highway":"primary","lanes":"3","lit":"yes","name":"Đại lộ Thăng Long","name:en":"Thang Long Avenue","oneway":"yes","surface":"asphalt"},"geometry":{"type":"LineString","coordinates":[[105.7630265,21.0055619],[105.7645555,21.0048059],[105.7650313,21.0046735],[105.7655099,21.0046166],[105.7659701,21.0046364],[105.7667401,21.0047899],[105.7671446,21.0048687],[105.767725,21.004868],[105.7680765,21.0047835],[105.7687232,21.0046696],[105.7697297,21.0044304],[105.7723606,21.0038823],[105.772769,21.0037968],[105.7732943,21.0036861],[105.7735158,21.0036395]]}},{"type":"Feature","properties":{"osm_id":1459073869,"osm_type":"way","highway":"primary","lit":"yes","name":"Đường tỉnh 378","ref":"ĐT.378"},"geometry":{"type":"LineString","coordinates":[[105.9174148,20.9562995],[105.9175713,20.9558769],[105.9180233,20.955396],[105.9186039,20.9549872],[105.9189311,20.9547978],[105.9195441,20.9541738],[105.9196593,20.9534335],[105.9196962,20.9530591],[105.9200418,20.9525986],[105.9206639,20.9522242],[105.9214523,20.9515931],[105.9218253,20.9512945],[105.922218,20.9509435],[105.9230112,20.9502054],[105.9232153,20.9499096],[105.923383,20.948992],[105.923512,20.9486434],[105.9237009,20.9481958]]}},{"type":"Feature","properties":{"osm_id":398312557,"osm_type":"way","highway":"tertiary","lane_markings":"yes","lanes":"2","name":"Đường Phú Diễn","name:en":"Phu Dien Road","smoothness":"intermediate","surface":"asphalt"},"geometry":{"type":"LineString","coordinates":[[105.764579,21.0587863],[105.7644221,21.0582837],[105.764258,21.0576369],[105.7641542,21.0569398],[105.7641132,21.0565195],[105.7640517,21.0557768],[105.7639914,21.055252],[105.7638763,21.0540071],[105.7638543,21.0534942],[105.7637704,21.0524839],[105.7636495,21.0513514],[105.763589,21.0507761],[105.7635628,21.0501491],[105.7635413,21.0495995],[105.7634222,21.0488398],[105.7633177,21.0481734]]}},{"type":"Feature","properties":{"osm_id":365337036,"osm_type":"way","bicycle":"no","bridge":"yes","highway":"trunk","int_ref":"AH14","lanes":"3","layer":"2","lit":"yes","maxspeed":"60","name":"Cầu vượt Nút giao Long Biên","name:en":"Long Bien Interchange Overpass","oneway":"yes","ref":"QL.5","surface":"asphalt"},"geometry":{"type":"LineString","coordinates":[[105.8906866,21.0520035],[105.8891667,21.0540188],[105.8885083,21.054804],[105.8882202,21.0551082],[105.8877485,21.0555529],[105.8858998,21.0571149],[105.8848935,21.0579643],[105.8846113,21.0582236],[105.8843255,21.0585032],[105.8840098,21.0588332],[105.8837707,21.0591321],[105.8835597,21.0594177],[105.8833618,21.0597172]]}},{"type":"Feature","properties":{"osm_id":218033149,"osm_type":"way","foot":"yes","highway":"secondary","maxspeed":"50","motor_vehicle":"yes","name":"Đường Cổ Bi","name:en":"Co Bi Road","oneway":"no","sidewalk":"both","source":"survey","surface":"asphalt"},"geometry":{"type":"LineString","coordinates":[[105.9381714,21.0210858],[105.9383096,21.0215264],[105.9384557,21.0219568],[105.9388378,21.0229373],[105.9389791,21.023292],[105.9392515,21.0239753],[105.9395096,21.0246228],[105.9397183,21.0251464],[105.9399785,21.0257993],[105.9401409,21.0262126],[105.9402991,21.0266918],[105.940553,21.0274879],[105.9406578,21.0278224],[105.9408262,21.0283731],[105.9409717,21.0288234],[105.9416089,21.0305952],[105.9416785,21.0309733],[105.9416932,21.0311373]]}},{"type":"Feature","properties":{"osm_id":1104333494,"osm_type":"way","bicycle":"no","bridge":"yes","highway":"trunk","int_ref":"AH14","lanes":"3","layer":"2","lit":"yes","maxheight":"3.75","maxspeed":"60","name":"Cầu vượt Nút giao Long Biên","name:en":"Long Bien Interchange Overpass","oneway":"yes","ref":"QL.5","surface":"asphalt"},"geometry":{"type":"LineString","coordinates":[[105.8832023,21.0597314],[105.883441,21.0593841],[105.883984,21.0586852],[105.8842304,21.058426],[105.8846325,21.0580455],[105.8849247,21.057791],[105.8858172,21.0570271],[105.887056,21.0559881],[105.8874256,21.0556765],[105.8877681,21.055373],[105.8881158,21.0550467],[105.8886468,21.0544744],[105.8890729,21.0539387],[105.8905011,21.0520526]]}},{"type":"Feature","properties":{"osm_id":244393292,"osm_type":"way","highway":"tertiary","name":"Đường Giang Cao"},"geometry":{"type":"LineString","coordinates":[[105.9198688,20.9807292],[105.9191846,20.9808213],[105.9186499,20.980883],[105.9181213,20.9809603],[105.9176281,20.9809916],[105.9170983,20.9809669],[105.9165611,20.9809305],[105.9161286,20.980908],[105.9159738,20.9804816],[105.9160261,20.9801244],[105.9160221,20.9796101],[105.9159792,20.9791743],[105.9159202,20.9785983],[105.9158964,20.978209],[105.9154213,20.9782828],[105.9150029,20.978438],[105.9146166,20.9785282],[105.9141555,20.9785381],[105.9135324,20.9783736],[105.913067,20.9782333],[105.9127176,20.9780824],[105.9121812,20.9780524],[105.9119237,20.9779985]]}},{"type":"Feature","properties":{"osm_id":600546519,"osm_type":"way","highway":"tertiary","lit":"yes","name":"Đường Rừng Cọ","oneway":"yes","sidewalk":"right","surface":"asphalt"},"geometry":{"type":"LineString","coordinates":[[105.929934,20.9721187],[105.9293108,20.9721111],[105.9289129,20.9721172],[105.9285316,20.9721944],[105.9278805,20.972475],[105.9274733,20.9726397],[105.9271127,20.9727855],[105.9264326,20.9730728],[105.9259567,20.9732739],[105.9252117,20.9735599],[105.9246719,20.9737673],[105.9241881,20.9739597],[105.923653,20.9741754],[105.9232809,20.9743258],[105.9225905,20.9745011],[105.9221238,20.9745205],[105.9215713,20.9744986],[105.9210965,20.9744886],[105.9200271,20.9744981],[105.9198419,20.9744998]]}},{"type":"Feature","properties":{"osm_id":1349027567,"osm_type":"way","highway":"tertiary","lanes":"2","name":"Đường Ngô Quyền","surface":"asphalt"},"geometry":{"type":"LineString","coordinates":[[105.7766697,20.9758896],[105.7758482,20.975414],[105.775378,20.9751693],[105.7749267,20.9749203],[105.7742557,20.9745221],[105.7736668,20.9741988],[105.7733085,20.9739907],[105.7728538,20.973756],[105.7724111,20.9735002],[105.7717081,20.9731491],[105.7700919,20.972385],[105.7688763,20.9718186],[105.7684084,20.9715345],[105.7680003,20.9712598],[105.7675538,20.9709536],[105.767436,20.970879]]}},{"type":"Feature","properties":{"osm_id":85620793,"osm_type":"way","highway":"secondary","lanes":"2","lit":"yes","name":"Đường Thạch Bàn","name:en":"Thach Ban Road","sidewalk:both":"separate","surface":"asphalt"},"geometry":{"type":"LineString","coordinates":[[105.9053622,21.0230047],[105.905641,21.0233206],[105.9059099,21.0235515],[105.9063506,21.0239149],[105.9068842,21.024334],[105.9074591,21.0247697],[105.9078772,21.0250008],[105.9084177,21.0253059],[105.9088116,21.0255093],[105.9091222,21.0256888],[105.9094725,21.0258901],[105.9097726,21.0260788],[105.9100746,21.0262742],[105.9107041,21.0267405],[105.9110254,21.0270638],[105.9112572,21.027367],[105.9114799,21.0277063],[105.9117643,21.0282567],[105.9119922,21.0285997],[105.9123595,21.0289809],[105.9126405,21.0292383],[105.9130125,21.0296032],[105.9131655,21.0297394]]}},{"type":"Feature","properties":{"osm_id":597596360,"osm_type":"way","highway":"tertiary","name":"Đường Đại Thanh","name:en":"Dai Thanh Road"},"geometry":{"type":"LineString","coordinates":[[105.8157656,20.9413867],[105.8169185,20.9449863],[105.8172344,20.9459424],[105.8174624,20.9466447],[105.8176063,20.9470844],[105.8177772,20.947609],[105.8181896,20.9483086],[105.8184939,20.948782],[105.8194893,20.9502882],[105.8198406,20.9505601],[105.8201019,20.9506485]]}},{"type":"Feature","properties":{"osm_id":1237584102,"osm_type":"way","bridge":"yes","highway":"trunk","lanes":"1","layer":"2","lit":"yes","motorcar":"no","name":"Cầu Đông Trù","name:en":"Dong Tru Bridge","oneway":"yes","ref":"QL.5"},"geometry":{"type":"LineString","coordinates":[[105.8807114,21.067452],[105.8805658,21.0677732],[105.880377,21.0681326],[105.8801657,21.0685046],[105.8797947,21.0690744],[105.8790326,21.0701801],[105.8775035,21.07232],[105.8761817,21.0741955],[105.875487,21.0751985],[105.8750955,21.0758262],[105.8749389,21.0761135]]}},{"type":"Feature","properties":{"osm_id":1237584101,"osm_type":"way","bridge":"yes","highway":"trunk","lanes":"4","layer":"2","lit":"yes","maxspeed":"80","name":"Cầu Đông Trù","name:en":"Dong Tru Bridge","oneway":"yes","ref":"QL.5"},"geometry":{"type":"LineString","coordinates":[[105.8806148,21.0674174],[105.8802855,21.06809],[105.8800753,21.0684585],[105.8798589,21.0688043],[105.8789394,21.0701371],[105.8774183,21.0722677],[105.8761007,21.0741419],[105.8753964,21.07515],[105.8749837,21.0758243],[105.8748476,21.0760658]]}},{"type":"Feature","properties":{"osm_id":1222147931,"osm_type":"way","highway":"tertiary","lanes":"2","name":"Đường Liên Xã Thôn Hữu Lê","surface":"asphalt"},"geometry":{"type":"LineString","coordinates":[[105.8069518,20.9525907],[105.8067052,20.9528555],[105.8063725,20.953132],[105.805921,20.9535088],[105.8053835,20.9540106],[105.8050723,20.9543012],[105.8047772,20.954571],[105.8044145,20.9548989],[105.8037879,20.9554293],[105.8034308,20.955705],[105.8028243,20.9561198],[105.8023994,20.956189],[105.8012278,20.9562751],[105.8006142,20.9563202],[105.7990263,20.9565907],[105.7986261,20.9566091],[105.797897,20.9566425]]}},{"type":"Feature","properties":{"osm_id":1237584103,"osm_type":"way","bridge":"yes","highway":"trunk","lanes":"4","layer":"2","lit":"yes","maxspeed":"80","name":"Cầu Đông Trù","name:en":"Dong Tru Bridge","oneway":"yes","ref":"QL.5"},"geometry":{"type":"LineString","coordinates":[[105.8746767,21.0759937],[105.875256,21.0750426],[105.8759548,21.07404],[105.8772566,21.0721638],[105.879538,21.0689561],[105.8799125,21.0683839],[105.8801171,21.0680295],[105.8803017,21.0676673],[105.8804455,21.0673582]]}},{"type":"Feature","properties":{"osm_id":1237584104,"osm_type":"way","bridge":"yes","highway":"trunk","lanes":"1","layer":"2","lit":"yes","motorcar":"no","name":"Cầu Đông Trù","name:en":"Dong Tru Bridge","oneway":"yes","ref":"QL.5"},"geometry":{"type":"LineString","coordinates":[[105.8745829,21.0759499],[105.8750058,21.075225],[105.8758591,21.0739883],[105.8766061,21.0729202],[105.8771847,21.0720746],[105.878876,21.0696935],[105.8794507,21.0688955],[105.8798119,21.068344],[105.8800142,21.067991],[105.8801969,21.0676333],[105.8803479,21.067315]]}},{"type":"Feature","properties":{"osm_id":408780538,"osm_type":"way","highway":"primary","lanes":"3","lit":"yes","maxspeed":"60","name":"Đường Nguyễn Xiển","name:en":"Nguyen Xien Road","oneway":"yes","surface":"asphalt"},"geometry":{"type":"LineString","coordinates":[[105.8062497,20.9870991],[105.8066109,20.9865918],[105.8070013,20.9861054],[105.8073845,20.9855906],[105.8077065,20.9851526],[105.8084121,20.9842139],[105.8089108,20.9835119],[105.8091978,20.9831247],[105.8095202,20.9826845],[105.8098715,20.9822248],[105.8101873,20.9817977],[105.8105196,20.9813373],[105.8112154,20.9803737],[105.8115972,20.9798449],[105.8121189,20.9791273],[105.812412,20.9787401]]}},{"type":"Feature","properties":{"osm_id":685038716,"osm_type":"way","highway":"tertiary","lanes":"2","name":"Phố Kim Quan Thượng","name:en":"Kim Quan Thuong Street","source":"AsiaGPS","surface":"asphalt"},"geometry":{"type":"LineString","coordinates":[[105.9006135,21.0607864],[105.9007884,21.0603547],[105.9010164,21.0599085],[105.9012937,21.0594058],[105.901572,21.0589196],[105.9018182,21.0584898],[105.9022555,21.0577262],[105.9024593,21.0573702],[105.9027398,21.0568803],[105.9029225,21.0565613],[105.9033016,21.0558993],[105.9034945,21.0555624],[105.9037193,21.0551699],[105.9040506,21.0545912],[105.9044289,21.0538138],[105.9046749,21.0532616],[105.9048415,21.0528875],[105.9050373,21.052448],[105.9051901,21.0520908],[105.9053549,21.0517293],[105.9053853,21.051668]]}},{"type":"Feature","properties":{"osm_id":675457174,"osm_type":"way","highway":"tertiary","lanes":"2","name":"Đường Viên Chiếu","name:en":"Vien Chieu Street","note":"obtained road name from buisness signs on west side of the road- mapillary: 2KlCNq-DgF4tryrPnF9Bag","surface":"asphalt"},"geometry":{"type":"LineString","coordinates":[[105.9182651,21.0578261],[105.9182496,21.0573705],[105.9183502,21.0569125],[105.9188877,21.0559779],[105.9191425,21.0556419],[105.919599,21.0552885],[105.9199726,21.0551525],[105.9203421,21.0551077],[105.9208116,21.0551953],[105.9213132,21.0552065],[105.9217993,21.0546024],[105.9219822,21.0542934],[105.9221944,21.0539346],[105.922385,21.0536126],[105.9228032,21.0530753],[105.9232033,21.0526678],[105.9236156,21.0522479],[105.9238685,21.0519903],[105.9242097,21.0516428],[105.9245376,21.0512864],[105.9247602,21.0509077]]}},{"type":"Feature","properties":{"osm_id":29111948,"osm_type":"way","highway":"secondary","name":"Đường Cổ Nhuế","name:en":"Co Nhue Street","name:id":"Jalan Co Nhue","name:ja":"コニュエ通り","name:zh":"古芮路","surface":"asphalt"},"geometry":{"type":"LineString","coordinates":[[105.7806751,21.0621189],[105.7804069,21.0625622],[105.780139,21.0630403],[105.7799383,21.0634141],[105.7797535,21.0637812],[105.7796259,21.0641138],[105.7794739,21.0646565],[105.7794197,21.0655073],[105.7793689,21.0658639],[105.7792272,21.0664511],[105.7791162,21.0668707],[105.779046,21.0672137],[105.7789567,21.0677362],[105.7788005,21.0681544],[105.7786246,21.0686048],[105.7783823,21.0689961],[105.7780834,21.0696063],[105.7775964,21.0702112],[105.7772333,21.0706545],[105.7771155,21.0715521]]}},{"type":"Feature","properties":{"osm_id":335384251,"osm_type":"way","highway":"tertiary","lanes":"2","name":"Phố Bùi Xương Trạch","name:en":"Bui Xuong Trach Street","surface":"asphalt"},"geometry":{"type":"LineString","coordinates":[[105.8172023,20.992124],[105.8172567,20.9916236],[105.8173832,20.9911045],[105.8175758,20.9902733],[105.8176608,20.9898473],[105.8179337,20.9892475],[105.8180746,20.9888179],[105.8185922,20.9872436],[105.8188986,20.9864266],[105.8191436,20.9857931],[105.8192621,20.985413],[105.8194212,20.9849148],[105.8195812,20.984492],[105.820039,20.9840742],[105.8204293,20.9837209],[105.8208051,20.9833631],[105.8212319,20.9829528]]}},{"type":"Feature","properties":{"osm_id":506335715,"osm_type":"way","highway":"trunk","int_ref":"AH14","lanes":"3","lit":"yes","name":"Đường Nguyễn Văn Linh","name:en":"Nguyen Van Linh Road","oneway":"yes","ref":"QL.5","source":"Yahoo","surface":"asphalt"},"geometry":{"type":"LineString","coordinates":[[105.9135424,21.0300731],[105.9193218,21.028413],[105.9203638,21.0281108],[105.9216946,21.0277069],[105.9229792,21.0272167],[105.9233562,21.0270769]]}},{"type":"Feature","properties":{"osm_id":601543304,"osm_type":"way","highway":"tertiary","lanes":"4","name":"Đường Gia Cốc","name:en":"Gia Coc Road","surface":"asphalt"},"geometry":{"type":"LineString","coordinates":[[105.958854,20.9789913],[105.9583041,20.9791286],[105.9577972,20.9792721],[105.9572091,20.9793632],[105.9557429,20.9795595],[105.9537074,20.9798335],[105.9523914,20.9799995],[105.9512349,20.980112],[105.9507258,20.9801822],[105.9502068,20.9802537],[105.9493347,20.9804069],[105.948748,20.9804817]]}},{"type":"Feature","properties":{"osm_id":1118577752,"osm_type":"way","embankment":"yes","highway":"primary","name":"Đê Phương Trạch","ref":"ĐT.406","source":"AsiaGPS"},"geometry":{"type":"LineString","coordinates":[[105.8567978,21.0738679],[105.8570805,21.0736252],[105.857259,21.0732557],[105.857409,21.0727397],[105.8578902,21.0723279],[105.8587225,21.0716982],[105.8593785,21.0711218],[105.8600563,21.0707327],[105.8610415,21.0701671],[105.8619121,21.0699697],[105.8624577,21.0698959],[105.8629277,21.0698959],[105.863613,21.0700178],[105.8640469,21.0701052],[105.8646424,21.070241],[105.8653318,21.0704361]]}},{"type":"Feature","properties":{"osm_id":611002630,"osm_type":"way","highway":"trunk","int_ref":"AH14","lanes":"3","lit":"yes","name":"Đường Nguyễn Văn Linh","name:en":"Nguyen Van Linh Road","oneway":"yes","ref":"QL.5","source":"Yahoo","surface":"asphalt"},"geometry":{"type":"LineString","coordinates":[[105.923409,21.0272254],[105.9222286,21.0276266],[105.9215849,21.0278485],[105.921209,21.0279671],[105.9208366,21.0280751],[105.9203876,21.0282054],[105.9196866,21.0284158],[105.9171315,21.0291671],[105.9164825,21.0293569],[105.9138403,21.0301538],[105.913729,21.0301875]]}},{"type":"Feature","properties":{"osm_id":399866745,"osm_type":"way","highway":"tertiary","name":"Đường Hoàng Trình Thanh"},"geometry":{"type":"LineString","coordinates":[[105.7829927,20.9626469],[105.7828756,20.9621975],[105.7827908,20.9618122],[105.7826754,20.961467],[105.7824363,20.9609789],[105.7823322,20.9604881],[105.7824014,20.9599025],[105.7825397,20.9593205],[105.7827252,20.9584273],[105.7828485,20.9579483],[105.7829403,20.9575217],[105.7830081,20.9571289],[105.783039,20.9567601],[105.7826419,20.9560549],[105.7823282,20.9556064],[105.7820962,20.9552782],[105.7819624,20.9549362],[105.7818832,20.9545934],[105.7818469,20.9532239],[105.7818458,20.9530171]]}},{"type":"Feature","properties":{"osm_id":244289489,"osm_type":"way","highway":"tertiary","name":"Đường Ngọc Động","name:en":"Ngoc Dong Road"},"geometry":{"type":"LineString","coordinates":[[105.9354479,20.9859053],[105.9357452,20.9855302],[105.936034,20.985278],[105.9365805,20.984943],[105.9370652,20.9846755],[105.9373277,20.9844262],[105.9386342,20.9828324],[105.939006,20.9825528],[105.9394739,20.9823339],[105.9398783,20.9822101],[105.9403095,20.982122],[105.9406871,20.9819877],[105.9412774,20.9816831],[105.9416805,20.9814492],[105.9419998,20.9810368],[105.9422231,20.9807212],[105.9425963,20.9805831],[105.9428526,20.9814578]]}},{"type":"Feature","properties":{"osm_id":208808754,"osm_type":"way","highway":"tertiary","lanes":"2","lit":"yes","name":"Phố Hoàng Đôn Hoà","surface":"asphalt"},"geometry":{"type":"LineString","coordinates":[[105.7707478,20.9639828],[105.7710708,20.9636142],[105.7713361,20.9633194],[105.7717632,20.962841],[105.7721076,20.9624618],[105.772187,20.9608628],[105.7721864,20.9599131],[105.7722195,20.9591509],[105.7722634,20.958489],[105.7722956,20.9580507],[105.7723309,20.9575391],[105.7723529,20.95673],[105.7723879,20.9560917],[105.7724726,20.9551326],[105.7724981,20.9544538]]}},{"type":"Feature","properties":{"osm_id":1227968125,"osm_type":"way","bicycle":"no","foot":"no","highway":"secondary","horse":"no","lanes":"3","maxspeed":"60","moped":"no","motorcar":"designated","motorcycle":"no","name":"Đường Tây Thăng Long","oneway":"yes"},"geometry":{"type":"LineString","coordinates":[[105.7540154,21.0678529],[105.7533404,21.0680924],[105.751769,21.0686689],[105.7490486,21.0697028],[105.7486835,21.0698495],[105.7453024,21.0711506],[105.7446382,21.0714084]]}},{"type":"Feature","properties":{"osm_id":932758896,"osm_type":"way","bicycle":"designated","highway":"secondary","lanes":"2","maxspeed":"50","moped":"designated","name":"Đường Tây Thăng Long","oneway":"yes"},"geometry":{"type":"LineString","coordinates":[[105.7540367,21.0679372],[105.7533655,21.0681744],[105.7527823,21.0683907],[105.7518029,21.0687481],[105.7490784,21.0697834],[105.7487134,21.0699302],[105.7450402,21.0713437],[105.7446382,21.0714084]]}},{"type":"Feature","properties":{"osm_id":596300518,"osm_type":"way","access":"yes","bicycle":"no","foot":"no","highway":"motorway","horse":"no","lanes":"3","lit":"yes","maxspeed:lanes":"100|100|80","motorcar":"yes","motorcycle":"no","name":"Đại lộ Thăng Long (Láng - Hoà Lạc)","name:en":"Thang Long Avenue (Lang - Hoa Lac Expressway)","oneway":"yes","overtaking":"yes","ref":"CT.03","surface":"asphalt","wikidata":"Q10841248","wikipedia":"vi:Đại lộ Thăng Long"},"geometry":{"type":"LineString","coordinates":[[105.7725557,21.0045386],[105.7627603,21.0065993]]}},{"type":"Feature","properties":{"osm_id":601920104,"osm_type":"way","highway":"tertiary","lanes":"1","name":"Ngõ 587 Đường Tam Trinh","name:en":"Lane 587 Tam Trinh Road","surface":"asphalt"},"geometry":{"type":"LineString","coordinates":[[105.8648825,20.9791602],[105.8653556,20.9791994],[105.8664656,20.979321],[105.8670272,20.9793876],[105.8675226,20.9794465],[105.8678828,20.9794785],[105.8686351,20.9795713],[105.8692896,20.9796164],[105.8700884,20.9794837],[105.8708096,20.9793699],[105.8713173,20.9792654],[105.8725198,20.9789299],[105.8737156,20.9783545],[105.8741377,20.9781482],[105.8745546,20.9779238]]}},{"type":"Feature","properties":{"osm_id":1290159153,"osm_type":"way","alt_name":"Cầu Bươu","bicycle":"yes","cycleway":"no","foot":"yes","highway":"primary","lanes":"4","name":"Đường Phan Trọng Tuệ","oneway":"no","ref":"ĐT.70","surface":"asphalt"},"geometry":{"type":"LineString","coordinates":[[105.8107528,20.9556243],[105.811069,20.9554585],[105.811465,20.9552403],[105.8119555,20.9549953],[105.8125593,20.9546776],[105.8129406,20.9544818],[105.813537,20.9541761],[105.814357,20.9537134],[105.8148087,20.9534595],[105.8152775,20.9532115],[105.8158724,20.9528905],[105.8167916,20.9524048],[105.8175825,20.9519857],[105.8179135,20.9518106],[105.8184751,20.9515134],[105.8194283,20.9510092],[105.8195823,20.9509283]]}},{"type":"Feature","properties":{"osm_id":11553022,"osm_type":"way","highway":"tertiary","lanes":"2","lit":"yes","name":"Phố Lý Nam Đế","name:en":"Ly Nam De Street","name:id":"Jalan Ly Nam De","name:zh":"李南帝街","old_name:fr":"Rue Maréchal Joffre","oneway":"yes","surface":"asphalt"},"geometry":{"type":"LineString","coordinates":[[105.8459856,21.0399367],[105.8458523,21.0392866],[105.8457486,21.0387839],[105.8456593,21.0383507],[105.8454918,21.0375308],[105.8454067,21.0371265],[105.8453158,21.0366855],[105.8452254,21.0362471],[105.8451076,21.0356764],[105.8449379,21.0348636],[105.8447958,21.0341848],[105.844685,21.0336632],[105.8445669,21.0331121],[105.8444537,21.0325764],[105.8443761,21.0322088],[105.8442948,21.0318292],[105.8442121,21.0314374],[105.8441117,21.0309638],[105.8440067,21.0304671],[105.8439386,21.0301487]]}},{"type":"Feature","properties":{"osm_id":1410881753,"osm_type":"way","bicycle":"no","foot":"no","highway":"trunk","horse":"no","lanes":"3","lit":"yes","mofa":"no","moped":"no","motorcycle":"no","name":"Đường Võ Chí Công","name:en":"Vo Chi Cong Road","oneway":"yes","surface":"asphalt"},"geometry":{"type":"LineString","coordinates":[[105.8046464,21.0503355],[105.8045867,21.0509254],[105.8045511,21.0515411],[105.8045334,21.0519113],[105.8045224,21.0524382],[105.8045124,21.0529478],[105.8045176,21.0536958],[105.8045199,21.0543835],[105.8045162,21.054926],[105.8045135,21.0554889],[105.8045052,21.0562843],[105.8044943,21.0567921],[105.8045089,21.0576646],[105.8045016,21.0585815],[105.8045109,21.0593028],[105.8045132,21.0600414],[105.804554,21.0602842]]}},{"type":"Feature","properties":{"osm_id":1389968469,"osm_type":"way","highway":"tertiary","name":"Đường Bờ tây sông Nhuệ"},"geometry":{"type":"LineString","coordinates":[[105.7714031,21.0715253],[105.7714641,21.0705273],[105.7715151,21.0696601],[105.7715517,21.0692154],[105.7715667,21.0685088],[105.7716328,21.0681457],[105.7716692,21.0676384],[105.7717115,21.0670988],[105.7717439,21.0667019],[105.7718052,21.0663481],[105.771807,21.065986],[105.7718715,21.0642776],[105.7719841,21.0627558],[105.7720103,21.0616133]]}},{"type":"Feature","properties":{"osm_id":408486101,"osm_type":"way","highway":"tertiary","lanes":"2","layer":"1","name":"Đường Bạch Đằng","oneway":"no","surface":"asphalt"},"geometry":{"type":"LineString","coordinates":[[105.863899,21.018973],[105.864285,21.0183492],[105.8644489,21.0179396],[105.8646539,21.0172905],[105.8647598,21.0169543],[105.8648987,21.0164216],[105.865012,21.0160063],[105.8651481,21.0156362],[105.8655085,21.0145541],[105.8657592,21.0140342],[105.8660398,21.0134737],[105.8662202,21.013108],[105.8664851,21.0126301],[105.8666694,21.012273],[105.8669056,21.0118134],[105.8671886,21.0112739],[105.8673533,21.010962],[105.8677967,21.0103047],[105.8680303,21.0100022]]}},{"type":"Feature","properties":{"osm_id":95210657,"osm_type":"way","highway":"tertiary","lanes":"4","lanes:backward":"2","lanes:forward":"2","lit":"yes","name":"Phố Nguyễn Lam","name:en":"Nguyen Lam Street","source":"AsiaGPS","surface":"asphalt"},"geometry":{"type":"LineString","coordinates":[[105.8972646,21.0472444],[105.8975058,21.0469558],[105.8982423,21.0460748],[105.8990919,21.0450583],[105.8994959,21.04471],[105.9008371,21.0436886],[105.901365,21.0432866],[105.9018947,21.0428833],[105.9023821,21.0425121],[105.9028406,21.042163],[105.9032062,21.0418845],[105.9037614,21.0414617],[105.9042048,21.0411241],[105.9046031,21.0408208],[105.9046868,21.0407571]]}},{"type":"Feature","properties":{"osm_id":601867879,"osm_type":"way","highway":"tertiary","lanes":"4","name":"Phố Nguyễn Thời Trung","name:en":"Nguyen Thoi Trung Street","surface":"asphalt"},"geometry":{"type":"LineString","coordinates":[[105.9131655,21.0297394],[105.9135538,21.0295321],[105.9141353,21.0293351],[105.914825,21.0291325],[105.9164667,21.0286549],[105.9177239,21.0282744],[105.9182569,21.0281122],[105.9191389,21.0278478],[105.9198803,21.0276283],[105.9209643,21.0273092],[105.9216373,21.0271053],[105.9220398,21.0269618],[105.9225539,21.0267148]]}},{"type":"Feature","properties":{"osm_id":932758899,"osm_type":"way","bicycle":"designated","highway":"secondary","lanes":"2","maxspeed":"50","moped":"designated","name":"Đường Tây Thăng Long","oneway":"yes"},"geometry":{"type":"LineString","coordinates":[[105.7445716,21.0712187],[105.7448918,21.0710042],[105.7460796,21.0705428],[105.7473129,21.070073],[105.7485865,21.0695831],[105.7489516,21.0694364],[105.7499253,21.0690627],[105.7513692,21.0685085],[105.7532594,21.0678213],[105.7537436,21.0676507]]}},{"type":"Feature","properties":{"osm_id":37559371,"osm_type":"way","foot":"yes","highway":"primary","lanes":"2","lit":"yes","maxspeed":"60","maxspeed:motorcar":"60","maxspeed:motorcycle":"50","maxspeed:type":"VN:urban","name":"Đường Phạm Văn Đồng","name:en":"Pham Van Dong Road","name:vi":"Đường Phạm Văn Đồng","oneway":"yes","surface":"asphalt","wikidata":"Q10841036","wikipedia":"vi:Đường vành đai 3 (Hà Nội)"},"geometry":{"type":"LineString","coordinates":[[105.7828873,21.0590263],[105.7825962,21.0580724],[105.7824856,21.0576503],[105.7823203,21.0570121],[105.782223,21.0566628],[105.7821149,21.0562566],[105.7819909,21.0557388],[105.7818085,21.0548503],[105.7817208,21.0543622],[105.7816347,21.053727],[105.7815969,21.0533548],[105.7814761,21.0520343],[105.781386,21.0510128],[105.7813579,21.0505614],[105.7812814,21.0495685],[105.7813386,21.0493723]]}},{"type":"Feature","properties":{"osm_id":334312401,"osm_type":"way","highway":"tertiary","lanes":"2","lit":"yes","name":"Đường Âu Cơ","name:en":"Au Co Road","name:ja":"アウコー通り","oneway":"yes","oneway:bicycle":"no","oneway:mofa":"no","oneway:moped":"no","oneway:motorcycle":"no","surface":"asphalt"},"geometry":{"type":"LineString","coordinates":[[105.8263542,21.0682365],[105.8267733,21.067567],[105.8270843,21.0671893],[105.8273767,21.0667938],[105.8279372,21.066108],[105.8285317,21.0653989],[105.8289913,21.0648039],[105.8292944,21.0646212],[105.830075,21.0645536],[105.8305122,21.0645336],[105.8311345,21.0643515],[105.8315636,21.063998],[105.8318619,21.0632471],[105.8320196,21.0627991],[105.8323712,21.0618675],[105.8325547,21.0614855]]}},{"type":"Feature","properties":{"osm_id":449226776,"osm_type":"way","access":"yes","bicycle":"no","foot":"no","highway":"motorway","horse":"no","lanes":"3","lit":"yes","maxspeed:lanes":"100|100|80","motorcar":"yes","motorcycle":"no","name":"Đại lộ Thăng Long (Láng - Hoà Lạc)","name:en":"Thang Long Avenue (Lang - Hoa Lac Expressway)","oneway":"yes","overtaking":"yes","ref":"CT.03","surface":"asphalt","wikidata":"Q10841248","wikipedia":"vi:Đại lộ Thăng Long"},"geometry":{"type":"LineString","coordinates":[[105.762867,21.0061719],[105.7724699,21.0041504]]}},{"type":"Feature","properties":{"osm_id":1122073257,"osm_type":"way","highway":"tertiary","lanes":"2","lit":"yes","name":"Phố Huỳnh Tấn Phát","name:en":"Huynh Tan Phat Street","oneway":"yes","sidewalk":"right","surface":"asphalt"},"geometry":{"type":"LineString","coordinates":[[105.9087465,21.0323093],[105.9085533,21.03186],[105.9074365,21.0297591],[105.9069056,21.0287708],[105.9061512,21.0273664],[105.9058661,21.0268355],[105.9053407,21.0258575],[105.9050287,21.0252767],[105.9041614,21.0236619]]}},{"type":"Feature","properties":{"osm_id":602289261,"osm_type":"way","highway":"tertiary","lanes":"2","lit":"yes","name":"Phố Trần Văn Trà","name:en":"Tran Van Tra Street","surface":"asphalt"},"geometry":{"type":"LineString","coordinates":[[105.8989087,21.0663883],[105.8992767,21.0660946],[105.8998114,21.0659294],[105.900288,21.065777],[105.9012577,21.065472],[105.9025065,21.0650884],[105.903705,21.0647043],[105.9042074,21.064543],[105.9046873,21.0643643],[105.9067476,21.0635349],[105.907188,21.0634972],[105.9076263,21.0635781],[105.9079824,21.0636573],[105.908112,21.0636902]]}},{"type":"Feature","properties":{"osm_id":339282227,"osm_type":"way","embankment":"yes","highway":"primary","lanes":"2","name":"Đường Thụy Phương","oneway":"no"},"geometry":{"type":"LineString","coordinates":[[105.7779628,21.0937361],[105.7776428,21.0939209],[105.7772704,21.094066],[105.7768421,21.0940621],[105.7754817,21.093995],[105.7749253,21.0939037],[105.774494,21.0937743],[105.7740636,21.0936089],[105.7737001,21.0934223],[105.7731448,21.0931527],[105.7727474,21.0929291],[105.7722634,21.0925997],[105.7719992,21.0923331],[105.771858,21.0919265],[105.7716132,21.0911934],[105.771415,21.0904718],[105.7713053,21.089978],[105.7712106,21.089596],[105.7708308,21.0894566],[105.7708047,21.0894553]]}},{"type":"Feature","properties":{"osm_id":36727016,"osm_type":"way","highway":"tertiary","name":"Phố Thanh Am","name:en":"Thanh Am Street","source":"AsiaGPS","surface":"asphalt"},"geometry":{"type":"LineString","coordinates":[[105.9020006,21.0763708],[105.9020432,21.0759847],[105.9020077,21.0754134],[105.9018577,21.0749234],[105.9017381,21.074587],[105.9015624,21.0741879],[105.9013106,21.0735915],[105.9010894,21.072989],[105.90069,21.0722872],[105.9005065,21.0719649],[105.9001861,21.0715075],[105.8994322,21.0707121],[105.8983779,21.0696119],[105.8979453,21.0691193],[105.8976334,21.0687845],[105.8971292,21.0682657]]}},{"type":"Feature","properties":{"osm_id":1180597073,"osm_type":"way","highway":"secondary","lanes":"2","lit":"yes","name":"Phố Khâm Thiên","name:en":"Kham Thien Street","name:zh":"钦天街","oneway":"no","surface":"asphalt"},"geometry":{"type":"LineString","coordinates":[[105.840549,21.0188823],[105.8401178,21.0189076],[105.8397672,21.0189335],[105.8394154,21.0189573],[105.8389785,21.0189859],[105.838309,21.0190208],[105.8379262,21.0190403],[105.8375088,21.0190623],[105.8371473,21.019088],[105.8367934,21.0191094],[105.8363123,21.019136],[105.8358149,21.0191724],[105.8353255,21.0192016],[105.8349196,21.0192319],[105.8345393,21.0192592],[105.8338847,21.0193012],[105.8331208,21.0193437],[105.8324258,21.019382],[105.8320542,21.0194016],[105.8316225,21.0194224],[105.831197,21.0193102],[105.830871,21.0191753]]}},{"type":"Feature","properties":{"osm_id":127178912,"osm_type":"way","highway":"tertiary","lanes":"2","name":"Phố Nguyễn Ngọc Chân","surface":"asphalt"},"geometry":{"type":"LineString","coordinates":[[105.9022476,21.0285128],[105.9026175,21.0291971],[105.9031188,21.0301242],[105.9033904,21.0306268],[105.9049495,21.0335681],[105.9059866,21.0330982],[105.9085533,21.03186]]}},{"type":"Feature","properties":{"osm_id":339282224,"osm_type":"way","embankment":"yes","highway":"primary","lanes":"2","lit":"yes","name":"Đường An Dương Vương","name:en":"An Duong Vuong Road","oneway":"yes","surface":"asphalt"},"geometry":{"type":"LineString","coordinates":[[105.7952607,21.0896453],[105.7957696,21.0894721],[105.7963535,21.089352],[105.7967368,21.0893126],[105.7972379,21.0892894],[105.7980681,21.0892664],[105.7984752,21.089315],[105.7988858,21.089388],[105.8000119,21.0895181],[105.8006901,21.0895907],[105.8012591,21.0895746],[105.8017599,21.0896106],[105.8022294,21.0895934],[105.8033385,21.089667],[105.8042192,21.0897556],[105.8048914,21.0897957]]}},{"type":"Feature","properties":{"osm_id":794225008,"osm_type":"way","highway":"tertiary","lanes":"2","lit":"yes","name":"Phố Đào Hinh","name:en":"Dao Hinh Street","oneway":"yes","surface":"asphalt"},"geometry":{"type":"LineString","coordinates":[[105.9055783,21.0435458],[105.9049466,21.0439046],[105.9045961,21.0441109],[105.9042572,21.0443611],[105.903972,21.0446057],[105.9036396,21.0449434],[105.903415,21.0452213],[105.9031667,21.0455811],[105.9029613,21.0459331],[105.9011241,21.0491619],[105.9008483,21.0496466],[105.9001595,21.0508571],[105.8999785,21.0510825]]}},{"type":"Feature","properties":{"osm_id":163923900,"osm_type":"way","embankment":"yes","highway":"primary","lanes":"2","lit":"yes","name":"Đường An Dương Vương","name:en":"An Duong Vuong Road","oneway":"yes","sidewalk":"right","surface":"asphalt"},"geometry":{"type":"LineString","coordinates":[[105.8088287,21.0898584],[105.8093484,21.0899201],[105.8097707,21.0899493],[105.8101722,21.0900043],[105.8105696,21.0900574],[105.8110065,21.0900454],[105.81256,21.0897239],[105.8129046,21.0895424],[105.8131289,21.0892465],[105.8133839,21.088947],[105.8137794,21.0886639],[105.814184,21.0885003],[105.8145552,21.0882811],[105.8147852,21.0879187],[105.8150651,21.0874375],[105.8153506,21.0871416],[105.8157429,21.0868644],[105.8160019,21.0864079],[105.816178,21.0858326],[105.8162649,21.0855764]]}},{"type":"Feature","properties":{"osm_id":82751663,"osm_type":"way","embankment":"yes","highway":"primary","lanes":"2","lit":"yes","name":"Đường An Dương Vương","name:en":"An Duong Vuong Road","oneway":"yes","surface":"asphalt"},"geometry":{"type":"LineString","coordinates":[[105.7954666,21.0896613],[105.794283,21.0900804],[105.7938047,21.0901668],[105.79262,21.0901859],[105.7916629,21.0901955],[105.7900667,21.0904992],[105.7890345,21.0907144],[105.7882583,21.0908788],[105.787862,21.0909926],[105.7872759,21.0910471],[105.7867486,21.0911462],[105.7864026,21.0912701],[105.7861354,21.0913813]]}},{"type":"Feature","properties":{"osm_id":675251413,"osm_type":"way","highway":"tertiary","lanes":"2","lit":"yes","name":"Phố Đào Hinh","name:en":"Dao Hinh Street","oneway":"yes","surface":"asphalt"},"geometry":{"type":"LineString","coordinates":[[105.8999785,21.0510825],[105.9004254,21.0501949],[105.9007617,21.0496039],[105.9010375,21.0491191],[105.901627,21.0480831],[105.9022716,21.0469503],[105.9026729,21.0462451],[105.9028883,21.0458664],[105.9030933,21.0455144],[105.903342,21.0451546],[105.9035667,21.0448766],[105.9038584,21.0445758],[105.9041582,21.0443156],[105.9044901,21.0440665],[105.9048737,21.0438378],[105.9054582,21.0435059],[105.9054797,21.0434936]]}},{"type":"Feature","properties":{"osm_id":1468434834,"osm_type":"way","alt_name":"Đường tỉnh 295B","alt_name:en":"Provincial Road 295B","highway":"primary","lanes":"2","lit":"yes","loc_name":"Quốc lộ 1A cũ","name":"Đường Hà Huy Tập","name:en":"Ha Huy Tap Road","ref":"ĐT.295B","surface":"asphalt"},"geometry":{"type":"LineString","coordinates":[[105.9215326,21.0896359],[105.9219084,21.0900265],[105.9222949,21.0904237],[105.9225461,21.090682],[105.9231368,21.0912878],[105.9233818,21.0915413],[105.9238173,21.0919847],[105.9241615,21.0923429],[105.9246061,21.0928],[105.9251447,21.0933538],[105.9254476,21.0936656],[105.9264617,21.0947123],[105.9270791,21.0953496],[105.9274131,21.0957263],[105.9277467,21.0960754],[105.9281105,21.0964735],[105.9281346,21.0964997]]}},{"type":"Feature","properties":{"osm_id":615769347,"osm_type":"way","highway":"primary","lanes":"3","lit":"yes","maxspeed":"50","name":"Đường Đỗ Mười","name:en":"Do Muoi Road","oneway":"yes","surface":"asphalt"},"geometry":{"type":"LineString","coordinates":[[105.8814684,20.9724496],[105.8818692,20.9728545],[105.8822368,20.9731949],[105.8827195,20.9735893],[105.8831971,20.9739224],[105.883502,20.974123],[105.8840548,20.9744679],[105.8844027,20.9746699],[105.8848838,20.9749527],[105.8853264,20.9752544],[105.8856229,20.9754605],[105.8859345,20.9757005],[105.8862464,20.9759406],[105.886841,20.9764619],[105.8872696,20.9768919],[105.8875664,20.9771849],[105.8880884,20.9776436],[105.8885618,20.9781614],[105.8887757,20.9784624]]}},{"type":"Feature","properties":{"osm_id":596709550,"osm_type":"way","embankment":"yes","highway":"primary","lanes":"2","lit":"yes","name":"Đường An Dương Vương","name:en":"An Duong Vuong Road","oneway":"yes","surface":"asphalt"},"geometry":{"type":"LineString","coordinates":[[105.8048851,21.0898737],[105.8045169,21.0898643],[105.8039913,21.089812],[105.8025,21.0896626],[105.8019026,21.0896879],[105.8015403,21.089666],[105.8011323,21.0896517],[105.8005788,21.0896581],[105.8000166,21.0896009],[105.7991509,21.0895094],[105.7984771,21.0894009],[105.7980584,21.0893437],[105.7973756,21.0893679],[105.7969317,21.0893796],[105.7965703,21.0894021],[105.7960841,21.0894777],[105.7957133,21.089574],[105.7954666,21.0896613]]}},{"type":"Feature","properties":{"osm_id":374514829,"osm_type":"way","highway":"secondary","name":"Đường Lý Huệ Tông","name:en":"Ly Hue Tong Road","surface":"asphalt"},"geometry":{"type":"LineString","coordinates":[[105.9428193,21.0871377],[105.9428152,21.0877181],[105.9428076,21.0881953],[105.9428308,21.0890395],[105.942835,21.0894541],[105.9428306,21.0903175],[105.9428371,21.090695],[105.9428453,21.0910607],[105.9427393,21.0915523],[105.9425101,21.091869],[105.9421711,21.0921405],[105.9415634,21.0925792],[105.9413247,21.0928828],[105.9411597,21.093261],[105.941113,21.0937763],[105.9411211,21.0948261],[105.9411124,21.0953004],[105.9412253,21.0956857],[105.9411103,21.095873]]}},{"type":"Feature","properties":{"osm_id":379855563,"osm_type":"way","highway":"tertiary","name":"Phố Quảng Bá","name:ja":"クアンバー通り","oneway":"no","surface":"asphalt"},"geometry":{"type":"LineString","coordinates":[[105.8193864,21.0672773],[105.8190361,21.0678505],[105.8188666,21.0684601],[105.8205041,21.0695213],[105.8214402,21.0689432],[105.8220553,21.0690818],[105.822441,21.0692549],[105.8227979,21.0696205],[105.8227864,21.0700859],[105.8224798,21.0706535],[105.8222594,21.0709295],[105.8218386,21.0713421],[105.8216723,21.0717852],[105.8213819,21.0726019],[105.8213389,21.0727396]]}},{"type":"Feature","properties":{"osm_id":597678812,"osm_type":"way","highway":"tertiary","lanes":"2","name":"Đường Yên Ngưu","surface":"asphalt"},"geometry":{"type":"LineString","coordinates":[[105.8410345,20.953938],[105.8413869,20.9537687],[105.8416875,20.9535763],[105.8419715,20.9533066],[105.8422618,20.9528563],[105.8423689,20.9524725],[105.8423815,20.9519679],[105.8423887,20.9515136],[105.8424587,20.9511378],[105.8425972,20.9507692],[105.8426955,20.9503759],[105.8430371,20.9493694],[105.843198,20.9487902],[105.8435484,20.9472354],[105.8436611,20.9466442],[105.8436351,20.9462847],[105.8434841,20.9458245],[105.8433124,20.9453485]]}},{"type":"Feature","properties":{"osm_id":961861922,"osm_type":"way","bicycle":"yes","cycleway":"no","foot":"yes","highway":"primary","lanes":"2","maxspeed":"60","name":"Đường Phan Trọng Tuệ","oneway":"no","ref":"ĐT.70","surface":"asphalt"},"geometry":{"type":"LineString","coordinates":[[105.8197373,20.9508465],[105.8201019,20.9506485],[105.8204358,20.9504736],[105.8210554,20.9501483],[105.8216673,20.9498245],[105.8222657,20.9495078],[105.8248393,20.9481419],[105.8255611,20.9477668],[105.8259993,20.9475349],[105.8263648,20.9473309],[105.8267543,20.9471438],[105.827379,20.9468357],[105.8278083,20.946619],[105.8280903,20.9464886]]}},{"type":"Feature","properties":{"osm_id":943577309,"osm_type":"way","highway":"primary","lanes":"3","lit":"yes","maxspeed":"60","name":"Phố Nguyễn Thế Rục","name:en":"Nguyen The Ruc Street","oneway":"yes","surface":"asphalt"},"geometry":{"type":"LineString","coordinates":[[105.8662408,21.0558952],[105.8664319,21.0555495],[105.867804,21.053067],[105.8681573,21.0524278],[105.8686199,21.0515909],[105.8689405,21.0510109],[105.869133,21.0506627],[105.8705152,21.0481618],[105.8707468,21.0477428],[105.8707953,21.047655]]}},{"type":"Feature","properties":{"osm_id":1240803877,"osm_type":"way","embankment":"yes","highway":"primary","name":"Đường Liên Mạc","name:en":"Lien Mac Road"},"geometry":{"type":"LineString","coordinates":[[105.7483627,21.0862174],[105.7490153,21.0861812],[105.7495277,21.086235],[105.7502999,21.086313],[105.7512309,21.086414],[105.7521626,21.086529],[105.7533672,21.0867493],[105.7544024,21.0869959],[105.7551502,21.0872598],[105.7558515,21.0875856],[105.7570338,21.0881403],[105.7574054,21.0882706]]}},{"type":"Feature","properties":{"osm_id":943577312,"osm_type":"way","highway":"primary","lanes":"3","lit":"yes","maxspeed":"60","name":"Phố Nguyễn Thế Rục","name:en":"Nguyen The Ruc Street","oneway":"yes","surface":"asphalt"},"geometry":{"type":"LineString","coordinates":[[105.8709176,21.047705],[105.870636,21.0482143],[105.8698,21.0497264],[105.8693407,21.0505571],[105.8691499,21.0509022],[105.8686271,21.0518477],[105.8681498,21.052711],[105.8679319,21.0531051],[105.8673558,21.054147],[105.8665494,21.0556055],[105.8663833,21.0559059]]}},{"type":"Feature","properties":{"osm_id":1113732184,"osm_type":"way","highway":"tertiary","lanes":"2","lit":"yes","name":"Phố Huỳnh Tấn Phát","name:en":"Huynh Tan Phat Street","oneway":"yes","sidewalk:left":"yes","sidewalk:right":"separate","surface":"asphalt"},"geometry":{"type":"LineString","coordinates":[[105.904213,21.023568],[105.9051016,21.025241],[105.9054111,21.025825],[105.9059314,21.0268052],[105.9062138,21.0273372],[105.906948,21.0287203],[105.9074968,21.0297322],[105.9080012,21.0306626],[105.9086307,21.0318235]]}},{"type":"Feature","properties":{"osm_id":1466377904,"osm_type":"way","highway":"tertiary","lanes":"2","lit":"yes","maxheight:signed":"no","name":"Đường Nam Đuống","name:en":"Nam Duong Road","oneway":"no","source":"AsiaGPS","surface":"asphalt"},"geometry":{"type":"LineString","coordinates":[[105.9061023,21.0762599],[105.9057338,21.0765656],[105.9053928,21.0766998],[105.9049549,21.0766897],[105.9043486,21.0766794],[105.9039926,21.0766603],[105.9035581,21.0766007],[105.9027922,21.0764806],[105.9023666,21.0764139],[105.9020006,21.0763708],[105.9013914,21.0765484],[105.9009066,21.0766904],[105.9005177,21.0767523],[105.9001521,21.0767523],[105.8990446,21.0766901],[105.8986098,21.0766486],[105.8976061,21.0764149],[105.8969925,21.0762983]]}},{"type":"Feature","properties":{"osm_id":687216053,"osm_type":"way","bicycle":"yes","foot":"yes","highway":"primary","lanes":"2","lit":"yes","name":"Đường Vạn Phúc","oneway":"yes","ref":"ĐT.70","surface":"asphalt"},"geometry":{"type":"LineString","coordinates":[[105.7767614,20.9759339],[105.7765196,20.9762633],[105.7763002,20.9765543],[105.7757985,20.9770863],[105.7751928,20.977702],[105.774884,20.9779769],[105.7745148,20.9782817],[105.77411,20.9784572],[105.773625,20.9786518],[105.773001,20.9790172],[105.7727062,20.9793138],[105.7724881,20.9796453],[105.7722515,20.9800477],[105.7720418,20.9803462],[105.771601,20.980958],[105.7712494,20.9814424],[105.7708747,20.9819737],[105.7705432,20.9824403],[105.7704357,20.9825917]]}},{"type":"Feature","properties":{"osm_id":220005743,"osm_type":"way","bicycle":"yes","foot":"yes","highway":"primary","lanes":"2","lit":"yes","name":"Đường Vạn Phúc","oneway":"yes","ref":"ĐT.70","surface":"asphalt"},"geometry":{"type":"LineString","coordinates":[[105.7703538,20.9825396],[105.7707951,20.9819242],[105.7711403,20.981449],[105.7713562,20.9811618],[105.7716994,20.9806896],[105.7719721,20.9803166],[105.7722086,20.9799782],[105.7724288,20.979617],[105.7727148,20.9792018],[105.7731407,20.9788405],[105.7734845,20.9786453],[105.7738755,20.9784755],[105.7744414,20.9782341],[105.7748358,20.9779171],[105.7750982,20.9776839],[105.7755624,20.9772103],[105.7760041,20.976748],[105.7762475,20.9764769],[105.7765953,20.9760014],[105.7766697,20.9758896]]}},{"type":"Feature","properties":{"osm_id":597549488,"osm_type":"way","highway":"tertiary","lane_markings":"no","lit":"yes","name":"Ngõ 448 Đường Hà Huy Tập","surface":"asphalt"},"geometry":{"type":"LineString","coordinates":[[105.9246134,21.0800527],[105.9244382,21.0804623],[105.9242696,21.0808412],[105.9244547,21.0813092],[105.924126,21.0816058],[105.9237467,21.0819386],[105.9230988,21.082553],[105.9226895,21.0829881],[105.9216664,21.0840277],[105.9213641,21.0843241],[105.920898,21.0848336],[105.9206574,21.0851142],[105.9203339,21.0854595],[105.9198755,21.0859153],[105.9193316,21.0864571],[105.9190527,21.0866899],[105.9188171,21.0869001]]}},{"type":"Feature","properties":{"osm_id":1473626701,"osm_type":"way","check_date":"2026-02-01","highway":"primary","lanes":"3","name":"Đường Vành đai 2.5","name:en":"Ring Road 2.5","oneway":"yes","opening_date":"2026-02-10","surface":"asphalt"},"geometry":{"type":"LineString","coordinates":[[105.8256471,20.9876126],[105.8259311,20.9873329],[105.8273507,20.9859353],[105.8277181,20.9855736],[105.828104,20.9851937],[105.8284169,20.9849024],[105.828755,20.9846556],[105.8291602,20.9843965],[105.8295495,20.9841814],[105.8298926,20.984016],[105.8303207,20.9838597],[105.8306877,20.9837577],[105.8312672,20.9836396],[105.8316737,20.9835771],[105.8321271,20.9835501],[105.8328416,20.9835442],[105.8332058,20.9835443],[105.8335179,20.9835469]]}},{"type":"Feature","properties":{"osm_id":705237597,"osm_type":"way","highway":"secondary","lanes":"2","name":"Phố Vũ Xuân Thiều","name:en":"Vu Xuan Thieu Street","name:vi":"Phố Vũ Xuân Thiều","oneway":"yes","oneway:bicycle":"no","oneway:bus":"no","oneway:mofa":"no","oneway:moped":"no","oneway:motorcycle":"no","surface":"asphalt"},"geometry":{"type":"LineString","coordinates":[[105.9205849,21.0363329],[105.9202509,21.036016],[105.9198176,21.0355399],[105.9193736,21.0350522],[105.9190944,21.0347454],[105.9187879,21.0344087],[105.9185027,21.0340953],[105.9179593,21.0337821],[105.9176095,21.0335856],[105.9168718,21.032951],[105.9163715,21.0325086],[105.9159628,21.0321652],[105.9155161,21.0317634],[105.9151842,21.0314657],[105.9148086,21.0311271],[105.9143752,21.0307503],[105.9138316,21.0302769],[105.913729,21.0301875]]}},{"type":"Feature","properties":{"osm_id":1355207330,"osm_type":"way","highway":"secondary","name":"Tây Thăng Long","oneway":"yes"},"geometry":{"type":"LineString","coordinates":[[105.7683775,21.0625252],[105.7677537,21.0626128],[105.767086,21.0627669],[105.7663821,21.0629987],[105.7659967,21.0631458],[105.7651699,21.0634676],[105.7637426,21.0640006],[105.7624005,21.0645037],[105.7618483,21.0647187],[105.7596799,21.065543]]}},{"type":"Feature","properties":{"osm_id":157665745,"osm_type":"way","highway":"secondary","lit":"yes","name":"Phố Nguyễn Trác","oneway":"yes","sidewalk":"right","surface":"asphalt"},"geometry":{"type":"LineString","coordinates":[[105.753242,20.9684544],[105.7531416,20.9680738],[105.7529658,20.9677646],[105.7526736,20.9672506],[105.7513412,20.9651749],[105.7510064,20.9647468],[105.7506701,20.9644417],[105.7503392,20.9641683],[105.7498457,20.9638178],[105.749004,20.9633368],[105.7482106,20.9629032],[105.7470887,20.9622822],[105.7469185,20.9621852]]}},{"type":"Feature","properties":{"osm_id":599166728,"osm_type":"way","highway":"tertiary","name":"Đường Quyết Thắng","smoothness":"excellent","surface":"asphalt"},"geometry":{"type":"LineString","coordinates":[[105.7563676,20.9558485],[105.7558818,20.9560242],[105.7554049,20.956184],[105.754396,20.9565222],[105.7539227,20.9567005],[105.7534641,20.9568596],[105.7531003,20.9569858],[105.7525904,20.9571615],[105.752023,20.9573569],[105.7511822,20.9576424],[105.7508209,20.9577651],[105.7504072,20.9579129],[105.7500614,20.9580236],[105.749494,20.9582216],[105.7482696,20.958649],[105.7477963,20.9587892],[105.7476936,20.9588548]]}},{"type":"Feature","properties":{"osm_id":1418808948,"osm_type":"way","highway":"tertiary","name":"Đường Thành Phố 5"},"geometry":{"type":"LineString","coordinates":[[105.853091,21.088943],[105.8548228,21.0903469],[105.8560085,21.0913082],[105.8575088,21.0925276],[105.8584744,21.0933072],[105.8593663,21.0940302],[105.8600165,21.0945562],[105.8602246,21.0947215]]}},{"type":"Feature","properties":{"osm_id":1473626702,"osm_type":"way","check_date":"2026-02-01","highway":"primary","lanes":"3","name":"Đường Vành đai 2.5","name:en":"Ring Road 2.5","oneway":"yes","opening_date":"2026-02-10","surface":"asphalt"},"geometry":{"type":"LineString","coordinates":[[105.8335137,20.9837258],[105.8327196,20.9837268],[105.8321331,20.9837302],[105.8316915,20.9837558],[105.8308797,20.9839017],[105.8303887,20.9840283],[105.8299727,20.98418],[105.8296574,20.9843322],[105.8292658,20.9845474],[105.8289065,20.9847768],[105.8285374,20.9850432],[105.8282327,20.9853279],[105.8270135,20.9865282],[105.8262976,20.9872321],[105.8257752,20.9877474]]}},{"type":"Feature","properties":{"osm_id":1420899384,"osm_type":"way","highway":"tertiary","name":"Đường Thành Phố 5.1"},"geometry":{"type":"LineString","coordinates":[[105.8620736,21.092644],[105.860402,21.0912832],[105.8594494,21.0905075],[105.8589983,21.0901428],[105.8581902,21.0894824],[105.8579092,21.0892536],[105.8552115,21.0870579],[105.8550013,21.0868868]]}},{"type":"Feature","properties":{"osm_id":966693600,"osm_type":"way","highway":"tertiary","lanes":"2","name":"Đường Đa Sỹ","surface":"asphalt"},"geometry":{"type":"LineString","coordinates":[[105.7897602,20.9583031],[105.7894101,20.9586637],[105.788956,20.9590676],[105.7885381,20.9593776],[105.7881351,20.9595925],[105.7877982,20.9598074],[105.7872766,20.9600711],[105.7867217,20.9604768],[105.7864778,20.9607633],[105.7861398,20.9611203],[105.78582,20.9614916],[105.785692,20.9618372],[105.7852798,20.9622553],[105.7849824,20.9624676],[105.7847612,20.9629542],[105.7846634,20.9633742],[105.7842248,20.963674],[105.7834858,20.9638642],[105.783082,20.9638945]]}},{"type":"Feature","properties":{"osm_id":1257108768,"osm_type":"way","highway":"secondary","lanes":"2","lit":"yes","name":"Đường Nguyễn Hoàng Tôn","name:en":"Nguyen Hoang Ton Road","surface":"asphalt"},"geometry":{"type":"LineString","coordinates":[[105.8000823,21.073816],[105.8008828,21.0734968],[105.802295,21.0729572],[105.8028112,21.0727445],[105.8037176,21.0723703],[105.8041588,21.0721866],[105.8046477,21.072021],[105.8057283,21.0716564],[105.8064658,21.0714071],[105.8068555,21.071261],[105.8076609,21.0709592],[105.8084953,21.0706256]]}},{"type":"Feature","properties":{"osm_id":85620768,"osm_type":"way","highway":"motorway","int_ref":"AH1","lanes":"3","lit":"yes","maxspeed":"80","maxspeed:lanes":"80|70|50","maxspeed:motorcar":"90","maxspeed:motorcycle":"50","motorcycle":"yes","name":"Quốc lộ 1","name:en":"National Route 1","note:vi":"Quốc lộ 1 là tên chính thức của con đường này, theo Quyết định số 1454/QĐ-TTg ngày 1 tháng 9 năm 2021 của Thủ tướng Chính phủ Việt Nam. Đề nghị không sửa tên thành \"Quốc lộ 1A\".","oneway":"yes","ref":"CT.01;CT.37;QL.1","source":"GPS;Mapbox","surface":"asphalt","wikidata":"Q1372266","wikipedia":"vi:Quốc lộ 1"},"geometry":{"type":"LineString","coordinates":[[105.9342667,21.035176],[105.9338731,21.0345884],[105.9334259,21.0339162],[105.93297,21.0331663],[105.932146,21.031686],[105.931235,21.0298797],[105.930745,21.0287708],[105.9300833,21.0272479]]}},{"type":"Feature","properties":{"osm_id":503892593,"osm_type":"way","alt_name":"Yên Xá","highway":"tertiary","lanes":"2","name":"Đường Thanh Liệt","oneway":"yes","surface":"asphalt"},"geometry":{"type":"LineString","coordinates":[[105.8174812,20.9668485],[105.8167672,20.9666171],[105.8162849,20.9664392],[105.8158413,20.9662797],[105.8152378,20.9660625],[105.8146817,20.9658339],[105.814234,20.9655623],[105.8138689,20.9652894],[105.8135154,20.9649692],[105.8131645,20.9644725],[105.812872,20.9639568],[105.8126825,20.9636242],[105.8124967,20.9633027],[105.8122421,20.9628634],[105.8119862,20.9624194],[105.8117537,20.9620129],[105.8114339,20.9614529],[105.8112118,20.961059]]}},{"type":"Feature","properties":{"osm_id":35972928,"osm_type":"way","embankment":"two_sided","highway":"primary","lane_markings":"no","lit":"yes","name":"Đường Long Biên – Xuân Quan","name:en":"Long Bien – Xuan Quan Road","name:vi":"Đường Long Biên – Xuân Quan","surface":"asphalt"},"geometry":{"type":"LineString","coordinates":[[105.9195679,20.9834329],[105.9197993,20.9814833],[105.9198648,20.9807871],[105.9198989,20.9804242],[105.9199331,20.9798874],[105.9199819,20.9793485],[105.9200137,20.9783705],[105.9200257,20.9779714],[105.9199966,20.9774466],[105.9199049,20.9766501],[105.9198579,20.9760885],[105.9198293,20.9756564],[105.919828,20.9751861],[105.919835,20.9747884],[105.9198419,20.9744998]]}},{"type":"Feature","properties":{"osm_id":62343779,"osm_type":"way","highway":"motorway","int_ref":"AH1","lanes":"3","lit":"yes","maxspeed":"80","maxspeed:lanes":"80|70|50","maxspeed:motorcar":"90","maxspeed:motorcycle":"50","motorcycle":"yes","name":"Quốc lộ 1","name:en":"National Route 1","note:vi":"Quốc lộ 1 là tên chính thức của con đường này, theo Quyết định số 1454/QĐ-TTg ngày 1 tháng 9 năm 2021 của Thủ tướng Chính phủ Việt Nam. Đề nghị không sửa tên thành \"Quốc lộ 1A\".","oneway":"yes","ref":"CT.01;CT.37;QL.1","source":"GPS;Mapbox","surface":"asphalt","wikidata":"Q1372266","wikipedia":"vi:Quốc lộ 1"},"geometry":{"type":"LineString","coordinates":[[105.9302894,21.0271689],[105.9309905,21.0286945],[105.9314762,21.0297924],[105.9323769,21.031577],[105.9331957,21.0330501],[105.9336049,21.0337222],[105.9340906,21.0344577],[105.9344843,21.0350452]]}},{"type":"Feature","properties":{"osm_id":397993967,"osm_type":"way","highway":"tertiary","lanes":"2","lit":"yes","maxspeed":"50","name":"Ngõ 553 Đường Giải Phóng","sidewalk":"separate","surface":"asphalt"},"geometry":{"type":"LineString","coordinates":[[105.8451603,20.9837654],[105.845118,20.9846582],[105.8449926,20.9856717],[105.8448418,20.9863434],[105.8444998,20.9871938],[105.8443433,20.9876364],[105.8438971,20.988484],[105.8437237,20.9888003],[105.8434769,20.9892717],[105.8432784,20.9896099],[105.8428235,20.9899647],[105.842418,20.990238],[105.8419975,20.9907405],[105.8417522,20.9910453],[105.8414486,20.9913032],[105.8412815,20.9913122]]}},{"type":"Feature","properties":{"osm_id":856460790,"osm_type":"way","bicycle":"no","bridge":"yes","foot":"no","highway":"trunk","horse":"no","lanes":"2","layer":"2","lit":"yes","maxspeed":"80","moped":"no","motor_vehicle":"yes","motorcar":"yes","motorcycle":"no","motorroad":"yes","name":"Đường Vành đai 2","name:en":"Ring Road 2","oneway":"yes","shoulder":"no","sidewalk":"no","surface":"asphalt"},"geometry":{"type":"LineString","coordinates":[[105.8267156,21.0014034],[105.8272801,21.001262],[105.8276691,21.0011392],[105.8284054,21.0008928],[105.8296718,21.0004365],[105.8301218,21.0002976],[105.8306965,21.0001429],[105.8326316,20.9996397],[105.833573,20.9994031],[105.8343606,20.9992484],[105.8352502,20.9991144]]}},{"type":"Feature","properties":{"osm_id":856460791,"osm_type":"way","bicycle":"no","bridge":"yes","foot":"no","highway":"trunk","horse":"no","lanes":"2","layer":"2","lit":"yes","maxspeed":"80","moped":"no","motor_vehicle":"yes","motorcar":"yes","motorcycle":"no","motorroad":"yes","name":"Đường Vành đai 2","name:en":"Ring Road 2","oneway":"yes","shoulder":"no","sidewalk":"no","surface":"asphalt"},"geometry":{"type":"LineString","coordinates":[[105.8352616,20.9992216],[105.8343537,20.9993467],[105.8335975,20.9994905],[105.8326588,20.9997179],[105.8306621,21.0002375],[105.830119,21.0003873],[105.8296672,21.000524],[105.8284248,21.0009664],[105.8274575,21.0012864],[105.8267372,21.001498]]}},{"type":"Feature","properties":{"osm_id":36727909,"osm_type":"way","highway":"tertiary","lane_markings":"no","lanes":"4","lanes:backward":"2","lanes:forward":"2","lit":"yes","name":"Phố Vũ Đức Thận","name:en":"Vu Duc Than Street","source":"AsiaGPS","surface":"asphalt"},"geometry":{"type":"LineString","coordinates":[[105.8901463,21.0576149],[105.8905718,21.0571801],[105.8907673,21.056887],[105.8910669,21.0564381],[105.8915407,21.0557281],[105.8917998,21.05534],[105.8923093,21.0545765],[105.8931136,21.0533712],[105.8937617,21.0524001],[105.8943519,21.0515156],[105.8945617,21.0512012],[105.8947652,21.0508963],[105.8949771,21.0505788],[105.8951382,21.0503374]]}},{"type":"Feature","properties":{"osm_id":207700254,"osm_type":"way","embankment":"yes","highway":"secondary","lanes":"2","lit":"yes","motor_vehicle:conditional":"no @ (Aug 29 21:30-23:59; Aug 30 00:00-13:30; Sep 1 17:00-23:59; Sep 2 00:00-16:00)","name":"Đường Hoàng Hoa Thám","name:en":"Hoang Hoa Tham Road","name:id":"Jalan Hoang Hoa Tham","name:ja":"ホアンホアタム通り","name:vi":"Đường Hoàng Hoa Thám","name:zh":"黄花探街","oneway":"yes","oneway:bicycle":"no","oneway:bus":"no","oneway:mofa":"no","oneway:moped":"no","oneway:motorcycle":"no","smoothness":"intermediate","surface":"asphalt"},"geometry":{"type":"LineString","coordinates":[[105.8202686,21.0420534],[105.8206364,21.0419617],[105.8209871,21.0418965],[105.8213679,21.0418564],[105.8218842,21.0417889],[105.8223476,21.0416487],[105.822984,21.0414073],[105.8233287,21.0412791],[105.8236447,21.0411256],[105.8242503,21.0409033],[105.82479,21.0407104],[105.8251606,21.0405711],[105.8255978,21.04041],[105.8259727,21.0402681],[105.8263521,21.0401225],[105.8267024,21.039983],[105.827103,21.0398126],[105.8274538,21.0396876],[105.8279734,21.0395642],[105.8284048,21.0395242],[105.8286655,21.0395817]]}},{"type":"Feature","properties":{"osm_id":598685154,"osm_type":"way","highway":"tertiary","lanes":"2","lit":"yes","name":"Đường Bờ Sông Sét","name:en":"Bo Song Set Road","oneway":"no","oneway:hgv":"yes","sidewalk":"separate","surface":"asphalt"},"geometry":{"type":"LineString","coordinates":[[105.8429345,20.9921094],[105.8432108,20.9913461],[105.8436156,20.9903507],[105.8437535,20.9899707],[105.8439454,20.989387],[105.8441842,20.9888185],[105.8444497,20.9882551],[105.8446721,20.9876195],[105.8449083,20.9870054],[105.8450961,20.9866148],[105.8452082,20.9862456],[105.8453078,20.9858739],[105.8454099,20.9851329],[105.8454535,20.9846726],[105.8455369,20.9839058],[105.8455729,20.983764]]}},{"type":"Feature","properties":{"osm_id":707378172,"osm_type":"way","highway":"primary","lanes":"3","lit":"yes","name":"Đường Dương Nội","oneway":"yes","surface":"asphalt"},"geometry":{"type":"LineString","coordinates":[[105.7500102,20.9708379],[105.7493831,20.9711973],[105.7490734,20.9714506],[105.7487907,20.9716804],[105.7484789,20.9720155],[105.7482625,20.9723754],[105.7480412,20.9728809],[105.7478596,20.9735442],[105.7476702,20.9744191],[105.7474767,20.9753324],[105.7472463,20.9763773],[105.7470652,20.9769242],[105.7468667,20.9773951],[105.7465985,20.977911],[105.7463255,20.9783246],[105.7462486,20.9784104]]}},{"type":"Feature","properties":{"osm_id":496970736,"osm_type":"way","highway":"tertiary","lanes":"2","maxspeed":"50","name":"Phố Tạ Đông Trung","name:en":"Ta Dong Trung Street","surface":"asphalt"},"geometry":{"type":"LineString","coordinates":[[105.8870887,21.0537712],[105.8875485,21.0535746],[105.8879046,21.0534008],[105.8883816,21.0531647],[105.8887615,21.0528899],[105.8891439,21.0526016],[105.8894063,21.0523553],[105.8896638,21.0521122],[105.8901251,21.0516532],[105.8902078,21.0512908],[105.8899268,21.0506879],[105.8897039,21.0502182],[105.8895337,21.0498417],[105.8893863,21.0495066],[105.8891318,21.0489586],[105.8888905,21.0484358],[105.8885451,21.0477165],[105.888328,21.0472763],[105.8882149,21.0470807]]}},{"type":"Feature","properties":{"osm_id":703462402,"osm_type":"way","highway":"tertiary","name":"Ngõ 192 Phố Lê Trọng Tấn","oneway":"no","surface":"asphalt","truck":"no"},"geometry":{"type":"LineString","coordinates":[[105.8257752,20.9877474],[105.8262226,20.9883394],[105.8273041,20.9895844],[105.8277678,20.9900925],[105.828012,20.9903797],[105.8282641,20.9909098],[105.8283624,20.9912526],[105.8284867,20.9915925],[105.8286288,20.9920376],[105.8287738,20.9924095],[105.8290772,20.9928102],[105.8294962,20.9930705],[105.829897,20.9933134],[105.8302624,20.9935421],[105.8307337,20.9938279],[105.8312474,20.9941054],[105.8313346,20.9941525]]}},{"type":"Feature","properties":{"osm_id":1194238831,"osm_type":"way","highway":"secondary","lanes":"4","maxspeed":"50","name":"Đường KĐT Đồng Tàu","name:en":"Dong Tau Urban Area Road","note":"Trên giấy tờ thì đường này chưa có tên","smoothness":"excellent","surface":"asphalt"},"geometry":{"type":"LineString","coordinates":[[105.8523147,20.9732238],[105.8528324,20.9738197],[105.8531864,20.974225],[105.8535336,20.9746197],[105.8538609,20.9749159],[105.8542415,20.9750594],[105.8554168,20.9753913],[105.8558636,20.9755068],[105.8562773,20.9756131],[105.8568874,20.9757699],[105.8582429,20.9761182],[105.8586021,20.9762106],[105.8592348,20.9763732],[105.859708,20.9764168],[105.8600949,20.9764197]]}},{"type":"Feature","properties":{"osm_id":288272504,"osm_type":"way","highway":"tertiary","name":"Đường Dương Hà","name:en":"Duong Ha Road"},"geometry":{"type":"LineString","coordinates":[[105.9404513,21.0788377],[105.9403403,21.0784097],[105.9395315,21.0782289],[105.9390381,21.0781688],[105.938598,21.0782736],[105.937962,21.0780071],[105.9375613,21.0778072],[105.937198,21.0776356],[105.9367818,21.0774751],[105.9362258,21.0772284],[105.9359151,21.0770077],[105.9354951,21.076796],[105.9345201,21.0765196],[105.9340508,21.0763884],[105.9336198,21.0762964],[105.9331982,21.0763631],[105.9328044,21.0763343],[105.9325781,21.0762024]]}},{"type":"Feature","properties":{"osm_id":670059104,"osm_type":"way","highway":"secondary","lanes":"3","lit":"yes","name":"Phố Nguyễn Trác","oneway":"yes","sidewalk":"separate","surface":"asphalt"},"geometry":{"type":"LineString","coordinates":[[105.7475381,20.9623926],[105.7482753,20.9628054],[105.7486721,20.9630255],[105.7490707,20.9632441],[105.7499245,20.9637107],[105.7506901,20.9642468],[105.7510539,20.9646056],[105.7513368,20.9649902],[105.7516397,20.965432],[105.7521634,20.9662102],[105.7527844,20.9671964],[105.7533113,20.9679884],[105.7536845,20.9682395]]}},{"type":"Feature","properties":{"osm_id":335347842,"osm_type":"way","highway":"tertiary","lane_markings":"no","name":"Đường Trại Gà","smoothness":"intermediate","surface":"concrete"},"geometry":{"type":"LineString","coordinates":[[105.76478,21.0594339],[105.7640921,21.0596875],[105.7635261,21.0598892],[105.7629078,21.0603159],[105.7613577,21.061509],[105.7613207,21.0622476],[105.7612877,21.06286],[105.7613101,21.0633668],[105.7612224,21.0638989],[105.7609079,21.0642128],[105.7596272,21.0654404]]}},{"type":"Feature","properties":{"osm_id":1239575056,"osm_type":"way","contributor":"GIS_OTS","hgv":"yes","highway":"tertiary","name":"Phố Viên","uuid":"83525aa7-b14d-4810-8f54-79e1e8467ccc"},"geometry":{"type":"LineString","coordinates":[[105.7627506,21.0716553],[105.7637231,21.0715621],[105.7642672,21.0715438],[105.7650067,21.0715146],[105.7686788,21.0715284],[105.7699175,21.0715376],[105.7703274,21.0715361],[105.770678,21.0715337],[105.7714031,21.0715253]]}},{"type":"Feature","properties":{"osm_id":28378551,"osm_type":"way","highway":"tertiary","lane_markings":"no","name":"Phố Quảng An","name:ja":"クアンアン通り","surface":"asphalt"},"geometry":{"type":"LineString","coordinates":[[105.8293449,21.0627201],[105.8289853,21.0624189],[105.8284153,21.0615752],[105.8280622,21.0612045],[105.8277671,21.0609914],[105.8272557,21.0604955],[105.8269629,21.060091],[105.8257488,21.0588789],[105.8254737,21.0585924],[105.8252195,21.0581989],[105.824711,21.0578284],[105.8236547,21.0572862],[105.8230532,21.0569821]]}},{"type":"Feature","properties":{"osm_id":1094428080,"osm_type":"way","highway":"primary","lanes":"2","lit":"yes","name":"Đường Phạm Văn Đồng","name:en":"Pham Van Dong Road","name:vi":"Đường Phạm Văn Đồng","oneway":"yes","surface":"asphalt"},"geometry":{"type":"LineString","coordinates":[[105.7829394,21.0590067],[105.7823433,21.05665],[105.78219,21.0560483],[105.7819932,21.0551879],[105.781839,21.0543719],[105.7817489,21.0536993],[105.7816826,21.0530283],[105.7816278,21.0523622],[105.7815797,21.0516847],[105.7814974,21.0505196]]}},{"type":"Feature","properties":{"osm_id":399880479,"osm_type":"way","highway":"tertiary","lanes":"2","name":"Phố Cầu Bây","name:en":"Cau Bay Street","surface":"asphalt"},"geometry":{"type":"LineString","coordinates":[[105.9233987,21.0272297],[105.9233615,21.0275909],[105.9232174,21.0279628],[105.9229877,21.0283323],[105.9223564,21.0291275],[105.9214848,21.0302227],[105.9211904,21.0305366],[105.9208475,21.0308717],[105.9203031,21.0313639],[105.9199354,21.0316867],[105.9196166,21.0319719],[105.9193688,21.0322516],[105.918749,21.0330098],[105.9179593,21.0337821]]}},{"type":"Feature","properties":{"osm_id":601883834,"osm_type":"way","highway":"secondary","lanes":"2","lit":"yes","maxspeed":"60","name":"Đường Lê Trần Cẩn","name:en":"Le Tran Can Road","oneway":"yes","sidewalk":"both","surface":"asphalt"},"geometry":{"type":"LineString","coordinates":[[105.9415053,20.9871968],[105.9410181,20.9877218],[105.9407174,20.9881237],[105.9379065,20.9912302],[105.9376045,20.9915516],[105.9357893,20.9935272],[105.9357253,20.9935975]]}},{"type":"Feature","properties":{"osm_id":768069171,"osm_type":"way","highway":"tertiary","lanes":"2","layer":"1","lit":"yes","maxspeed":"50","name":"Đường Song Hành Cao Tốc Pháp Vân - Cầu Giẽ","surface":"asphalt"},"geometry":{"type":"LineString","coordinates":[[105.8497963,20.961221],[105.8502249,20.9611791],[105.8505768,20.9608542],[105.850664,20.9603871],[105.850495,20.9600477],[105.850191,20.9598658],[105.8498013,20.9596638],[105.849594,20.9592746],[105.8498631,20.9582056],[105.8499802,20.9578675],[105.8501406,20.9574649],[105.8503976,20.9568814],[105.8506143,20.956454],[105.8509392,20.9559323],[105.851157,20.9556299],[105.8514168,20.95526],[105.8516255,20.9549552],[105.8520393,20.9543103]]}},{"type":"Feature","properties":{"osm_id":494991793,"osm_type":"way","highway":"tertiary","lanes":"4","maxspeed":"50","name":"Phố Vũ Đức Úy","surface":"asphalt"},"geometry":{"type":"LineString","coordinates":[[105.7990632,20.9772009],[105.7995504,20.9772303],[105.8001525,20.9773152],[105.8006112,20.9773303],[105.8010537,20.9772876],[105.8016105,20.9772144],[105.8020245,20.9771612],[105.8024718,20.9771199],[105.8032424,20.9770572],[105.8036231,20.9770625],[105.8041736,20.9771442],[105.80488,20.9774015],[105.8052093,20.9775702],[105.8055602,20.977767],[105.8059568,20.9780328],[105.8063992,20.9783768],[105.8070725,20.9789144]]}},{"type":"Feature","properties":{"osm_id":570582403,"osm_type":"way","bicycle":"yes","cycleway":"no","foot":"yes","highway":"secondary","lanes":"2","lit":"yes","name":"Đường Kim Giang","name:en":"Kim Giang Road","oneway":"no","source":"grab_hanoi_2018_t5","surface":"asphalt"},"geometry":{"type":"LineString","coordinates":[[105.8190109,20.9800001],[105.8185182,20.9802569],[105.8182027,20.9805031],[105.8178817,20.9807277],[105.8174975,20.9810134],[105.8170646,20.9813299],[105.8167411,20.9816032],[105.8162045,20.9821348],[105.8159158,20.9824327],[105.8155111,20.9828815],[105.8152147,20.9832502],[105.814841,20.9838161],[105.8146329,20.9841853],[105.8144194,20.9845748],[105.8141889,20.9849638],[105.814007,20.9852867],[105.8137902,20.9856473],[105.8135822,20.9859799],[105.8134625,20.9862914]]}},{"type":"Feature","properties":{"osm_id":703491087,"osm_type":"way","highway":"secondary","lanes":"2","lit":"yes","name":"Phố Đào Đình Luyện","name:en":"Dao Dinh Luyen Street","oneway":"yes","surface":"asphalt"},"geometry":{"type":"LineString","coordinates":[[105.9069271,21.0524424],[105.9063361,21.0521455],[105.9059542,21.0519537],[105.9053853,21.051668],[105.9044148,21.0511805],[105.9037314,21.0508373],[105.9033648,21.0506531],[105.901183,21.0495573],[105.9006767,21.0492931],[105.8994729,21.0486161],[105.8993289,21.0485351]]}},{"type":"Feature","properties":{"osm_id":336489144,"osm_type":"way","bridge":"yes","highway":"motorway","int_ref":"AH1","lanes":"3","layer":"2","lit":"yes","maxspeed":"90","maxspeed:motorcar":"90","maxspeed:motorcycle":"70","motorcycle":"yes","name":"Cầu Phù Đổng","name:en":"Phu Dong Bridge","note:vi":"Quốc lộ 1 là tên chính thức của con đường này, theo Quyết định số 1454/QĐ-TTg ngày 1 tháng 9 năm 2021 của Thủ tướng Chính phủ Việt Nam. Đề nghị không sửa tên thành \"Quốc lộ 1A\".","oneway":"yes","ref":"CT.01;CT.37;QL.1","source":"GPS;Mapbox","surface":"asphalt","wikidata":"Q10771234","wikipedia":"vi:Cầu Phù Đổng"},"geometry":{"type":"LineString","coordinates":[[105.9368823,21.0382639],[105.9419508,21.0451315]]}},{"type":"Feature","properties":{"osm_id":85620799,"osm_type":"way","bridge":"yes","highway":"motorway","int_ref":"AH1","lanes":"3","layer":"2","lit":"yes","maxspeed":"90","maxspeed:motorcar":"90","maxspeed:motorcycle":"70","motorcycle":"yes","name":"Cầu Phù Đổng","name:en":"Phu Dong Bridge","note:vi":"Quốc lộ 1 là tên chính thức của con đường này, theo Quyết định số 1454/QĐ-TTg ngày 1 tháng 9 năm 2021 của Thủ tướng Chính phủ Việt Nam. Đề nghị không sửa tên thành \"Quốc lộ 1A\".","oneway":"yes","ref":"CT.01;CT.37;QL.1","source":"GPS;Mapbox","surface":"asphalt","wikidata":"Q10771234","wikipedia":"vi:Cầu Phù Đổng"},"geometry":{"type":"LineString","coordinates":[[105.9417127,21.0452887],[105.9366443,21.0384211]]}},{"type":"Feature","properties":{"osm_id":497320146,"osm_type":"way","highway":"tertiary","lanes":"2","name":"Đường Phúc Lợi","name:en":"Phuc Loi Road","surface":"asphalt"},"geometry":{"type":"LineString","coordinates":[[105.9142519,21.0587075],[105.9147706,21.0585118],[105.9158633,21.0581014],[105.9161769,21.0579295],[105.9167162,21.0573592],[105.9169651,21.0571097],[105.917218,21.0568571],[105.9176821,21.0563872],[105.9181793,21.0558708],[105.9186833,21.055345],[105.9191265,21.0548826],[105.9193432,21.0545093],[105.9195288,21.0541848],[105.919983,21.0534394],[105.9202548,21.0529814]]}},{"type":"Feature","properties":{"osm_id":702813310,"osm_type":"way","highway":"primary","lanes":"4","lit":"yes","maxspeed":"60","name":"Đường Nguyễn Xiển","name:en":"Nguyen Xien Road","oneway":"yes","surface":"asphalt"},"geometry":{"type":"LineString","coordinates":[[105.8125827,20.9791913],[105.8123448,20.9795096],[105.8116879,20.980401],[105.810973,20.9813606],[105.8105636,20.9819115],[105.8102017,20.9824011],[105.8095975,20.9832275],[105.8080449,20.9853552],[105.8075359,20.9860404]]}},{"type":"Feature","properties":{"osm_id":554579531,"osm_type":"way","highway":"tertiary","lane_markings":"no","lit":"yes","motorcar:conditional":"no @ (Jan 17 17:30-23:59; Jan 18 16:30-23:59)","name":"Phố Vệ Hồ","oneway":"no","surface":"asphalt"},"geometry":{"type":"LineString","coordinates":[[105.8123599,21.0688327],[105.8122461,21.068362],[105.8119869,21.0677921],[105.8116724,21.0675572],[105.811406,21.0670372],[105.8113405,21.0665876],[105.8113385,21.0661596],[105.811079,21.0658655],[105.8108379,21.0655205],[105.8108022,21.0649311],[105.8104198,21.0639588],[105.81008,21.063344],[105.8100986,21.0627869],[105.809984,21.0619233],[105.8095874,21.0614529],[105.8093435,21.0612735]]}},{"type":"Feature","properties":{"osm_id":148202944,"osm_type":"way","embankment":"yes","highway":"primary","lanes":"2","lit":"yes","name":"Đường Âu Cơ","name:en":"Au Co Road","name:ja":"アウコー通り","note":"'embankment' tag is suitable. Do not remove !","oneway":"yes","surface":"asphalt"},"geometry":{"type":"LineString","coordinates":[[105.8221599,21.0757122],[105.8224346,21.0754737],[105.8227367,21.0752299],[105.8231124,21.0749431],[105.8238531,21.0743573],[105.8245472,21.0738294],[105.8249706,21.0734963],[105.8252661,21.0732098],[105.8255294,21.0728528],[105.8257415,21.072472],[105.8258824,21.0721363],[105.8259687,21.0717136],[105.8260016,21.0713501],[105.8260165,21.0705868],[105.8260872,21.0689416]]}},{"type":"Feature","properties":{"osm_id":892912620,"osm_type":"way","alt_name":"Quốc lộ 5B","alt_name:en":"National Highway 5B","alt_ref":"QL.5B","embankment":"yes","highway":"motorway","lanes":"3","lit":"no","maxspeed":"120","moped":"no","motorcycle":"no","name":"Đường cao tốc Hà Nội – Hải Phòng","name:en":"Hanoi – Haiphong Expressway","oneway":"yes","ref":"CT.04","surface":"asphalt"},"geometry":{"type":"LineString","coordinates":[[105.9200703,21.0098393],[105.9203615,21.0095738],[105.922074,21.007716],[105.9229769,21.0067379],[105.9257772,21.0036253]]}},{"type":"Feature","properties":{"osm_id":208359483,"osm_type":"way","highway":"primary","lanes":"3","lit":"yes","name":"Phố Trần Danh Tuyên","name:en":"Tran Danh Tuyen Street","oneway":"yes","surface":"asphalt"},"geometry":{"type":"LineString","coordinates":[[105.9210565,21.0368282],[105.9200835,21.037401],[105.9192586,21.0378889],[105.9170774,21.0391412],[105.9163254,21.0395869],[105.9137574,21.0410617]]}},{"type":"Feature","properties":{"osm_id":892912621,"osm_type":"way","alt_name":"Quốc lộ 5B","alt_name:en":"National Highway 5B","alt_ref":"QL.5B","embankment":"yes","highway":"motorway","lanes":"3","lit":"no","maxspeed":"120","name":"Đường cao tốc Hà Nội – Hải Phòng","name:en":"Hanoi – Haiphong Expressway","oneway":"yes","ref":"CT.04","surface":"asphalt"},"geometry":{"type":"LineString","coordinates":[[105.9259529,21.0037685],[105.9250059,21.0047954],[105.9204892,21.0096386],[105.9202249,21.0099451]]}},{"type":"Feature","properties":{"osm_id":1174919429,"osm_type":"way","highway":"secondary","lanes":"2","name":"Đường Yên Thường","name:en":"Yen Thuong Road","surface":"asphalt"},"geometry":{"type":"LineString","coordinates":[[105.9054569,21.0905245],[105.9059608,21.0908867],[105.9064114,21.0911119],[105.9068044,21.0912816],[105.9074079,21.0915057],[105.907879,21.0916698],[105.9082132,21.0918058],[105.9085706,21.0919528],[105.9091097,21.092233],[105.9096301,21.0926209],[105.9099305,21.0928887],[105.9103274,21.0932741],[105.910821,21.0934618],[105.911226,21.0936895],[105.9115532,21.0938847],[105.9123659,21.0943702],[105.9127304,21.0946048]]}},{"type":"Feature","properties":{"osm_id":602320182,"osm_type":"way","alt_name":"Đông Dư - Dương Xá","highway":"primary","lanes":"2","lit":"yes","maxspeed":"60","name":"Đường Lý Thánh Tông","name:en":"Ly Thanh Tong Road","oneway":"yes","sidewalk":"right","sidewalk:right:surface":"paving_stones","surface":"asphalt"},"geometry":{"type":"LineString","coordinates":[[105.9538724,21.0098521],[105.9535808,21.0094837],[105.9532975,21.0091034],[105.952979,21.0087186],[105.9526652,21.0083733],[105.9523207,21.008026],[105.9519729,21.0077157],[105.9516966,21.0074887],[105.9513568,21.0072263],[105.9509601,21.0069489],[105.9505716,21.006708],[105.9499738,21.0063691],[105.9495837,21.0061502],[105.9483194,21.0054408],[105.9476581,21.0050697],[105.9472761,21.0048554]]}},{"type":"Feature","properties":{"osm_id":961664413,"osm_type":"way","foot":"yes","highway":"tertiary","lanes":"2","name":"Đường Phúc Lợi","name:en":"Phuc Loi Road","surface":"asphalt"},"geometry":{"type":"LineString","coordinates":[[105.9262051,21.0417856],[105.9266066,21.0413078],[105.9268918,21.0409683],[105.9272535,21.0405379],[105.9278492,21.0400984],[105.9284241,21.0396741],[105.9287916,21.0393749],[105.9291028,21.0390978],[105.9293931,21.0388392],[105.9301031,21.0382068],[105.9304529,21.0378952],[105.9307626,21.0376194],[105.9310569,21.0373572],[105.9317367,21.0367517],[105.9323837,21.0361754]]}},{"type":"Feature","properties":{"osm_id":136266032,"osm_type":"way","highway":"secondary","lanes":"2","lit":"yes","name":"Phố Đào Văn Tập","name:en":"Dao Van Tap Street","oneway":"yes","surface":"asphalt"},"geometry":{"type":"LineString","coordinates":[[105.9145492,21.0562707],[105.9141825,21.0560866],[105.9099133,21.0539423],[105.9073626,21.0526611],[105.9070779,21.0525181]]}},{"type":"Feature","properties":{"osm_id":602362875,"osm_type":"way","highway":"secondary","lanes":"2","lit":"yes","name":"Phố Đào Văn Tập","name:en":"Dao Van Tap Street","oneway":"yes","surface":"asphalt"},"geometry":{"type":"LineString","coordinates":[[105.9071256,21.052435],[105.9126123,21.0551909],[105.914039,21.0559075],[105.9144309,21.0561043],[105.9145895,21.0561839]]}},{"type":"Feature","properties":{"osm_id":11006496,"osm_type":"way","highway":"primary","lanes":"2","lit":"yes","name":"Phố Minh Khai","name:en":"Minh Khai Street","oneway":"yes","surface":"asphalt"},"geometry":{"type":"LineString","coordinates":[[105.8521108,20.9955999],[105.852836,20.9955208],[105.8533,20.9954739],[105.8537491,20.9954254],[105.8541336,20.9953839],[105.8545222,20.9953387],[105.8550284,20.9952832],[105.855552,20.9952212],[105.8560409,20.9951668],[105.856602,20.9951104],[105.8569552,20.9950797],[105.8574026,20.9950519],[105.8579603,20.9950589],[105.8586931,20.9951459],[105.8591785,20.9952349],[105.859547,20.995318],[105.8600535,20.9954582],[105.8603743,20.9955514]]}},{"type":"Feature","properties":{"osm_id":846338221,"osm_type":"way","alt_name":"Đông Dư - Dương Xá","highway":"primary","lanes":"2","lit":"yes","maxspeed":"40","name":"Đường Lý Thánh Tông","name:en":"Ly Thanh Tong Road","oneway":"yes","sidewalk":"right","sidewalk:right:surface":"paving_stones","surface":"asphalt"},"geometry":{"type":"LineString","coordinates":[[105.9474623,21.0047784],[105.9484514,21.0053334],[105.9498055,21.0060933],[105.9504974,21.0064815],[105.9508383,21.0066803],[105.9512077,21.0069227],[105.9515675,21.0071765],[105.9519411,21.0074706],[105.9522654,21.007746],[105.952633,21.0080985],[105.9529697,21.0084514],[105.9532116,21.0087276],[105.9535923,21.0092102],[105.9538725,21.0095719],[105.9540171,21.0097539]]}},{"type":"Feature","properties":{"osm_id":1323347416,"osm_type":"way","embankment":"yes","highway":"primary","lanes":"2","lit":"yes","name":"Đường Âu Cơ","name:en":"Au Co Road","name:ja":"アウコー通り","note":"'embankment' tag is suitable. Do not remove !","oneway":"yes","surface":"asphalt"},"geometry":{"type":"LineString","coordinates":[[105.8321806,21.0628195],[105.8319917,21.0633446],[105.8318781,21.0637071],[105.8317172,21.0640647],[105.8314611,21.0643433],[105.8311125,21.0645371],[105.8306706,21.0646654],[105.8301764,21.0647125],[105.8297268,21.0647292],[105.8293146,21.0647859],[105.8285286,21.0656669],[105.8279312,21.0663971],[105.827641,21.0667558],[105.8272997,21.0671643],[105.8270516,21.0674763],[105.8265386,21.0681352]]}},{"type":"Feature","properties":{"osm_id":408828701,"osm_type":"way","highway":"tertiary","lanes":"2","lit":"yes","name":"Phố Hoàng Ngân","name:en":"Hoang Ngan Street","source":"grab_hanoi_2018_t2","surface":"asphalt"},"geometry":{"type":"LineString","coordinates":[[105.8014435,21.0084068],[105.8019615,21.0088848],[105.8024543,21.0093338],[105.8031344,21.0099913],[105.803813,21.0099824],[105.8044753,21.0099777],[105.8048348,21.0099822],[105.8056276,21.0099966],[105.8060269,21.0097557],[105.8063863,21.0095265],[105.8069153,21.009187],[105.8073052,21.0089365],[105.8077069,21.0086629],[105.8080052,21.008466],[105.808345,21.008239],[105.8085143,21.0080851]]}},{"type":"Feature","properties":{"osm_id":477077960,"osm_type":"way","bus":"no","destination":"Bưởi;Cầu Giấy","hgv":"no","highway":"secondary","lanes":"2","lit":"yes","name":"Đường Lạc Long Quân","name:en":"Lac Long Quan Road","oneway":"yes","surface":"asphalt"},"geometry":{"type":"LineString","coordinates":[[105.8114277,21.0692303],[105.8113644,21.0688805],[105.81121,21.0683133],[105.8110999,21.0678628],[105.8109404,21.0672305],[105.8107506,21.06682],[105.8105369,21.066372],[105.8103308,21.0659451],[105.8101052,21.0654731],[105.8099438,21.0650341],[105.8097696,21.0645076],[105.8094354,21.0635116],[105.8091093,21.0623982],[105.8090959,21.0619147],[105.8091037,21.0613716]]}},{"type":"Feature","properties":{"osm_id":892945802,"osm_type":"way","highway":"tertiary","lanes":"2","lit":"yes","name":"Đường Nghi Tàm","name:en":"Nghi Tam Road","surface":"asphalt"},"geometry":{"type":"LineString","coordinates":[[105.8355762,21.0574991],[105.8357742,21.0571366],[105.8359815,21.0567613],[105.8363101,21.0561823],[105.8368274,21.0552363],[105.8378065,21.0534904],[105.8380946,21.0530266],[105.8388911,21.0521524],[105.8395024,21.0515868],[105.839882,21.0512314],[105.8402538,21.0508056]]}},{"type":"Feature","properties":{"osm_id":208359480,"osm_type":"way","highway":"tertiary","lanes":"2","lit":"yes","maxspeed":"30","name":"Phố Đinh Đức Thiện","name:en":"Dinh Duc Thien Street","oneway":"yes","surface":"asphalt"},"geometry":{"type":"LineString","coordinates":[[105.9201569,21.0464011],[105.9188946,21.0457668],[105.9176825,21.0451763],[105.9153506,21.0440129],[105.9150287,21.0438504],[105.91356,21.0431018],[105.912932,21.0427956],[105.9128074,21.0427352]]}},{"type":"Feature","properties":{"osm_id":691593541,"osm_type":"way","highway":"secondary","lanes":"2","lit":"yes","name":"Đường Lạc Long Quân","name:en":"Lac Long Quan Road","oneway":"yes","smoothness":"good","surface":"asphalt"},"geometry":{"type":"LineString","coordinates":[[105.8092227,21.0613866],[105.8092166,21.0619064],[105.8092297,21.0623788],[105.8093369,21.0627449],[105.8095329,21.0633221],[105.8099343,21.0646152],[105.8101358,21.0651792],[105.8104568,21.0658955],[105.8106499,21.0663307],[105.8110384,21.0671506],[105.8111404,21.067521],[105.8113275,21.0682954],[105.811453,21.068834],[105.8115505,21.0691895]]}},{"type":"Feature","properties":{"osm_id":232726821,"osm_type":"way","alt_name":"Đường tỉnh 295B","alt_name:en":"Provincial Road 295B","highway":"primary","lanes":"2","lit":"yes","loc_name":"Quốc lộ 1A cũ","maxheight":"4.75","name":"Đường Đặng Phúc Thông","name:en":"Dang Phuc Thong Road","ref":"ĐT.295B","surface":"asphalt"},"geometry":{"type":"LineString","coordinates":[[105.9284785,21.096867],[105.9288734,21.0971926],[105.9295558,21.0977716],[105.9305542,21.0986188],[105.930838,21.0988605],[105.9314087,21.0993466],[105.9317006,21.099594],[105.9327771,21.1005131],[105.9333225,21.1009787],[105.9336492,21.1012577],[105.9347426,21.1021383]]}},{"type":"Feature","properties":{"osm_id":573038812,"osm_type":"way","highway":"tertiary","lit":"yes","motorcycle":"yes","name":"Đường An Dương Vương","name:en":"An Duong Vuong Road","surface":"concrete"},"geometry":{"type":"LineString","coordinates":[[105.809673,21.0898412],[105.8100281,21.0898884],[105.810418,21.0899446],[105.8108288,21.0899862],[105.8112507,21.0898964],[105.8119161,21.0897638],[105.8124618,21.0896675],[105.8128405,21.0894715],[105.8130866,21.0891649],[105.8133918,21.0888138],[105.8136948,21.0886081],[105.8140228,21.088466],[105.8144318,21.0882796],[105.8147401,21.08782],[105.8149539,21.0874284],[105.8151996,21.0871466],[105.8155204,21.0868998],[105.8158627,21.0864434],[105.8160112,21.0859298]]}},{"type":"Feature","properties":{"osm_id":1456913303,"osm_type":"way","access":"yes","bicycle":"no","bridge":"viaduct","highway":"motorway","lanes":"2","layer":"2","lit":"yes","maxspeed":"80","motorcar":"yes","motorcycle":"no","name":"Đường cao tốc Vành đai 3 TP. Hà Nội","name:en":"Ring Road 3 Expressway (Hanoi)","oneway":"yes","ref":"CT.37","surface":"asphalt"},"geometry":{"type":"LineString","coordinates":[[105.8437919,20.9656642],[105.8456877,20.9656568],[105.8494205,20.9656868],[105.8504302,20.9656506],[105.8513416,20.9655718],[105.8519435,20.96548]]}},{"type":"Feature","properties":{"osm_id":399856728,"osm_type":"way","highway":"tertiary","lanes":"2","lit":"yes","name":"Phố Mai Phúc","name:en":"Mai Phuc Street","surface":"asphalt"},"geometry":{"type":"LineString","coordinates":[[105.8985775,21.038429],[105.8990652,21.0389103],[105.899884,21.0397395],[105.9003059,21.04014],[105.9005619,21.0404003],[105.9007894,21.0406688],[105.9010511,21.0409444],[105.9013569,21.0413879],[105.9018865,21.0419547],[105.9023087,21.0424296],[105.9027854,21.0429751],[105.903217,21.0434716],[105.9034967,21.0437932],[105.9038967,21.0442535],[105.9040375,21.0444155]]}},{"type":"Feature","properties":{"osm_id":709686352,"osm_type":"way","highway":"tertiary","name":"Khu An Phú Shop Villa","surface":"asphalt"},"geometry":{"type":"LineString","coordinates":[[105.7530202,20.9796404],[105.7523392,20.9817687],[105.7519752,20.9829585],[105.7517925,20.9833655],[105.7515111,20.983796],[105.7509663,20.984431],[105.7507086,20.9847145],[105.7500195,20.9854728],[105.7493945,20.9861604],[105.7490755,20.9865115]]}},{"type":"Feature","properties":{"osm_id":941188184,"osm_type":"way","highway":"tertiary","lanes":"2","lit":"yes","name":"Phố Hồng Đô","smoothness":"good","surface":"asphalt"},"geometry":{"type":"LineString","coordinates":[[105.7615731,21.0114551],[105.7633041,21.0126151],[105.7640841,21.0131355],[105.7644344,21.0133717],[105.7652084,21.0139106],[105.7656577,21.014207],[105.766003,21.0143618],[105.7664152,21.0144563],[105.7681507,21.0147398],[105.7686946,21.0149199]]}},{"type":"Feature","properties":{"osm_id":1297706791,"osm_type":"way","highway":"secondary","lanes":"3","lit":"yes","name":"Phố Bạch Thành Phong","oneway":"yes","surface":"asphalt"},"geometry":{"type":"LineString","coordinates":[[105.7701719,20.9954313],[105.7705128,20.9958866],[105.7708542,20.9964566],[105.771095,20.9968712],[105.7714012,20.9974315],[105.7716567,20.9978645],[105.7718762,20.9982836],[105.7720596,20.9987404],[105.7722627,20.99947],[105.7728135,21.0016934],[105.7729882,21.0020637],[105.773252,21.0025012],[105.7733627,21.0027477]]}},{"type":"Feature","properties":{"osm_id":965643854,"osm_type":"way","embankment":"yes","highway":"trunk","lanes":"2","name":"Quốc lộ 3","ref":"QL.3","surface":"asphalt"},"geometry":{"type":"LineString","coordinates":[[105.9046321,21.0815322],[105.9041888,21.0818505],[105.9038184,21.082147],[105.9035193,21.0826925],[105.9035166,21.0832546],[105.9035459,21.0837217],[105.9035758,21.0849836],[105.9035992,21.0853985],[105.9036337,21.0860123],[105.9036185,21.0863714],[105.9035251,21.0867741],[105.9034085,21.0871118],[105.9031189,21.0876597],[105.90286,21.0879744],[105.9022742,21.088475],[105.9021438,21.0885724]]}},{"type":"Feature","properties":{"osm_id":602329509,"osm_type":"way","highway":"tertiary","lanes":"2","lit":"yes","maxspeed":"30","name":"Phố Đinh Đức Thiện","name:en":"Dinh Duc Thien Street","oneway":"yes","surface":"asphalt"},"geometry":{"type":"LineString","coordinates":[[105.9128542,21.0426387],[105.9133986,21.0429111],[105.9149361,21.0436822],[105.9152701,21.0438492],[105.9174397,21.0449452],[105.9187272,21.0455787],[105.9197555,21.0460913],[105.9200519,21.0462276]]}},{"type":"Feature","properties":{"osm_id":684108769,"osm_type":"way","cycleway":"shared_lane","highway":"tertiary","horse":"no","lanes":"4","lanes:backward":"2","lanes:forward":"2","name":"Phố Dương Văn Bé","name:en":"Duong Van Be Street","surface":"asphalt","turn:lanes:backward":"left;through|through;right"},"geometry":{"type":"LineString","coordinates":[[105.8736912,20.9927433],[105.8738189,20.9932443],[105.8739605,20.99416],[105.8740157,20.9945381],[105.8740541,20.9951104],[105.8740344,20.9956811],[105.8739765,20.9961831],[105.8739017,20.9967105],[105.8738369,20.9971086],[105.873747,20.9976384],[105.8734279,20.9984023],[105.8731279,20.9989829],[105.8728673,20.9993703],[105.8725687,20.9998142],[105.8721276,21.0000976],[105.8720653,21.0001479]]}},{"type":"Feature","properties":{"osm_id":943964879,"osm_type":"way","highway":"trunk","int_ref":"AH14","lanes":"3","lit":"yes","name":"Đường Nguyễn Đức Thuận","name:en":"Nguyen Duc Thuan Road","oneway":"yes","ref":"QL.5","source":"Yahoo","surface":"asphalt"},"geometry":{"type":"LineString","coordinates":[[105.9304201,21.0241108],[105.9350409,21.022286],[105.9369053,21.0214791],[105.9378475,21.0210507]]}},{"type":"Feature","properties":{"osm_id":599543418,"osm_type":"way","highway":"tertiary","lanes":"2","name":"Đường Bạch Đằng","name:en":"Bach Dang Road","surface":"asphalt"},"geometry":{"type":"LineString","coordinates":[[105.8680303,21.0100022],[105.8683241,21.0096302],[105.8687022,21.0091516],[105.8689156,21.008874],[105.8693222,21.0083453],[105.8696004,21.0079835],[105.8700062,21.0074512],[105.8702437,21.0071372],[105.8704879,21.0068143],[105.8709045,21.0062895],[105.8714991,21.005521],[105.8724118,21.0048244],[105.8731089,21.0042923],[105.8732699,21.0040036]]}},{"type":"Feature","properties":{"osm_id":1422774057,"osm_type":"way","highway":"primary","lanes":"2","maxheight":"4","name":"Đường Nguyễn Khoái","name:en":"Nguyen Khoai Road","surface":"asphalt"},"geometry":{"type":"LineString","coordinates":[[105.8710768,20.9565613],[105.8714161,20.9570676],[105.8723005,20.9581735],[105.8725735,20.958506],[105.872773,20.9590078],[105.8729464,20.9595381],[105.873226,20.9600062],[105.8734913,20.9603209],[105.8739789,20.9606915],[105.8744101,20.9609849],[105.874639,20.961357],[105.8747969,20.9620537],[105.8748045,20.9624975],[105.8748671,20.9632773]]}},{"type":"Feature","properties":{"osm_id":971898943,"osm_type":"way","fixme":"Đoạn đường không có mốc ĐT.379, ĐT.379 là số hiệu bên Hưng Yên, chỉ bắt đầu khi đoạn đại lộ rời khỏi địa phận Hà Nội","highway":"trunk","lanes":"2","lit":"yes","maxspeed:type":"VN:urban","name":"Đường Giáp Hải","name:en":"Giap Hai Road","official_name":"Đường liên tỉnh Hà Nội - Hưng Yên","oneway":"yes","sidewalk":"right","sidewalk:right:surface":"paving_stones","smoothness":"excellent","source":"grab_hanoi_2018_t5","surface":"asphalt"},"geometry":{"type":"LineString","coordinates":[[105.9251053,20.9840083],[105.9248258,20.9846175],[105.9237571,20.987051],[105.9222025,20.9906736],[105.9219587,20.9912204],[105.9219006,20.9913583]]}},{"type":"Feature","properties":{"osm_id":339282225,"osm_type":"way","embankment":"yes","highway":"primary","lanes":"2","lit":"yes","name":"Đường Đông Ngạc","oneway":"yes","surface":"asphalt"},"geometry":{"type":"LineString","coordinates":[[105.7857849,21.0914784],[105.7851699,21.0915198],[105.7846604,21.0915732],[105.7839824,21.0918121],[105.7833456,21.091928],[105.7829919,21.0919732],[105.7823503,21.0921255],[105.7817466,21.0923383],[105.7811258,21.0925666],[105.7806697,21.092755],[105.7800416,21.0930392],[105.7795608,21.093233],[105.7791999,21.0933734],[105.7785782,21.0935771],[105.7782352,21.0936837],[105.7781333,21.093694]]}},{"type":"Feature","properties":{"osm_id":406325319,"osm_type":"way","highway":"tertiary","lanes":"4","lit":"yes","name":"Phố Phan Kế Toại","surface":"asphalt"},"geometry":{"type":"LineString","coordinates":[[105.7583066,20.9736201],[105.7579591,20.9740037],[105.7575564,20.9744617],[105.7572996,20.9747556],[105.7570575,20.9750324],[105.7567397,20.975396],[105.7565064,20.9756629],[105.7562738,20.9759288],[105.7559908,20.976264],[105.7556477,20.9766494],[105.7553196,20.9770202],[105.755005,20.9773762],[105.7546865,20.9777443],[105.7544353,20.9780312],[105.7542046,20.9782952],[105.753888,20.9786574],[105.7534872,20.9790941],[105.753087,20.9795319],[105.7530202,20.9796404]]}},{"type":"Feature","properties":{"osm_id":492297039,"osm_type":"way","highway":"secondary","lanes":"2","lit":"yes","motorcar:conditional":"no @ (Jan 17 17:30-23:59; Jan 18 16:30-23:59)","name":"Đường Lạc Long Quân","name:en":"Lac Long Quan Road","oneway":"yes","surface":"asphalt"},"geometry":{"type":"LineString","coordinates":[[105.8147095,21.0767698],[105.814479,21.0764245],[105.8138387,21.0754749],[105.8134872,21.0749536],[105.8132999,21.0746519],[105.8130646,21.074221],[105.8129123,21.0738989],[105.8127878,21.0735573],[105.8126126,21.0730197],[105.812272,21.0719327],[105.8119913,21.0709928],[105.8118054,21.0703861],[105.8116691,21.0699479],[105.8115166,21.0695053]]}},{"type":"Feature","properties":{"osm_id":1297706794,"osm_type":"way","highway":"secondary","lanes":"3","lit":"yes","name":"Phố Bạch Thành Phong","oneway":"yes","surface":"asphalt"},"geometry":{"type":"LineString","coordinates":[[105.7727228,21.002877],[105.7727311,21.0023624],[105.7727125,21.0018766],[105.7721278,20.9995396],[105.7719095,20.9987335],[105.771775,20.9983854],[105.7715247,20.9979288],[105.7712633,20.9974781],[105.7707189,20.9965195],[105.7703174,20.9958792],[105.7700362,20.9954966]]}},{"type":"Feature","properties":{"osm_id":1098003250,"osm_type":"way","bridge":"viaduct","highway":"motorway","lanes":"2","layer":"2","lit":"yes","maxspeed":"100","minspeed":"60","motorcar":"yes","motorcycle":"no","name":"Đường cao tốc Vành đai 3 TP. Hà Nội","name:en":"Ring Road 3 Expressway (Hanoi)","oneway":"yes","ref":"CT.37","start_date":"2020-10-11","surface":"asphalt"},"geometry":{"type":"LineString","coordinates":[[105.7817224,21.0531725],[105.7816649,21.0524605],[105.7816008,21.0517299],[105.7814698,21.0499381],[105.7813642,21.048493],[105.7812583,21.04705],[105.781113,21.0452318]]}},{"type":"Feature","properties":{"osm_id":1098003252,"osm_type":"way","bridge":"viaduct","highway":"motorway","lanes":"2","layer":"2","lit":"yes","maxspeed":"100","minspeed":"60","motorcar":"yes","motorcycle":"no","name":"Đường cao tốc Vành đai 3 TP. Hà Nội","name:en":"Ring Road 3 Expressway (Hanoi)","oneway":"yes","ref":"CT.37","start_date":"2020-10-11","surface":"asphalt"},"geometry":{"type":"LineString","coordinates":[[105.781286,21.0452231],[105.7814313,21.0470413],[105.7815372,21.0484843],[105.7816429,21.0499311],[105.781774,21.0517237],[105.7818954,21.0531632]]}},{"type":"Feature","properties":{"osm_id":36727545,"osm_type":"way","highway":"tertiary","lanes":"2","maxweight":"5","name":"Phố Thạch Cầu","surface":"asphalt"},"geometry":{"type":"LineString","coordinates":[[105.884087,21.0257087],[105.8837077,21.0254159],[105.8832369,21.0250391],[105.8828583,21.0247626],[105.8825758,21.0245407],[105.8822888,21.024224],[105.882035,21.0239225],[105.8816509,21.0234663],[105.8808677,21.0224883],[105.8804396,21.0218561],[105.8801134,21.021342],[105.8798377,21.0209059],[105.8795409,21.020633],[105.8792742,21.0201783],[105.8790289,21.0198325],[105.8789258,21.0197537]]}},{"type":"Feature","properties":{"osm_id":1138100057,"osm_type":"way","highway":"tertiary","name":"Đường Nguyễn Quý Trị","oneway":"yes","sidewalk":"right","surface":"asphalt"},"geometry":{"type":"LineString","coordinates":[[105.9432275,20.9850386],[105.9435924,20.9848889],[105.9439498,20.9848243],[105.9444553,20.9847986],[105.9449959,20.9847536],[105.9466265,20.9845231],[105.9485851,20.9842463],[105.950707,20.9839464],[105.9510762,20.9839519]]}},{"type":"Feature","properties":{"osm_id":943964881,"osm_type":"way","highway":"secondary","name":"Phố Ngô Xuân Quảng","name:en":"Ngo Xuan Quang Street","oneway":"no","sidewalk":"both","source":"survey","surface":"asphalt"},"geometry":{"type":"LineString","coordinates":[[105.9371681,21.0189564],[105.9369818,21.018248],[105.936829,21.017596],[105.93674,21.0171953],[105.9366508,21.0167935],[105.9365587,21.0162965],[105.9364909,21.0159202],[105.9364579,21.0155418],[105.9364232,21.0149972],[105.9363991,21.0146184],[105.9363683,21.0141977],[105.936309,21.0138395],[105.9362012,21.0134502],[105.9360671,21.0130377],[105.9359185,21.0126664],[105.9357482,21.0122564],[105.9354879,21.0116299],[105.935344,21.0112836]]}},{"type":"Feature","properties":{"osm_id":408780568,"osm_type":"way","highway":"primary","lanes":"2","lit":"yes","maxspeed":"60","name":"Đường Nghiêm Xuân Yêm","oneway":"yes","source":"grab_hanoi_2018_t5","surface":"asphalt"},"geometry":{"type":"LineString","coordinates":[[105.8162494,20.9739918],[105.8165467,20.973748],[105.8171055,20.9733753],[105.8177055,20.9730094],[105.8183029,20.9726796],[105.8189503,20.9724063],[105.8193596,20.9722614],[105.8197672,20.9721172],[105.8201664,20.9719806],[105.8210258,20.9717107],[105.8216092,20.971524],[105.8221186,20.9713856],[105.8225599,20.9712599],[105.8230423,20.9711168],[105.8235157,20.9709671]]}},{"type":"Feature","properties":{"osm_id":1138100056,"osm_type":"way","highway":"tertiary","name":"Đường Nguyễn Quý Trị","oneway":"yes","surface":"asphalt"},"geometry":{"type":"LineString","coordinates":[[105.9510762,20.9839519],[105.9489655,20.9842609],[105.9484385,20.9843354],[105.9447351,20.9848588],[105.9432275,20.9850386]]}},{"type":"Feature","properties":{"osm_id":568399285,"osm_type":"way","highway":"tertiary","lanes":"2","motorcar":"yes","motorcycle":"yes","name":"Phố Hoa Động","name:en":"Hoa Dong Street","surface":"asphalt"},"geometry":{"type":"LineString","coordinates":[[105.9102619,21.0131063],[105.9102377,21.0123892],[105.9102199,21.0118585],[105.9101957,21.0111403],[105.910172,21.0104339],[105.9104982,21.0098772],[105.9107732,21.009408],[105.9110754,21.0084136],[105.9111785,21.0080033],[105.9112897,21.0075953],[105.9113882,21.0071855],[105.9115237,21.0066076],[105.9116229,21.006202],[105.9118026,21.0056339],[105.91184,21.0055153]]}},{"type":"Feature","properties":{"osm_id":245677774,"osm_type":"way","alt_name":"Nguyễn Xiển - Xa La","highway":"trunk","lanes":"3","lit":"yes","maxspeed":"60","name":"Đường Phạm Tu","name:en":"Pham Tu Road","oneway":"yes","ref":"QL.21C","surface":"asphalt"},"geometry":{"type":"LineString","coordinates":[[105.8077777,20.9718562],[105.8071182,20.97084],[105.806598,20.9700204],[105.806315,20.9696578],[105.8059749,20.9692821],[105.8054435,20.9687901],[105.8051303,20.9685657],[105.8046428,20.9682684],[105.8042796,20.9680745],[105.8037324,20.9677903],[105.8032023,20.9675042],[105.8019294,20.9668403]]}},{"type":"Feature","properties":{"osm_id":28486381,"osm_type":"way","highway":"tertiary","name":"Phố Xuân Đỗ","name:en":"Xuan Do Street","surface":"asphalt"},"geometry":{"type":"LineString","coordinates":[[105.9044023,21.0120474],[105.9046905,21.0117246],[105.9051157,21.0112452],[105.9055362,21.0110529],[105.9060882,21.0108731],[105.9064763,21.0107616],[105.9068818,21.0106885],[105.9074159,21.0106763],[105.9078537,21.0106042],[105.9084545,21.0105721],[105.9090289,21.0105654],[105.9094329,21.010484],[105.9098267,21.0104634],[105.9103059,21.0104254],[105.9108491,21.0103878],[105.9112131,21.0103445],[105.9118152,21.0102916]]}},{"type":"Feature","properties":{"osm_id":817484210,"osm_type":"way","highway":"trunk","lanes":"4","lit":"yes","name":"Đường Ngọc Hồi","name:en":"Ngoc Hoi Road","note:vi":"Quốc lộ 1 là tên chính thức của con đường này, theo Quyết định số 1454/QĐ-TTg ngày 1 tháng 9 năm 2021 của Thủ tướng Chính phủ Việt Nam. Đề nghị không sửa tên thành \"Quốc lộ 1A\".","oneway":"yes","ref":"QL.1","surface":"asphalt","wikidata":"Q1372266","wikipedia":"vi:Quốc lộ 1"},"geometry":{"type":"LineString","coordinates":[[105.8442911,20.9429753],[105.8444859,20.9439223],[105.8445767,20.9445657],[105.8445834,20.944957],[105.8444929,20.9461091],[105.8444644,20.9466273],[105.8444604,20.9477668],[105.844484,20.9491036],[105.8444622,20.9495518],[105.8444038,20.9501435],[105.8443393,20.9508053]]}},{"type":"Feature","properties":{"osm_id":1157900530,"osm_type":"way","embankment":"yes","highway":"primary","lanes":"2","lit":"yes","name":"Đường Âu Cơ","name:en":"Au Co Road","name:ja":"アウコー通り","oneway":"yes","surface":"asphalt"},"geometry":{"type":"LineString","coordinates":[[105.826704,21.0677711],[105.8269899,21.0674134],[105.8272308,21.0671114],[105.8278656,21.0663389],[105.828591,21.0654429],[105.8290048,21.0649344],[105.8293579,21.0646936],[105.8297651,21.0646509],[105.8303555,21.0646156],[105.8307876,21.0645575],[105.8311645,21.064428],[105.8315396,21.0641558],[105.8317255,21.0638257],[105.8318524,21.0634765],[105.8320478,21.0629071],[105.8320883,21.0627856]]}},{"type":"Feature","properties":{"osm_id":37765545,"osm_type":"way","highway":"tertiary","lit":"yes","name":"Đường An Dương Vương","name:en":"An Duong Vuong Road","source":"grab_hanoi_2018_t5","surface":"asphalt"},"geometry":{"type":"LineString","coordinates":[[105.7954589,21.0894436],[105.7960069,21.089337],[105.7966439,21.0892351],[105.7972259,21.0892039],[105.797768,21.0891812],[105.7982671,21.0892037],[105.7990889,21.0893177],[105.7996378,21.0893786],[105.800251,21.0894404],[105.8008112,21.0895035],[105.8012487,21.0894809],[105.8017783,21.089529],[105.8022584,21.0894927],[105.8029977,21.0895345],[105.8032696,21.0895638]]}},{"type":"Feature","properties":{"osm_id":196230406,"osm_type":"way","highway":"secondary","lanes":"2","lit":"yes","maxspeed:type":"VN:urban","name":"Đường Thanh Niên","name:en":"Thanh Nien Road","name:ja":"タンニエン通り","name:zh":"青年路","oneway":"yes","surface":"asphalt"},"geometry":{"type":"LineString","coordinates":[[105.8391505,21.0499531],[105.8387812,21.0493088],[105.8386195,21.0489944],[105.8383871,21.0486297],[105.8379902,21.0481852],[105.837522,21.0477172],[105.837037,21.0472543],[105.8367415,21.0469805],[105.8365372,21.0462538],[105.8364194,21.0453907],[105.836319,21.0445703],[105.8362687,21.0442113],[105.8361718,21.0438365],[105.835901,21.04315],[105.8358703,21.0431097]]}},{"type":"Feature","properties":{"osm_id":971898942,"osm_type":"way","fixme":"Đoạn đường không có mốc ĐT.379, ĐT.379 là số hiệu bên Hưng Yên, chỉ bắt đầu khi đoạn đại lộ rời khỏi địa phận Hà Nội","highway":"trunk","lanes":"2","lit":"yes","maxspeed:type":"VN:urban","name":"Đường Giáp Hải","name:en":"Giap Hai Road","official_name":"Đường liên tỉnh Hà Nội - Hưng Yên","oneway":"yes","sidewalk":"right","sidewalk:right:surface":"paving_stones","smoothness":"excellent","surface":"asphalt"},"geometry":{"type":"LineString","coordinates":[[105.9217884,20.9911287],[105.9234005,20.9874437],[105.9235473,20.9871064],[105.9246686,20.9845661],[105.9249069,20.984068],[105.9249618,20.9839535]]}},{"type":"Feature","properties":{"osm_id":37371464,"osm_type":"way","highway":"trunk","lanes":"4","lit":"yes","name":"Đường Ngọc Hồi","name:en":"Ngoc Hoi Road","note:vi":"Quốc lộ 1 là tên chính thức của con đường này, theo Quyết định số 1454/QĐ-TTg ngày 1 tháng 9 năm 2021 của Thủ tướng Chính phủ Việt Nam. Đề nghị không sửa tên thành \"Quốc lộ 1A\".","oneway":"yes","ref":"QL.1","surface":"asphalt","wikidata":"Q1372266","wikipedia":"vi:Quốc lộ 1"},"geometry":{"type":"LineString","coordinates":[[105.8440809,20.9507854],[105.8441972,20.9496842],[105.844227,20.9492281],[105.8442012,20.9477724],[105.8441925,20.9469083],[105.8442232,20.9462224],[105.8443045,20.9452687],[105.8443176,20.9445727],[105.8442542,20.9440735],[105.8441625,20.9436478],[105.844081,20.9432692],[105.844031,20.9429993]]}},{"type":"Feature","properties":{"osm_id":208808776,"osm_type":"way","highway":"tertiary","name":"Phố Lê Hồng Phong"},"geometry":{"type":"LineString","coordinates":[[105.7724994,20.9653142],[105.7728642,20.9654471],[105.7739487,20.9660869],[105.774337,20.9663192],[105.7748431,20.9666304],[105.77536,20.9669633],[105.7759793,20.9673013],[105.7763283,20.9677359],[105.7768619,20.9682766],[105.7771722,20.9685911],[105.7778486,20.9691229],[105.7787813,20.9698533]]}},{"type":"Feature","properties":{"osm_id":860110000,"osm_type":"way","highway":"tertiary","lanes":"4","name":"Đường Trung Thành","name:en":"Trung Thanh Road","name:vi":"Đường Trung Thành","surface":"asphalt"},"geometry":{"type":"LineString","coordinates":[[105.9362299,21.0219285],[105.9363698,21.0222735],[105.9366533,21.0229726],[105.9374383,21.0249081],[105.9380417,21.0264187],[105.9381669,21.0267575],[105.9382769,21.0271154],[105.9385086,21.0278665],[105.9386213,21.0282314],[105.9388288,21.0289036],[105.9389373,21.0292548]]}},{"type":"Feature","properties":{"osm_id":28844274,"osm_type":"way","highway":"tertiary","lanes":"2","lit":"yes","name":"Phố Phan Kế Bính","oneway":"no","surface":"asphalt"},"geometry":{"type":"LineString","coordinates":[[105.8139284,21.0339223],[105.8126008,21.0342536],[105.8120859,21.0343956],[105.8116813,21.0345032],[105.8109373,21.0347069],[105.8104196,21.0348324],[105.8099756,21.0350268],[105.8095175,21.0352303],[105.8091376,21.0353504],[105.808767,21.0354916],[105.8085683,21.0358078],[105.8084026,21.0361695],[105.8079835,21.0362315],[105.8076064,21.0363666],[105.807157,21.0366408],[105.8069103,21.0367763]]}},{"type":"Feature","properties":{"osm_id":136266025,"osm_type":"way","highway":"tertiary","lanes":"2","name":"Phố Kẻ Tạnh","name:en":"Ke Tanh Street","surface":"asphalt"},"geometry":{"type":"LineString","coordinates":[[105.920047,21.0608908],[105.9195855,21.061051],[105.9191404,21.0612054],[105.9181361,21.0615539],[105.9177413,21.0616909],[105.9170015,21.0619549],[105.9166024,21.0620932],[105.9158939,21.0623386],[105.915511,21.0624385],[105.9141068,21.0629243],[105.9133521,21.0631854],[105.9128557,21.0631814],[105.9126431,21.0631312]]}},{"type":"Feature","properties":{"osm_id":38182069,"osm_type":"way","bicycle":"yes","cycleway:both":"no","foot":"yes","highway":"secondary","lanes":"2","maxspeed":"50","name":"Phố Vũ Tông Phan","name:en":"Vu Tong Phan Street","oneway":"no","sidewalk":"both","surface":"asphalt"},"geometry":{"type":"LineString","coordinates":[[105.8141386,20.9861722],[105.814403,20.9857486],[105.8145902,20.9854436],[105.8148806,20.9849855],[105.8150851,20.9846488],[105.8153881,20.9841689],[105.8157093,20.983622],[105.8159201,20.9833175],[105.8166822,20.9824446],[105.817187,20.9820079],[105.8176949,20.9816267],[105.8181312,20.9812461],[105.8184601,20.9809593],[105.8187378,20.9807384],[105.8192528,20.9804649]]}},{"type":"Feature","properties":{"osm_id":1213279780,"osm_type":"way","highway":"tertiary","name":"Phố Nguyễn Mậu Tài","name:en":"Nguyen Mau Tai Street","surface":"asphalt"},"geometry":{"type":"LineString","coordinates":[[105.9437129,21.0144308],[105.9455976,21.0130247],[105.946385,21.0124373],[105.9469263,21.0120335],[105.9476551,21.0114898],[105.9480217,21.0112162],[105.9484326,21.0109097],[105.9492792,21.0102781],[105.9495939,21.0100433],[105.9499452,21.0097812]]}},{"type":"Feature","properties":{"osm_id":705288229,"osm_type":"way","highway":"tertiary","lanes":"2","name":"Phố Ngô Viết Thụ","name:en":"Ngo Viet Thu Street","surface":"asphalt"},"geometry":{"type":"LineString","coordinates":[[105.906673,21.0559027],[105.9069253,21.0554453],[105.9073345,21.0552701],[105.9076946,21.0552003],[105.9088619,21.0557767],[105.9102502,21.056462],[105.9105717,21.0571186],[105.910777,21.0575541],[105.9110122,21.0580416],[105.9114354,21.0589182],[105.9117034,21.0594743],[105.9118011,21.0596772]]}},{"type":"Feature","properties":{"osm_id":1329413090,"osm_type":"way","highway":"primary","lanes":"4","lit":"yes","name":"Phố Chu Huy Mân","name:en":"Chu Huy Man Street","oneway":"yes","surface":"asphalt"},"geometry":{"type":"LineString","coordinates":[[105.9177108,21.050698],[105.9171674,21.0504101],[105.9168131,21.0502225],[105.9164354,21.0500332],[105.9158587,21.0497441],[105.913145,21.048381],[105.9126928,21.0481569],[105.9123464,21.0479832],[105.9119853,21.0478042],[105.9108778,21.0472554],[105.9107985,21.0472161]]}},{"type":"Feature","properties":{"osm_id":710103555,"osm_type":"way","bicycle":"yes","foot":"yes","highway":"primary","lanes":"2","lit":"yes","name":"Đường Đại Mỗ","ref":"ĐT.70","surface":"asphalt"},"geometry":{"type":"LineString","coordinates":[[105.7601512,20.9939875],[105.7593462,20.9946602],[105.7588964,20.9948862],[105.7585201,20.9950328],[105.7580713,20.9952099],[105.7575571,20.9953901],[105.7571478,20.9954242],[105.7567807,20.9954548],[105.7560313,20.9955173],[105.7554674,20.9955495],[105.7551107,20.9955673],[105.7544942,20.995584],[105.7540145,20.9956078],[105.7534847,20.9956243],[105.7528119,20.9956532]]}},{"type":"Feature","properties":{"osm_id":1239072447,"osm_type":"way","bus":"no","hgv":"no","highway":"tertiary","lanes":"2","lit":"yes","maxweight":"9","maxweight:hgv:conditional":"21 @ (trailer)","maxweight:hgv_articulated":"12","name":"Đường Xuân Đỉnh","name:en":"Xuan Dinh Road","oneway":"no","surface":"asphalt"},"geometry":{"type":"LineString","coordinates":[[105.7953747,21.0713879],[105.7960983,21.0714023],[105.7965373,21.0714157],[105.7971868,21.0715015],[105.7975447,21.0714871],[105.7979178,21.0714798],[105.7984928,21.0714529],[105.7989028,21.0713829],[105.7992522,21.0712801],[105.7995902,21.0711557],[105.7999238,21.0710496],[105.8003516,21.0709026],[105.8009588,21.0707071],[105.8014269,21.0703597],[105.8016978,21.0700129],[105.8019399,21.0697014],[105.8023151,21.0692435]]}},{"type":"Feature","properties":{"osm_id":146726719,"osm_type":"way","highway":"tertiary","lanes":"2","name":"Đường Cầu Noi"},"geometry":{"type":"LineString","coordinates":[[105.7731141,21.0616283],[105.7737017,21.0616505],[105.7741721,21.06169],[105.7749297,21.0617351],[105.7758823,21.0617331],[105.776827,21.0617204],[105.7780818,21.0617031],[105.7784759,21.0618643],[105.7790007,21.0620866],[105.7793799,21.0620585],[105.7797264,21.0619256],[105.7802468,21.0619358],[105.7806751,21.0621189]]}},{"type":"Feature","properties":{"osm_id":596709551,"osm_type":"way","embankment":"yes","highway":"primary","lanes":"2","lit":"yes","name":"Đường An Dương Vương","name:en":"An Duong Vuong Road","oneway":"yes","surface":"asphalt"},"geometry":{"type":"LineString","coordinates":[[105.78654,21.0911073],[105.7869994,21.0909989],[105.7874164,21.0909573],[105.7878392,21.0909231],[105.7883474,21.0907752],[105.7897921,21.0904773],[105.7913176,21.0901513],[105.791746,21.0901166],[105.7924552,21.0901063],[105.7933177,21.0900962],[105.7938633,21.0900859],[105.7941222,21.0900396]]}},{"type":"Feature","properties":{"osm_id":597565392,"osm_type":"way","highway":"tertiary","lanes":"2","lit":"yes","name":"Đường Hồng Hà","name:en":"Hong Ha Road","oneway":"no","surface":"asphalt"},"geometry":{"type":"LineString","coordinates":[[105.8403246,21.0507423],[105.840915,21.0501213],[105.8412747,21.0497403],[105.8419086,21.0490688],[105.842325,21.0486155],[105.8431618,21.0477226],[105.8434997,21.0473729],[105.8439486,21.0469045],[105.8443192,21.0465561],[105.8446203,21.0462731],[105.8452305,21.0457796],[105.8457078,21.0454004],[105.8457522,21.0453652]]}},{"type":"Feature","properties":{"osm_id":399827077,"osm_type":"way","highway":"primary","lanes":"2","lit":"yes","name":"Đường Đông Ngạc","oneway":"yes","surface":"asphalt"},"geometry":{"type":"LineString","coordinates":[[105.7781333,21.093694],[105.7786373,21.0935027],[105.779059,21.0933648],[105.7794765,21.0931925],[105.7798478,21.0930423],[105.7805065,21.0927464],[105.7811931,21.0924534],[105.7817289,21.0922587],[105.7822892,21.0920705],[105.7826526,21.0919593],[105.7834551,21.0918346],[105.7838782,21.0917607],[105.7842408,21.0916351],[105.7845711,21.0915128],[105.7852108,21.091441],[105.785383,21.0914012]]}},{"type":"Feature","properties":{"osm_id":973215955,"osm_type":"way","highway":"trunk","name":"Phố Ba La","ref":"QL.21B"},"geometry":{"type":"LineString","coordinates":[[105.7574284,20.9560373],[105.7574026,20.9556419],[105.7573689,20.9550992],[105.757337,20.9546016],[105.7573112,20.9542002],[105.7572892,20.9537401],[105.7572389,20.9528833],[105.7572136,20.9524724],[105.7571926,20.9520796],[105.7571581,20.9514389],[105.7571382,20.9510678],[105.7571123,20.9505861],[105.7570639,20.9496852],[105.7570434,20.9493042],[105.7569958,20.9484171]]}},{"type":"Feature","properties":{"osm_id":11838452,"osm_type":"way","highway":"tertiary","lanes":"2","lit":"yes","name":"Phố Ngọc Khánh","name:en":"Ngoc Khanh Street","oneway":"no","surface":"asphalt"},"geometry":{"type":"LineString","coordinates":[[105.8200922,21.023869],[105.8191819,21.024783],[105.8188843,21.0250909],[105.8184917,21.0255117],[105.818084,21.0259254],[105.8178775,21.0262105],[105.8178077,21.0268276],[105.8177825,21.0272186],[105.8177066,21.0277218],[105.8176258,21.0281977],[105.8175406,21.0287341],[105.8174541,21.0292599],[105.8173873,21.0296808],[105.8173259,21.0300949],[105.8172607,21.030551]]}},{"type":"Feature","properties":{"osm_id":1346096923,"osm_type":"way","highway":"secondary","lanes":"3","lit":"yes","name":"Phố Bạch Thành Phong","oneway":"yes","surface":"asphalt"},"geometry":{"type":"LineString","coordinates":[[105.7645102,20.9895195],[105.7650708,20.9900455],[105.7656567,20.990828],[105.7659778,20.9913336],[105.7664111,20.9918081],[105.7668452,20.9921087],[105.7673342,20.9924366],[105.7677467,20.9927279],[105.7683335,20.9933013],[105.7687373,20.9937639],[105.7690241,20.9940823],[105.7693431,20.9944449],[105.7697625,20.9949397]]}},{"type":"Feature","properties":{"osm_id":703952682,"osm_type":"way","destination:lanes":"left|left;right|right","highway":"secondary","lanes":"3","lit":"yes","name":"Phố Chu Huy Mân","name:en":"Chu Huy Man Street","oneway":"yes","surface":"asphalt"},"geometry":{"type":"LineString","coordinates":[[105.9109249,21.0469307],[105.9117256,21.0473484],[105.9126747,21.0478374],[105.9130582,21.0480236],[105.9159956,21.0494981],[105.9165862,21.0497939],[105.917312,21.0501575],[105.9177047,21.0503536]]}},{"type":"Feature","properties":{"osm_id":1346096922,"osm_type":"way","highway":"secondary","lanes":"3","lit":"yes","name":"Phố Bạch Thành Phong","oneway":"yes","surface":"asphalt"},"geometry":{"type":"LineString","coordinates":[[105.7696295,20.9950125],[105.7692173,20.994505],[105.7689261,20.994171],[105.7682304,20.9933862],[105.7678768,20.993009],[105.7673147,20.9926038],[105.7668213,20.9922662],[105.7663128,20.9919166],[105.7660287,20.9916252],[105.7655364,20.9909135],[105.7652743,20.9905177],[105.7650082,20.9901739],[105.7647317,20.9898902],[105.7644382,20.9896113]]}},{"type":"Feature","properties":{"osm_id":482324745,"osm_type":"way","highway":"primary","lanes":"3","lit":"yes","name":"Đường Xuân Thủy","name:en":"Xuan Thuy Road","oneway":"yes","sidewalk:left":"no","sidewalk:right":"separate","surface":"asphalt"},"geometry":{"type":"LineString","coordinates":[[105.7816181,21.0366163],[105.783054,21.0365878],[105.7835314,21.0365758],[105.7841554,21.036558],[105.7847231,21.0365419],[105.7854114,21.0365225],[105.7858593,21.0365051],[105.7863086,21.0364812],[105.7867063,21.0364598],[105.7874036,21.0364397],[105.7879555,21.0364107],[105.7885018,21.036384],[105.7888519,21.0363679],[105.7891661,21.0363507]]}},{"type":"Feature","properties":{"osm_id":1431670337,"osm_type":"way","check_date":"2025-05-19","highway":"primary","lanes":"4","name":"Đường dẫn Cầu Tứ Liên","name:en":"Tu Lien Bridge Approach Road","name:vi":"Đường dẫn Cầu Tứ Liên","oneway":"no","opening_date":"2027-05-19"},"geometry":{"type":"LineString","coordinates":[[105.8675795,21.0844089],[105.866049,21.0831962],[105.8656568,21.0828709],[105.8632658,21.0809488],[105.8624129,21.0802646],[105.8619775,21.0799153],[105.8616912,21.0796845]]}},{"type":"Feature","properties":{"osm_id":602369635,"osm_type":"way","highway":"tertiary","lanes":"2","motorcycle":"yes","name":"Đường Viên Chiếu","name:en":"Vien Chieu Street","surface":"asphalt"},"geometry":{"type":"LineString","coordinates":[[105.9310869,21.0425922],[105.931695,21.0418411],[105.9318812,21.0415301],[105.9320223,21.0409165],[105.9322267,21.0406238],[105.9326758,21.0404681],[105.933443,21.0402631],[105.9338708,21.0402204],[105.9342346,21.0400767],[105.9348167,21.0396288],[105.9351925,21.0393549],[105.9355678,21.0391482],[105.9359002,21.0390071],[105.9365683,21.0385665],[105.9368431,21.0383627]]}},{"type":"Feature","properties":{"osm_id":684753902,"osm_type":"way","highway":"primary","lanes":"2","lit":"yes","name":"Đường Cầu Bươu","oneway":"no","ref":"ĐT.70","surface":"asphalt"},"geometry":{"type":"LineString","coordinates":[[105.7974133,20.9627669],[105.7978766,20.9625085],[105.7982775,20.9622756],[105.7986434,20.9620695],[105.7989663,20.9618857],[105.7994694,20.9616023],[105.8003839,20.9611047],[105.8007664,20.960892],[105.8011192,20.9607008],[105.8015851,20.9604434],[105.8019998,20.9602155],[105.8023255,20.9600426],[105.8028423,20.9597688],[105.8032537,20.9595545],[105.8040206,20.9591642]]}},{"type":"Feature","properties":{"osm_id":25953686,"osm_type":"way","highway":"secondary","lanes":"2","lit":"yes","name":"Đường Nguyễn Ngọc Vũ","name:en":"Nguyen Ngoc Vu Road","oneway":"no","surface":"asphalt"},"geometry":{"type":"LineString","coordinates":[[105.8045817,21.0149334],[105.804989,21.0145725],[105.8057067,21.0138983],[105.8061541,21.0134793],[105.8067941,21.0129701],[105.8071741,21.0126806],[105.8076304,21.0123405],[105.8080619,21.0120157],[105.8084656,21.0117321],[105.8090054,21.0113466],[105.8094277,21.0110587],[105.8098475,21.0107573],[105.8101669,21.0105264],[105.8105007,21.0103209]]}},{"type":"Feature","properties":{"osm_id":1345398470,"osm_type":"way","highway":"secondary","lanes":"2","name":"Đường Lĩnh Nam","name:en":"Linh Nam Road","surface":"asphalt"},"geometry":{"type":"LineString","coordinates":[[105.8688463,20.9866805],[105.8684957,20.986903],[105.8678096,20.9873357],[105.8674408,20.9875642],[105.8670028,20.9878566],[105.8666492,20.988187],[105.8663829,20.9884848],[105.8660106,20.9888555],[105.865548,20.9893363],[105.8652949,20.9896032],[105.8650411,20.9898686],[105.8647116,20.9902292],[105.8641417,20.9908512],[105.8638072,20.9911677],[105.8633006,20.9916803]]}},{"type":"Feature","properties":{"osm_id":85620786,"osm_type":"way","highway":"primary","lanes":"3","lit":"yes","name":"Đường Cổ Linh","name:en":"Co Linh Road","oneway":"yes","smoothness":"good","surface":"asphalt"},"geometry":{"type":"LineString","coordinates":[[105.8985419,21.0260782],[105.8992508,21.0257644],[105.9004524,21.0252035],[105.9024095,21.0242745],[105.9039532,21.0235471],[105.905114,21.0229739],[105.9052656,21.0228869]]}},{"type":"Feature","properties":{"osm_id":782321472,"osm_type":"way","foot":"yes","highway":"secondary","lanes":"2","name":"Đường Thụy Phương","oneway":"no","source":"bing aerial"},"geometry":{"type":"LineString","coordinates":[[105.7768634,21.0864717],[105.7769999,21.0869788],[105.7771014,21.0873548],[105.7771943,21.0877792],[105.7772745,21.0882835],[105.7773768,21.0888253],[105.7774517,21.0892004],[105.7775671,21.0900048],[105.7776239,21.090351],[105.7776484,21.0907335],[105.7776224,21.0911944],[105.7775158,21.0918076],[105.7774875,21.0921586],[105.7775518,21.0926561],[105.7779197,21.0936234],[105.7779628,21.0937361]]}},{"type":"Feature","properties":{"osm_id":384534315,"osm_type":"way","highway":"tertiary","lanes":"2","name":"Phố Ngọc Trì","surface":"asphalt"},"geometry":{"type":"LineString","coordinates":[[105.9169528,21.0236875],[105.916429,21.0229609],[105.9160847,21.0228268],[105.9150892,21.0224719],[105.914679,21.0223194],[105.9141881,21.0221272],[105.9136342,21.021886],[105.9128184,21.0213955],[105.9124145,21.0211861],[105.9120338,21.0210672],[105.9116405,21.0209604],[105.9111374,21.0207714],[105.9106043,21.0204598],[105.9104595,21.0203667]]}},{"type":"Feature","properties":{"osm_id":701421190,"osm_type":"way","highway":"secondary","lanes":"2","lit":"yes","name":"Đường Hoàng Minh Thảo","name:en":"Hoang Minh Thao Road","oneway":"yes","surface":"asphalt"},"geometry":{"type":"LineString","coordinates":[[105.7899433,21.0623974],[105.7903792,21.0623907],[105.7912184,21.0623921],[105.7924223,21.0623873],[105.7947745,21.0623895],[105.7951264,21.0623894],[105.7970631,21.0623963],[105.7973695,21.062394]]}},{"type":"Feature","properties":{"osm_id":894916673,"osm_type":"way","highway":"trunk","int_ref":"AH14","lanes":"3","lit":"yes","maxheight":"4.5","name":"Đường Nguyễn Văn Linh","name:en":"Nguyen Van Linh Road","oneway":"yes","ref":"QL.5","source":"Yahoo","surface":"asphalt"},"geometry":{"type":"LineString","coordinates":[[105.9236054,21.0269847],[105.9241186,21.0267948],[105.9253384,21.0262715],[105.9269974,21.0255863],[105.9283375,21.0250236],[105.9304201,21.0241108]]}},{"type":"Feature","properties":{"osm_id":208189805,"osm_type":"way","highway":"secondary","lit":"yes","motorcar":"yes","motorcycle":"no","motorroad":"yes","name":"Đường Hoàng Minh Thảo","name:en":"Hoang Minh Thao Road","oneway":"yes","source":"DigitalGlobe","surface":"asphalt"},"geometry":{"type":"LineString","coordinates":[[105.7899449,21.0624963],[105.7903789,21.0624895],[105.7947752,21.0624849],[105.7951276,21.0624848],[105.7970631,21.0624974],[105.7973254,21.0624936]]}},{"type":"Feature","properties":{"osm_id":1226564218,"osm_type":"way","highway":"secondary","lanes":"3","lit":"yes","name":"Phố Lê Giản","oneway":"yes","surface":"asphalt"},"geometry":{"type":"LineString","coordinates":[[105.7581979,20.9851423],[105.7584873,20.9855042],[105.7588604,20.9858899],[105.7591699,20.9861291],[105.7607483,20.9871003],[105.7611695,20.9873674],[105.7628004,20.9883877],[105.7640373,20.989152],[105.7642474,20.989304]]}},{"type":"Feature","properties":{"osm_id":208189796,"osm_type":"way","highway":"secondary","lanes":"3","lit":"yes","motorcar":"yes","motorcycle":"no","motorroad":"yes","name":"Đường Hoàng Minh Thảo","name:en":"Hoang Minh Thao Road","oneway":"yes","surface":"asphalt"},"geometry":{"type":"LineString","coordinates":[[105.7973248,21.0626288],[105.793938,21.0626315],[105.7903714,21.0626287],[105.790007,21.0626327],[105.7899473,21.0626334]]}},{"type":"Feature","properties":{"osm_id":1226564217,"osm_type":"way","highway":"secondary","lanes":"3","lit":"yes","name":"Phố Lê Giản","oneway":"yes","surface":"asphalt"},"geometry":{"type":"LineString","coordinates":[[105.7641421,20.9893651],[105.7638362,20.9891849],[105.7627639,20.9885275],[105.7610751,20.9874716],[105.7606683,20.9872168],[105.7591215,20.9862563],[105.7587488,20.9859791],[105.758449,20.9856747],[105.7580825,20.9852299]]}},{"type":"Feature","properties":{"osm_id":965548423,"osm_type":"way","highway":"trunk","lanes":"4","lit":"yes","maxspeed":"60","name":"Đường Quang Trung","name:en":"Quang Trung Road","oneway":"yes","ref":"QL.6","surface":"asphalt","wikidata":"Q2006553","wikipedia":"vi:Quốc lộ 6"},"geometry":{"type":"LineString","coordinates":[[105.7706924,20.9670221],[105.7700687,20.9665341],[105.7693899,20.966003],[105.7687694,20.9655176],[105.7683195,20.9651656],[105.7676858,20.9646698],[105.7673198,20.9643835],[105.7667176,20.9639123],[105.7660763,20.9634106],[105.7648891,20.9624817]]}},{"type":"Feature","properties":{"osm_id":1361103007,"osm_type":"way","highway":"primary","lanes":"3","lit":"yes","loc_name":"Quốc lộ 1A cũ","name":"Đường Nguyễn Văn Cừ","name:en":"Nguyen Van Cu Road","oneway":"yes","surface":"asphalt"},"geometry":{"type":"LineString","coordinates":[[105.8660828,21.0398137],[105.8674149,21.0403182],[105.867929,21.0405068],[105.8682689,21.0406392],[105.8687783,21.0408382],[105.8691517,21.0410322],[105.8697134,21.0414096],[105.8700365,21.0416674],[105.8703717,21.041979],[105.8706304,21.0422417],[105.8711299,21.0427576],[105.8715437,21.0431633],[105.8721433,21.0436991]]}},{"type":"Feature","properties":{"osm_id":925424842,"osm_type":"way","highway":"secondary","lanes":"2","lit":"yes","name":"Đường Lạc Long Quân","name:en":"Lac Long Quan Road","oneway":"yes","surface":"asphalt"},"geometry":{"type":"LineString","coordinates":[[105.8065021,21.0486522],[105.8069515,21.049405],[105.8075098,21.0502935],[105.8077375,21.0506435],[105.8081512,21.0512048],[105.8084685,21.051525],[105.8087578,21.0518819],[105.8090674,21.0522471],[105.8091546,21.0526303],[105.8090683,21.0532883],[105.8089865,21.0538584],[105.808937,21.0542428],[105.8089033,21.0546094],[105.8088956,21.0551081]]}},{"type":"Feature","properties":{"osm_id":1517289853,"osm_type":"way","bicycle":"yes","cycleway":"no","foot":"yes","highway":"tertiary","name":"Đường Tựu Liệt","oneway":"no","sidewalk":"no","surface":"asphalt"},"geometry":{"type":"LineString","coordinates":[[105.8361634,20.9533807],[105.8367634,20.9536137],[105.8371895,20.9537698],[105.8375589,20.9538934],[105.8381995,20.9540975],[105.8385823,20.9542331],[105.838979,20.954391],[105.8394393,20.9545456],[105.8400004,20.9546394],[105.8405068,20.9547196],[105.8411077,20.9548478],[105.8418801,20.9549921],[105.842282,20.9550784],[105.8428189,20.9551948],[105.8431922,20.9552523]]}},{"type":"Feature","properties":{"osm_id":769777579,"osm_type":"way","highway":"secondary","lanes":"2","minspeed:bus:backward":"20","name":"Đường Ngọc Lâm","name:en":"Ngoc Lam Road","oneway":"no","source":"AsiaGPS","surface":"asphalt"},"geometry":{"type":"LineString","coordinates":[[105.8846079,21.0508208],[105.8842,21.0507515],[105.8836868,21.0505781],[105.881608,21.0499566],[105.8791866,21.0498991],[105.8777607,21.0498875],[105.8774361,21.0498848]]}},{"type":"Feature","properties":{"osm_id":488397490,"osm_type":"way","highway":"secondary","lane_markings":"yes","lanes":"2","lit":"yes","maxspeed":"50","name":"Đường Thụy Khuê","name:en":"Thuy Khue Street","name:id":"Jalan Thuy Khue","name:zh":"瑞圭街","oneway":"yes","oneway:bicycle":"no","oneway:mofa":"no","oneway:moped":"no","oneway:motorcycle":"no","smoothness":"intermediate","surface":"asphalt","wikidata":"Q61129233","wikimedia_commons":"Category:Thụy Khuê Street, Hanoi","wikipedia":"vi:Đường Thụy Khuê"},"geometry":{"type":"LineString","coordinates":[[105.8164285,21.0435567],[105.815969,21.0437775],[105.8156628,21.0439621],[105.8152403,21.0442093],[105.8148543,21.0444157],[105.8142918,21.0448188],[105.8138899,21.0452147],[105.8136101,21.0454958],[105.8131479,21.0459104],[105.8128345,21.0461014],[105.8124671,21.0463347],[105.812078,21.0465844],[105.8116012,21.046875],[105.8111931,21.0471252],[105.8108452,21.047416],[105.8104538,21.0476813]]}},{"type":"Feature","properties":{"osm_id":344412631,"osm_type":"way","bicycle":"yes","foot":"yes","highway":"primary","lanes":"2","lit":"yes","name":"Đường Đại Mỗ","ref":"ĐT.70","surface":"asphalt"},"geometry":{"type":"LineString","coordinates":[[105.7691383,20.9842495],[105.7688566,20.9846094],[105.7685956,20.9849637],[105.7682567,20.9854197],[105.7679472,20.985844],[105.7675206,20.9864575],[105.7671849,20.9869246],[105.7669514,20.9872509],[105.7665155,20.9878347],[105.7663036,20.9881529],[105.765926,20.988657],[105.7655311,20.9890237],[105.764985,20.9892207],[105.764557,20.9894663],[105.7644382,20.9896113]]}},{"type":"Feature","properties":{"osm_id":29101506,"osm_type":"way","highway":"tertiary","lane_markings":"no","name":"Phố Quảng Khánh","surface":"asphalt"},"geometry":{"type":"LineString","coordinates":[[105.81995,21.0573688],[105.8194696,21.0572951],[105.8189206,21.0581538],[105.8186888,21.0587132],[105.8185125,21.0592035],[105.8184176,21.0596517],[105.818482,21.0601373],[105.8186483,21.0604677],[105.818973,21.0607916],[105.8194231,21.0610175],[105.8198016,21.0613163],[105.8200357,21.0615957],[105.820436,21.0618419],[105.8208671,21.0620987],[105.8212078,21.0621963],[105.8213548,21.0622598]]}},{"type":"Feature","properties":{"osm_id":332762597,"osm_type":"way","contributor":"GIS_OTS","hgv":"yes","highway":"secondary","lanes":"3","lit":"yes","name":"Đường Hoàng Quốc Việt","name:en":"Hoang Quoc Viet Road","oneway":"yes","smoothness":"good","surface":"asphalt"},"geometry":{"type":"LineString","coordinates":[[105.7975315,21.0463008],[105.7970945,21.0462947],[105.7965743,21.0462911],[105.7955657,21.0462859],[105.7947586,21.0462782],[105.7937803,21.046274],[105.7933656,21.046272],[105.79293,21.0462697],[105.7924377,21.046263],[105.7918599,21.0462615],[105.7912267,21.0462548],[105.7903877,21.0462458],[105.7902893,21.046245]]}},{"type":"Feature","properties":{"osm_id":116432666,"osm_type":"way","highway":"secondary","lanes":"4","lit":"yes","name":"Đường Mễ Trì","name:en":"Me Tri Road","oneway":"yes","surface":"asphalt"},"geometry":{"type":"LineString","coordinates":[[105.7813532,21.0171704],[105.7803451,21.0164442],[105.7800552,21.0162329],[105.7792541,21.0156583],[105.778795,21.0153279],[105.7781549,21.0148669],[105.7775124,21.0144043],[105.7770802,21.0140929],[105.7758657,21.0132216],[105.7754752,21.0129406]]}},{"type":"Feature","properties":{"osm_id":344413423,"osm_type":"way","highway":"trunk","lanes":"4","lit":"yes","maxspeed":"60","name":"Đường Quang Trung","name:en":"Quang Trung Road","oneway":"yes","ref":"QL.6","surface":"asphalt","wikidata":"Q2006553","wikipedia":"vi:Quốc lộ 6"},"geometry":{"type":"LineString","coordinates":[[105.7763411,20.9715433],[105.7757458,20.9710251],[105.7749258,20.9703726],[105.7741961,20.9697934],[105.7732271,20.9690243],[105.7722884,20.9682793],[105.7715354,20.9676816],[105.7709976,20.9672608],[105.7706924,20.9670221]]}},{"type":"Feature","properties":{"osm_id":1040753535,"osm_type":"way","alt_name":"Đông Dư - Dương Xá","highway":"primary","lanes":"3","lit":"yes","maxspeed":"40","name":"Đường Lý Thánh Tông","name:en":"Ly Thanh Tong Road","oneway":"yes","sidewalk":"right","sidewalk:right:surface":"paving_stones","surface":"asphalt"},"geometry":{"type":"LineString","coordinates":[[105.9356307,20.9982729],[105.9360864,20.9984647],[105.9371353,20.9991345],[105.9385909,21.000102],[105.9396448,21.0008025],[105.9399833,21.0010271],[105.940346,21.0012296],[105.9412456,21.0015812],[105.9417982,21.00179],[105.9418907,21.001825]]}},{"type":"Feature","properties":{"osm_id":768030720,"osm_type":"way","alt_name":"Quốc lộ 5B","alt_name:en":"National Highway 5B","alt_ref":"QL.5B","embankment":"yes","highway":"motorway","lanes":"3","lit":"no","maxspeed":"120","motorcycle":"no","name":"Đường cao tốc Hà Nội – Hải Phòng","name:en":"Hanoi – Haiphong Expressway","oneway":"yes","ref":"CT.04","surface":"asphalt"},"geometry":{"type":"LineString","coordinates":[[105.9323797,20.9964511],[105.937263,20.9911355]]}},{"type":"Feature","properties":{"osm_id":596706471,"osm_type":"way","highway":"tertiary","lit":"yes","name":"Đường Âu Cơ","name:en":"Au Co Road","oneway":"no","surface":"asphalt"},"geometry":{"type":"LineString","coordinates":[[105.8223549,21.0758699],[105.8218571,21.0763553],[105.8214633,21.0767496],[105.8211946,21.0770105],[105.8209234,21.0772795],[105.8206998,21.0775849],[105.8203597,21.0780987],[105.8199975,21.0786459],[105.8193274,21.0795184],[105.8189217,21.0802196],[105.8185587,21.0807742],[105.8183082,21.0811718],[105.8180612,21.0815638],[105.8180416,21.0815949]]}},{"type":"Feature","properties":{"osm_id":177466778,"osm_type":"way","highway":"secondary","lanes":"4","lit":"yes","name":"Đường Mễ Trì","name:en":"Me Tri Road","oneway":"yes","surface":"asphalt"},"geometry":{"type":"LineString","coordinates":[[105.7756134,21.0128397],[105.7771871,21.013966],[105.7775122,21.0141987],[105.7778028,21.0144068],[105.7785382,21.0149333],[105.7793593,21.0155211],[105.7798684,21.0158855],[105.7802885,21.0161793],[105.781234,21.0168632],[105.7814647,21.0170306]]}},{"type":"Feature","properties":{"osm_id":1376021708,"osm_type":"way","highway":"secondary","lanes":"2","lit":"yes","man_made":"dyke","motor_vehicle:conditional":"no @ (Aug 29 21:30-23:59; Aug 30 00:00-13:30; Sep 1 17:00-23:59; Sep 2 00:00-16:00)","name":"Đường Hoàng Hoa Thám","name:en":"Hoang Hoa Tham Road","name:id":"Jalan Hoang Hoa Tham","name:ja":"ホアンホアタム通り","name:vi":"Đường Hoàng Hoa Thám","name:zh":"黄花探街","surface":"asphalt"},"geometry":{"type":"LineString","coordinates":[[105.8287305,21.0396162],[105.8290881,21.0399381],[105.8294961,21.0403628],[105.8300901,21.0409763],[105.8303922,21.0412883],[105.8307771,21.04154],[105.8312646,21.0417151],[105.8318134,21.0418179],[105.832291,21.0418591],[105.8334509,21.041894],[105.8339251,21.0418794],[105.8343752,21.0418683],[105.8347659,21.0418587],[105.8350973,21.0418506]]}},{"type":"Feature","properties":{"osm_id":399856729,"osm_type":"way","highway":"tertiary","lanes":"2","name":"Phố Thép Mới","name:en":"Thep Moi Street","surface":"asphalt"},"geometry":{"type":"LineString","coordinates":[[105.9072233,21.067285],[105.9076629,21.0669055],[105.9080458,21.0665743],[105.9083132,21.066343],[105.9089049,21.0658312],[105.9090878,21.0652185],[105.9093185,21.0644454],[105.9094512,21.0640007],[105.9095636,21.0636242],[105.9093933,21.0631592],[105.9092116,21.062761],[105.909053,21.0623838],[105.9086795,21.0616262],[105.9084959,21.0612624],[105.9084703,21.0612124]]}},{"type":"Feature","properties":{"osm_id":761986899,"osm_type":"way","alt_name":"Quốc lộ 5B","alt_name:en":"National Highway 5B","alt_ref":"QL.5B","embankment":"yes","highway":"motorway","lanes":"3","lit":"no","maxspeed":"120","motorcycle":"no","name":"Đường cao tốc Hà Nội – Hải Phòng","name:en":"Hanoi – Haiphong Expressway","oneway":"yes","ref":"CT.04","surface":"asphalt"},"geometry":{"type":"LineString","coordinates":[[105.9374437,20.9912851],[105.9326002,20.9965544]]}},{"type":"Feature","properties":{"osm_id":600494888,"osm_type":"way","highway":"secondary","name":"Phố Nguyễn Hữu Thọ","name:en":"Nguyen Huu Tho Street","oneway":"yes","source":"grab_hanoi_2018_t5"},"geometry":{"type":"LineString","coordinates":[[105.829046,20.969096],[105.8294492,20.9692803],[105.8298059,20.9693559],[105.830471,20.9693582],[105.830809,20.9694547],[105.8317093,20.9697243],[105.8321311,20.9698574],[105.8331648,20.9701913],[105.8339396,20.9704581],[105.8345708,20.970656],[105.8350391,20.9707687],[105.8357182,20.9708037],[105.8359224,20.9708118]]}},{"type":"Feature","properties":{"osm_id":1391521949,"osm_type":"way","highway":"primary","lit":"yes","name":"Đại lộ Thăng Long","name:en":"Thang Long Avenue","oneway":"yes","surface":"asphalt"},"geometry":{"type":"LineString","coordinates":[[105.7804292,21.0031583],[105.7800694,21.0032334],[105.7795729,21.0033601],[105.7791308,21.0035192],[105.7785342,21.0037736],[105.7780577,21.0039537],[105.7775616,21.0040719],[105.7766674,21.0042443],[105.775675,21.0044637],[105.7751493,21.0045799],[105.77424,21.0047872],[105.7738979,21.004865],[105.7735377,21.0049388]]}},{"type":"Feature","properties":{"osm_id":1040451801,"osm_type":"way","alt_name":"Đông Dư - Dương Xá","highway":"primary","lanes":"3","lit":"yes","maxspeed":"40","name":"Đường Lý Thánh Tông","name:en":"Ly Thanh Tong Road","oneway":"yes","sidewalk":"right","sidewalk:right:surface":"paving_stones","surface":"asphalt"},"geometry":{"type":"LineString","coordinates":[[105.9417027,21.0019119],[105.9413537,21.0017804],[105.9407529,21.001554],[105.9404115,21.0014248],[105.940005,21.0012257],[105.9396472,21.0010015],[105.9384825,21.0002274],[105.937376,20.999492],[105.9362564,20.9987478],[105.9356696,20.998449],[105.9355426,20.9984021]]}},{"type":"Feature","properties":{"osm_id":220688291,"osm_type":"way","destination":"An Dương Vương","highway":"primary_link","lit":"yes","name":"Hướng đi An Dương Vương","oneway":"yes","surface":"asphalt"},"geometry":{"type":"LineString","coordinates":[[105.7887023,21.0812011],[105.7889585,21.0817621],[105.7892275,21.0820061],[105.7894186,21.082328],[105.7892682,21.0827623],[105.7889833,21.0829934],[105.7885816,21.0833138],[105.788302,21.0837447],[105.7880702,21.0843507],[105.7877499,21.0851828],[105.7875074,21.0854817],[105.7870155,21.0855725],[105.7862566,21.0855105],[105.7858472,21.0855541],[105.7856821,21.0858144]]}},{"type":"Feature","properties":{"osm_id":684702465,"osm_type":"way","highway":"tertiary","lanes":"2","name":"Phố Đại Linh","note":"Phố Đại Linh không cắt ngang qua Lê Quang Đạo. Không dùng ảnh vệ tinh đã lỗi thời để chỉnh sửa.","surface":"asphalt"},"geometry":{"type":"LineString","coordinates":[[105.7707189,20.9965195],[105.7696647,20.9968839],[105.7693272,20.9969869],[105.7689283,20.9970981],[105.7681282,20.9973174],[105.7670392,20.9976605],[105.7663257,20.9978752],[105.7654229,20.9981435],[105.7650217,20.9982484],[105.7640075,20.9985154],[105.7639068,20.9985375]]}},{"type":"Feature","properties":{"osm_id":788967973,"osm_type":"way","highway":"primary","lanes":"3","lit":"yes","maxheight":"4.7","name":"Đường Xuân Thủy","name:en":"Xuan Thuy Road","oneway":"yes","sidewalk:left":"no","sidewalk:right":"separate","surface":"asphalt"},"geometry":{"type":"LineString","coordinates":[[105.7887934,21.0364902],[105.7882301,21.0365183],[105.7876321,21.0365473],[105.787025,21.036572],[105.7865815,21.0365893],[105.7860891,21.0366121],[105.7854162,21.036636],[105.7841586,21.0366755],[105.783778,21.036687],[105.7833225,21.0367021],[105.7820557,21.0367385],[105.7816941,21.0367458]]}},{"type":"Feature","properties":{"osm_id":36726915,"osm_type":"way","embankment":"yes","highway":"primary","name":"Đê Phương Trạch","ref":"ĐT.406","source":"AsiaGPS"},"geometry":{"type":"LineString","coordinates":[[105.8696555,21.0717499],[105.8704606,21.072048],[105.8708384,21.0721693],[105.8717391,21.0724056],[105.872466,21.0726304],[105.8734034,21.0729204],[105.8738955,21.0730839],[105.8743325,21.0732478],[105.8750443,21.0735515],[105.8757591,21.0738732],[105.8763155,21.0741208]]}},{"type":"Feature","properties":{"osm_id":566031871,"osm_type":"way","highway":"primary","lanes":"3","lit":"yes","loc_name":"Quốc lộ 1A cũ","name":"Đường Ngô Gia Tự","name:en":"Ngo Gia Tu Road","oneway":"yes","surface":"asphalt"},"geometry":{"type":"LineString","coordinates":[[105.902242,21.0698244],[105.9027661,21.0703633],[105.9030969,21.0707034],[105.9033928,21.0710075],[105.903676,21.0712986],[105.9041276,21.0717628],[105.9047728,21.0724217],[105.9054693,21.0731301],[105.9063637,21.0739786],[105.9072551,21.0748202]]}},{"type":"Feature","properties":{"osm_id":597555283,"osm_type":"way","highway":"tertiary","name":"Đường Phan Bá Vành"},"geometry":{"type":"LineString","coordinates":[[105.7730928,21.0549399],[105.7729426,21.0546065],[105.7725389,21.0538185],[105.7719529,21.0525994],[105.7714174,21.0517516],[105.770931,21.0510475],[105.7706359,21.050662],[105.770239,21.0500612],[105.769673,21.0491675],[105.7694933,21.0488897]]}},{"type":"Feature","properties":{"osm_id":208359477,"osm_type":"way","highway":"secondary","lanes":"3","lit":"yes","name":"Phố Chu Huy Mân","name:en":"Chu Huy Man Street","oneway":"yes","surface":"asphalt"},"geometry":{"type":"LineString","coordinates":[[105.9169702,21.0505163],[105.916332,21.0501945],[105.9157641,21.0499082],[105.9132459,21.0486382],[105.9125943,21.0483096],[105.9118866,21.0479455],[105.9112711,21.0476349],[105.9109079,21.0474494],[105.9106655,21.047355]]}},{"type":"Feature","properties":{"osm_id":954183036,"osm_type":"way","contributor":"GIS_OTS","hgv":"yes","highway":"secondary","lanes":"4","lit":"yes","name":"Đường Hoàng Quốc Việt","name:en":"Hoang Quoc Viet Road","oneway":"yes","surface":"asphalt"},"geometry":{"type":"LineString","coordinates":[[105.7984798,21.0461069],[105.7993495,21.0461197],[105.8003978,21.0461251],[105.8007895,21.0461272],[105.8013006,21.0461299],[105.8018385,21.0461327],[105.8023712,21.0461355],[105.8030611,21.0461363],[105.8042263,21.0461347],[105.8048071,21.0461339],[105.8052348,21.0461334],[105.8055269,21.0461122]]}},{"type":"Feature","properties":{"osm_id":911435179,"osm_type":"way","highway":"secondary","lanes":"2","lit":"yes","maxspeed":"50","name":"Đường Phạm Tu","name:en":"Pham Tu Road","oneway":"yes","surface":"asphalt"},"geometry":{"type":"LineString","coordinates":[[105.7999357,20.965507],[105.8006726,20.9658629],[105.8012804,20.9662155],[105.8016598,20.9664308],[105.8026143,20.9669498],[105.8038811,20.9676347],[105.8042006,20.967795],[105.8046347,20.9679997],[105.8050552,20.9682418],[105.8055572,20.9685906],[105.8058901,20.9688752],[105.805948,20.969047]]}},{"type":"Feature","properties":{"osm_id":1040451799,"osm_type":"way","highway":"trunk","int_ref":"AH14","lanes":"3","lit":"yes","name":"Đường Nguyễn Đức Thuận","name:en":"Nguyen Duc Thuan Road","oneway":"yes","ref":"QL.5","source":"Yahoo","surface":"asphalt"},"geometry":{"type":"LineString","coordinates":[[105.9481913,21.0139906],[105.952776,21.0106497],[105.953756,21.0099368],[105.9538724,21.0098521]]}},{"type":"Feature","properties":{"osm_id":702487594,"osm_type":"way","highway":"tertiary","lit":"yes","name":"Phố Nguyễn Xuân Khoát","oneway":"yes","surface":"asphalt"},"geometry":{"type":"LineString","coordinates":[[105.7966534,21.0674835],[105.7961348,21.0673419],[105.7952269,21.0670212],[105.7942152,21.0666859],[105.7936047,21.0664607],[105.7924066,21.0660298],[105.7912128,21.0655838],[105.7908024,21.0654325],[105.7902069,21.0652204],[105.7900189,21.0651971]]}},{"type":"Feature","properties":{"osm_id":1408280916,"osm_type":"way","bicycle":"no","foot":"no","highway":"trunk","horse":"no","lanes":"3","maxspeed":"60","maxspeed:motorcar":"60","motorcycle":"no","name":"Đường Võ Chí Công","name:en":"Vo Chi Cong Road","name:vi":"Đường Võ Chí Công","oneway":"yes","surface":"asphalt","wikidata":"Q10841033","wikipedia":"vi:Đường vành đai 2 (Hà Nội)"},"geometry":{"type":"LineString","coordinates":[[105.8093325,21.0708271],[105.8094798,21.0711494],[105.8111367,21.0752367],[105.8115921,21.076263],[105.8119779,21.0769151],[105.8122125,21.0772119]]}},{"type":"Feature","properties":{"osm_id":599507487,"osm_type":"way","highway":"trunk","lanes":"4","lit":"yes","maxspeed":"60","name":"Đường Quang Trung","name:en":"Quang Trung Road","ref":"QL.6","surface":"asphalt","wikidata":"Q2006553","wikipedia":"vi:Quốc lộ 6"},"geometry":{"type":"LineString","coordinates":[[105.7507549,20.9516289],[105.7510524,20.9518616],[105.7513732,20.9521113],[105.7516754,20.9523361],[105.7524417,20.9529129],[105.752814,20.9531926],[105.7535711,20.9537779],[105.7540901,20.9541593],[105.7546144,20.954544],[105.7552803,20.9550496],[105.7563676,20.9558485]]}},{"type":"Feature","properties":{"osm_id":158632061,"osm_type":"way","highway":"secondary","lanes":"2","lit":"yes","name":"Phố Trung Kính","name:en":"Trung Kinh Street","oneway":"no","surface":"asphalt"},"geometry":{"type":"LineString","coordinates":[[105.7957481,21.0142237],[105.7962752,21.0140856],[105.7968755,21.0139867],[105.7973221,21.0139362],[105.7977188,21.0138745],[105.7983234,21.0137879],[105.7996575,21.0135718],[105.8000947,21.0134405],[105.8004462,21.0133137],[105.8008471,21.0133141],[105.8012314,21.0133606],[105.8018194,21.013423],[105.8021998,21.0134657],[105.8026473,21.0135159]]}},{"type":"Feature","properties":{"osm_id":408822902,"osm_type":"way","highway":"trunk","lanes":"3","lit":"yes","maxheight":"4.75","motorcycle":"yes","name":"Đường Hồ Tùng Mậu","name:en":"Ho Tung Mau Road","old_name":"Liên tỉnh lộ 11A","oneway":"yes","ref":"QL.32","surface":"asphalt"},"geometry":{"type":"LineString","coordinates":[[105.7794706,21.0366886],[105.7789391,21.0366881],[105.7784843,21.0367071],[105.7780699,21.0367425],[105.7775566,21.0368265],[105.7768842,21.0369986],[105.7760617,21.0372582],[105.775719,21.0373651],[105.7751516,21.0375344],[105.7743261,21.0377961],[105.7737524,21.0379533],[105.7733272,21.0380647],[105.772676,21.0382342]]}},{"type":"Feature","properties":{"osm_id":500579222,"osm_type":"way","highway":"tertiary","lanes":"2","name":"Đường Lý Sơn","name:en":"Ly Son Road","oneway":"no","surface":"asphalt"},"geometry":{"type":"LineString","coordinates":[[105.8793502,21.0688667],[105.8795617,21.0685553],[105.8798658,21.0680526],[105.8801282,21.0675154],[105.8804104,21.0668841],[105.8806396,21.0662334],[105.8808,21.0656969],[105.8809861,21.065153],[105.8811752,21.0645322],[105.8813205,21.0640366],[105.8815232,21.0634002],[105.8816235,21.062987],[105.8814977,21.0624256],[105.8814534,21.062353]]}},{"type":"Feature","properties":{"osm_id":415813826,"osm_type":"way","highway":"secondary","lanes":"2","lit":"yes","name":"Đường Hoàng Minh Thảo","name:en":"Hoang Minh Thao Road","oneway":"yes","source":"DigitalGlobe","surface":"asphalt"},"geometry":{"type":"LineString","coordinates":[[105.7973636,21.0627176],[105.7964053,21.0627248],[105.7957971,21.0627256],[105.7953068,21.0627348],[105.7940586,21.0627377],[105.7936083,21.0627358],[105.7903696,21.062736]]}},{"type":"Feature","properties":{"osm_id":707850141,"osm_type":"way","highway":"trunk","lanes":"3","lit":"yes","name":"Đường trục phía Nam","oneway":"yes","ref":"QL.21C","surface":"asphalt","turn:lanes":"through|through|through;right"},"geometry":{"type":"LineString","coordinates":[[105.7857706,20.9458158],[105.7863616,20.9477948],[105.7864849,20.9482078],[105.7865824,20.9485631],[105.7873153,20.9512334],[105.7875195,20.9519773],[105.787731,20.952513]]}},{"type":"Feature","properties":{"osm_id":710191402,"osm_type":"way","embankment":"yes","highway":"primary","lanes":"2","name":"Đường Long Biên – Xuân Quan","name:en":"Long Bien – Xuan Quan Road","name:vi":"Đường Long Biên – Xuân Quan","ref":"ĐT.195","surface":"asphalt"},"geometry":{"type":"LineString","coordinates":[[105.8728378,21.0353082],[105.8721207,21.0357596],[105.8705681,21.0367089],[105.8700344,21.0370363],[105.8687567,21.0378597],[105.8680197,21.0383179],[105.8674938,21.0386356],[105.867186,21.0388216],[105.8669011,21.0389734]]}},{"type":"Feature","properties":{"osm_id":600602489,"osm_type":"way","highway":"primary","lit":"yes","name":"Phố Hoàng Liệt","name:en":"Hoang Liet Street","oneway":"yes","surface":"asphalt"},"geometry":{"type":"LineString","coordinates":[[105.8346566,20.9662151],[105.8352643,20.9661159],[105.8357022,20.9660562],[105.8362509,20.9660033],[105.8367259,20.9659593],[105.8372178,20.9659137],[105.8377602,20.9658569],[105.8382014,20.9658044],[105.8385985,20.9657547],[105.8389796,20.9657113],[105.8401223,20.9656375],[105.8407417,20.9656138],[105.8412969,20.9655925],[105.8415898,20.9655829]]}},{"type":"Feature","properties":{"osm_id":208808766,"osm_type":"way","bus:lanes":"designated|yes|yes","highway":"primary","lanes":"3","lit":"yes","maxheight:lanes":"3.7||","name":"Đường Lê Trọng Tấn","oneway":"yes","surface":"asphalt"},"geometry":{"type":"LineString","coordinates":[[105.7586125,20.9658808],[105.7590107,20.9656602],[105.7595371,20.9653489],[105.761304,20.9643422],[105.7618399,20.9640368],[105.7627881,20.9634965],[105.7634158,20.9631389],[105.7642981,20.9626362],[105.7646622,20.9624287]]}},{"type":"Feature","properties":{"osm_id":599240419,"osm_type":"way","alt_name":"Đường Vành đai 2.5","alt_name:en":"Ring Road 2.5","highway":"primary","lanes":"2","lit":"yes","name":"Phố Vĩnh Hoàng","name:en":"Vinh Hoang Street","oneway":"yes","surface":"asphalt"},"geometry":{"type":"LineString","coordinates":[[105.8708101,20.9837695],[105.8703112,20.983771],[105.8697634,20.9837727],[105.869091,20.9837747],[105.8685243,20.9837765],[105.8669755,20.9837859],[105.8665677,20.9837874],[105.8658446,20.9837845],[105.8650771,20.9837798],[105.8643564,20.9837753],[105.8639824,20.9837714],[105.8638509,20.9837746]]}},{"type":"Feature","properties":{"osm_id":769777578,"osm_type":"way","highway":"primary","lanes":"3","lit":"yes","loc_name":"Quốc lộ 1A cũ","name":"Đường Nguyễn Văn Cừ","name:en":"Nguyen Van Cu Road","oneway":"yes","surface":"asphalt"},"geometry":{"type":"LineString","coordinates":[[105.8846079,21.0508208],[105.8843741,21.0505295],[105.8839522,21.0500525],[105.8835369,21.0496646],[105.8831076,21.0493067],[105.8823201,21.0489016],[105.8819213,21.0487072],[105.8810814,21.0482951],[105.8807034,21.0481135],[105.8802937,21.047917],[105.8796925,21.0476286],[105.8787878,21.0471811]]}},{"type":"Feature","properties":{"osm_id":163360942,"osm_type":"way","embankment":"yes","highway":"secondary","lanes":"2","name":"Đường Gia Thượng","name:en":"Gia Thuong Road","oneway":"no","surface":"asphalt","turn:lanes:backward":"left;through","turn:lanes:forward":"through"},"geometry":{"type":"LineString","coordinates":[[105.8812834,21.0704081],[105.8817758,21.0706161],[105.8837365,21.0714441],[105.8853964,21.0721451],[105.8858814,21.07235],[105.8864478,21.0725811],[105.8868083,21.0726895],[105.8873494,21.0729368],[105.8876749,21.0731157]]}},{"type":"Feature","properties":{"osm_id":406403961,"osm_type":"way","highway":"tertiary","lanes":"4","lit":"yes","name":"Phố Đỗ Đức Dục","surface":"asphalt"},"geometry":{"type":"LineString","coordinates":[[105.7813295,21.0075143],[105.7815429,21.0079355],[105.782361,21.0085332],[105.7829026,21.0089008],[105.7833344,21.0092193],[105.7843189,21.00993],[105.7848133,21.0102905],[105.7852269,21.0105876],[105.7856066,21.0108628],[105.7861578,21.0112543],[105.7866552,21.0116005],[105.7868004,21.0117028]]}},{"type":"Feature","properties":{"osm_id":602802125,"osm_type":"way","highway":"tertiary","name":"Phố Nguyễn Mậu Tài","name:en":"Nguyen Mau Tai Street","surface":"asphalt"},"geometry":{"type":"LineString","coordinates":[[105.9371681,21.0189564],[105.9380322,21.0184328],[105.9385578,21.0181143],[105.9397013,21.0174215],[105.94023,21.0170291],[105.9409701,21.016477],[105.9424035,21.0154076],[105.9428294,21.0150899],[105.9428907,21.0150442]]}},{"type":"Feature","properties":{"osm_id":627918375,"osm_type":"way","highway":"primary","lanes":"3","lit":"yes","loc_name":"Quốc lộ 1A cũ","name":"Đường Nguyễn Văn Cừ","name:en":"Nguyen Van Cu Road","oneway":"yes","surface":"asphalt"},"geometry":{"type":"LineString","coordinates":[[105.878591,21.0469646],[105.8796344,21.047467],[105.8803531,21.0478124],[105.8808728,21.0480619],[105.8813555,21.0483011],[105.881839,21.0485435],[105.8822713,21.0487561],[105.8830187,21.0491131],[105.8834265,21.049399],[105.8840137,21.0499036],[105.8843394,21.050255],[105.8844999,21.0504515]]}},{"type":"Feature","properties":{"osm_id":251931717,"osm_type":"way","highway":"trunk","lanes":"3","lit":"yes","maxspeed:motorcar":"90","name":"Đường trục phía Nam","oneway":"yes","ref":"QL.21C","surface":"asphalt"},"geometry":{"type":"LineString","coordinates":[[105.7873882,20.9525444],[105.7873507,20.9521886],[105.786365,20.9487298],[105.7856333,20.945851]]}},{"type":"Feature","properties":{"osm_id":251794095,"osm_type":"way","alt_name":"Đường Vành đai 2.5","alt_name:en":"Ring Road 2.5","highway":"primary","lanes":"2","lit":"yes","name":"Phố Vĩnh Hoàng","name:en":"Vinh Hoang Street","oneway":"yes","surface":"asphalt"},"geometry":{"type":"LineString","coordinates":[[105.863866,20.983626],[105.8658467,20.9836331],[105.8665695,20.9836346],[105.8669782,20.983634],[105.8676472,20.9836396],[105.8685244,20.9836383],[105.8697651,20.9836361],[105.8702722,20.9836365],[105.8707118,20.9836384],[105.8707903,20.9836371]]}},{"type":"Feature","properties":{"osm_id":596300520,"osm_type":"way","highway":"primary","lanes":"5","lit":"yes","name":"Đại lộ Thăng Long","name:en":"Thang Long Avenue","oneway":"yes","surface":"asphalt"},"geometry":{"type":"LineString","coordinates":[[105.7574976,21.0079987],[105.7561096,21.0082609],[105.7556843,21.0083505],[105.7540436,21.0087054],[105.7535641,21.0088091],[105.7515391,21.0092103],[105.7507546,21.0093664]]}},{"type":"Feature","properties":{"osm_id":38135679,"osm_type":"way","highway":"primary","lanes":"3","lit":"yes","motor_vehicle:conditional":"no @ (Aug 29 21:30-23:59; Aug 30 00:00-13:30; Sep 1 17:00-23:59; Sep 2 00:00-16:00)","name":"Đường Láng","name:en":"Lang Road","oneway":"yes","sidewalk:left":"no","sidewalk:right":"separate","surface":"asphalt"},"geometry":{"type":"LineString","coordinates":[[105.8109915,21.0109719],[105.8099868,21.0116582],[105.809304,21.0121284],[105.8088626,21.0124302],[105.8082128,21.0128887],[105.8076953,21.0132547],[105.8069983,21.0137662],[105.8064682,21.0141781],[105.8059684,21.0146264],[105.8055062,21.0150817]]}},{"type":"Feature","properties":{"osm_id":180131834,"osm_type":"way","embankment":"yes","highway":"primary","lanes":"2","lit":"yes","name":"Đường Phan Đăng Lưu","name:en":"Phan Dang Luu Road","surface":"asphalt"},"geometry":{"type":"LineString","coordinates":[[105.9046321,21.0815322],[105.9062811,21.0811693],[105.9073911,21.080925],[105.9079869,21.0807939],[105.9083741,21.0807094],[105.9107311,21.0801899],[105.9113367,21.0800566]]}},{"type":"Feature","properties":{"osm_id":847087479,"osm_type":"way","highway":"primary","lanes":"3","lit":"yes","loc_name":"Quốc lộ 1A cũ","name":"Đường Nguyễn Văn Cừ","name:en":"Nguyen Van Cu Road","name:id":"Jalan Nguyen Van Cu","oneway":"yes","surface":"asphalt"},"geometry":{"type":"LineString","coordinates":[[105.8722698,21.0439202],[105.8717328,21.0435217],[105.8714667,21.0432571],[105.8710448,21.0428309],[105.8706398,21.0424098],[105.8702501,21.0420115],[105.8699535,21.0417416],[105.8696461,21.0414907],[105.8691022,21.0411258],[105.8687012,21.0409254],[105.8683482,21.04079],[105.8666675,21.0401474]]}},{"type":"Feature","properties":{"osm_id":875229033,"osm_type":"way","bridge":"yes","foot":"yes","highway":"trunk","lanes":"3","layer":"1","lit":"yes","maxspeed":"60","name":"Cầu Vĩnh Tuy","name:en":"Vinh Tuy Bridge","name:ko":"빈투이교","oneway":"yes","sidewalk":"no","surface":"asphalt"},"geometry":{"type":"LineString","coordinates":[[105.8747358,21.0030598],[105.8742987,21.0026301],[105.8738674,21.0021726],[105.8733916,21.0017009],[105.8728106,21.0011229],[105.8722024,21.0005527],[105.871725,21.0001471],[105.8713904,20.9998961],[105.8710427,20.9996573],[105.8706511,20.9994381],[105.8702766,20.9992509],[105.8695802,20.9989798],[105.8693972,20.9989086]]}},{"type":"Feature","properties":{"osm_id":136266024,"osm_type":"way","highway":"tertiary","lanes":"2","name":"Phố Nguyễn Văn Ninh","name:en":"Ngyen Van Ninh Street","surface":"asphalt"},"geometry":{"type":"LineString","coordinates":[[105.9135766,21.0580225],[105.9128324,21.0583251],[105.9123441,21.0585298],[105.9114354,21.0589182],[105.911031,21.0590899],[105.9098572,21.0595883],[105.9093426,21.0598068],[105.9081919,21.0602954],[105.9077363,21.0604888],[105.9072749,21.0606847]]}},{"type":"Feature","properties":{"osm_id":693491243,"osm_type":"way","highway":"tertiary","lanes":"2","lit":"yes","motor_vehicle:conditional":"no @ (Aug 29 21:30-23:59; Aug 30 00:00-13:30; Sep 1 17:00-23:59; Sep 2 00:00-16:00)","name":"Phố Đội Cấn","name:en":"Doi Can Street","name:id":"Jalan Doi Can","name:ja":"ドイカン通り","name:zh":"队艮街","oneway":"no","surface":"asphalt"},"geometry":{"type":"LineString","coordinates":[[105.8203401,21.0352888],[105.8207769,21.0352416],[105.8214037,21.0352026],[105.8218074,21.0351658],[105.8222169,21.0351414],[105.8225954,21.0351148],[105.8230615,21.0350808],[105.8238702,21.0350099],[105.8244319,21.0349645],[105.8249078,21.0349283],[105.8252649,21.0348986],[105.8256499,21.0348632],[105.8260704,21.0348322],[105.8264687,21.0348051],[105.8269575,21.0347693],[105.8271558,21.0347458]]}},{"type":"Feature","properties":{"osm_id":1501301952,"osm_type":"way","alt_name":"Đường K2","highway":"tertiary","name":"Đường Nguyễn Văn Giáp","smoothness":"intermediate","surface":"concrete"},"geometry":{"type":"LineString","coordinates":[[105.7554408,21.0216508],[105.7552315,21.0213659],[105.7550355,21.0209791],[105.7548185,21.0204427],[105.7544932,21.0199782],[105.7543229,21.0195967],[105.7541597,21.0192301],[105.7541314,21.0186635],[105.754269,21.0182063],[105.7546862,21.0177277],[105.7554661,21.0168979],[105.7557926,21.0165318],[105.7562498,21.0159043]]}},{"type":"Feature","properties":{"osm_id":28190348,"osm_type":"way","hgv":"no","highway":"secondary","lanes":"2","lit":"yes","name":"Đường Thanh Niên","name:en":"Thanh Nien Road","name:ja":"タンニエン通り","name:zh":"青年路","oneway":"yes","surface":"asphalt"},"geometry":{"type":"LineString","coordinates":[[105.8363039,21.0440074],[105.8364082,21.0446518],[105.8365255,21.0456116],[105.8366065,21.0461704],[105.8367095,21.0467446],[105.8370797,21.0472139],[105.837565,21.0476588],[105.8379102,21.0479784],[105.838449,21.0485945],[105.8388296,21.049239],[105.839228,21.0499048]]}},{"type":"Feature","properties":{"osm_id":37861153,"osm_type":"way","highway":"tertiary","name":"Phố Định Công Thượng","name:en":"Dinh Cong Thuong Street","oneway":"no","surface":"asphalt"},"geometry":{"type":"LineString","coordinates":[[105.8193189,20.9804351],[105.8195661,20.9807415],[105.8198524,20.9811287],[105.8200728,20.9814532],[105.8204858,20.9820242],[105.8207124,20.9823025],[105.8209915,20.982626],[105.8212319,20.9829528],[105.8215725,20.9833004],[105.8219037,20.9836901],[105.8221381,20.9840281],[105.8223177,20.984457],[105.8224937,20.9847945],[105.822841,20.9847192],[105.8232241,20.9845604],[105.8235626,20.9844087],[105.8238136,20.9842945]]}},{"type":"Feature","properties":{"osm_id":239370934,"osm_type":"way","highway":"trunk","lanes":"4","lit":"yes","maxspeed":"60","name":"Đường Nguyễn Trãi","name:en":"Nguyen Trai Road","oneway":"yes","ref":"QL.6","surface":"asphalt","wikidata":"Q2006553","wikipedia":"vi:Quốc lộ 6"},"geometry":{"type":"LineString","coordinates":[[105.7942737,20.984951],[105.794879,20.9853816],[105.7953334,20.9857049],[105.7961635,20.9862954],[105.7964747,20.9865167],[105.7967818,20.9867352],[105.7973263,20.9871225],[105.7982353,20.9877691],[105.7988867,20.9882325],[105.7994227,20.9886138],[105.7998329,20.9889055]]}},{"type":"Feature","properties":{"osm_id":384534336,"osm_type":"way","highway":"tertiary","name":"Phố Đồng Dinh","name:en":"Dong Dinh Street","source":"grab_hanoi_2018_t5"},"geometry":{"type":"LineString","coordinates":[[105.9111374,21.0207714],[105.9114145,21.0213454],[105.911627,21.0216484],[105.9123935,21.0220547],[105.9132651,21.0225149],[105.9147337,21.0233457],[105.9152066,21.0235389],[105.9157114,21.023627],[105.9162946,21.023666],[105.916861,21.023665],[105.9169528,21.0236875]]}},{"type":"Feature","properties":{"osm_id":28913695,"osm_type":"way","bicycle":"yes","foot":"yes","highway":"secondary","lanes":"2","name":"Đường Khương Đình","name:en":"Khuong Dinh Road","oneway":"no","source":"grab_hanoi_2018_t5","surface":"asphalt"},"geometry":{"type":"LineString","coordinates":[[105.8134625,20.9862914],[105.8132332,20.986884],[105.8131154,20.9872815],[105.8129398,20.9879351],[105.812921,20.9883959],[105.8129515,20.9888135],[105.8130111,20.989291],[105.8130827,20.9898029],[105.8131444,20.9903558],[105.8132976,20.9911054],[105.8134513,20.9917875],[105.8136224,20.9923383],[105.813797,20.9928586],[105.8138143,20.9929211]]}},{"type":"Feature","properties":{"osm_id":602802116,"osm_type":"way","highway":"tertiary","name":"Phố Cửu Việt","name:en":"Cuu Viet Street","sidewalk":"both","surface":"asphalt"},"geometry":{"type":"LineString","coordinates":[[105.9409701,21.016477],[105.9402251,21.0155983],[105.9399054,21.0152212],[105.9397639,21.0148732],[105.9394933,21.013941],[105.9393936,21.0135973],[105.9392054,21.0129488],[105.9390712,21.0124863],[105.9387975,21.0115432],[105.9386624,21.0110776],[105.9385594,21.0107228],[105.938433,21.0102872]]}},{"type":"Feature","properties":{"osm_id":38136736,"osm_type":"way","highway":"secondary","lanes":"2","lit":"yes","name":"Phố Bạch Mai","name:en":"Bach Mai Street","oneway":"no","surface":"asphalt"},"geometry":{"type":"LineString","coordinates":[[105.8499573,20.9961284],[105.8500515,20.9968868],[105.8501165,20.9974131],[105.8501587,20.997833],[105.8502327,20.9983554],[105.8502943,20.9988078],[105.8503708,20.9993217],[105.8504231,20.9996804],[105.8505162,21.000266],[105.8505715,21.0006347],[105.8506254,21.0009951],[105.8506829,21.0014134],[105.8507485,21.0018904],[105.8508603,21.002723],[105.8508753,21.002847]]}},{"type":"Feature","properties":{"osm_id":669491668,"osm_type":"way","hgv:backward":"no","highway":"tertiary","lanes":"2","lit":"yes","maxweight":"8","name":"Đường Phương Canh","surface":"asphalt"},"geometry":{"type":"LineString","coordinates":[[105.7516164,21.0351626],[105.7527524,21.0354912],[105.7532304,21.0357068],[105.7535519,21.0358501],[105.753954,21.0360373],[105.75449,21.0362325],[105.7549973,21.0364131],[105.7553814,21.0365112],[105.755834,21.0366262],[105.7565166,21.0368014],[105.7569685,21.0369285],[105.7575109,21.0370753],[105.7579071,21.0371885],[105.7580319,21.0372254]]}},{"type":"Feature","properties":{"osm_id":1206350890,"osm_type":"way","contributor":"GIS_OTS","hgv":"yes","highway":"secondary","lanes":"3","lit":"yes","name":"Đường Hoàng Quốc Việt","name:en":"Hoang Quoc Viet Road","oneway":"yes","surface":"asphalt"},"geometry":{"type":"LineString","coordinates":[[105.8045398,21.0463168],[105.8040134,21.0463164],[105.8036364,21.0463162],[105.8031931,21.0463159],[105.8026165,21.0463154],[105.8022117,21.0463151],[105.8011084,21.0463143],[105.8003926,21.0463129],[105.7995016,21.0463107],[105.7990136,21.0463075],[105.7981898,21.0463076],[105.7977932,21.0463067]]}},{"type":"Feature","properties":{"osm_id":601529284,"osm_type":"way","highway":"primary","lanes":"4","lit":"yes","motor_vehicle:conditional":"no @ (Aug 29 21:30-23:59; Aug 30 00:00-13:30; Sep 1 17:00-23:59; Sep 2 00:00-16:00)","name":"Đường Lê Duẩn","name:en":"Le Duan Road","oneway":"no","sidewalk":"both","smoothness":"good","surface":"asphalt"},"geometry":{"type":"LineString","coordinates":[[105.8414099,21.0174645],[105.8413987,21.0167095],[105.8414158,21.0162187],[105.8414068,21.0153146],[105.8413939,21.0145829],[105.8413787,21.0134169],[105.8413515,21.0110836],[105.8413476,21.010746]]}},{"type":"Feature","properties":{"osm_id":703952681,"osm_type":"way","highway":"secondary","lanes":"3","lit":"yes","name":"Phố Hội Xá","name:en":"Hoi Xa Street","oneway":"yes","surface":"asphalt"},"geometry":{"type":"LineString","coordinates":[[105.9143943,21.0561929],[105.9145954,21.0558153],[105.9166248,21.0522506],[105.916811,21.0519236],[105.9171361,21.0513526],[105.9174,21.0508889],[105.9176068,21.0505257],[105.9177047,21.0503536]]}},{"type":"Feature","properties":{"osm_id":854837628,"osm_type":"way","highway":"tertiary","lanes":"2","lit":"yes","maxspeed":"30","name":"Đường Hải Đăng","oneway":"yes","surface":"asphalt"},"geometry":{"type":"LineString","coordinates":[[105.9507434,20.9885921],[105.9502411,20.9888876],[105.9496355,20.9892307],[105.9493127,20.9894151],[105.9487574,20.989729],[105.9484326,20.9899162],[105.9480957,20.9901105],[105.9464879,20.9910381],[105.9461871,20.9912185],[105.9452671,20.9917327],[105.9449583,20.9919079]]}},{"type":"Feature","properties":{"osm_id":596688949,"osm_type":"way","embankment":"yes","highway":"tertiary","name":"Phố Tân Phong"},"geometry":{"type":"LineString","coordinates":[[105.7703935,21.0833229],[105.7703493,21.0840921],[105.7703418,21.0847403],[105.7703237,21.086292],[105.7703172,21.0868527],[105.7702115,21.0873431],[105.7700535,21.0878479],[105.7698474,21.0885059],[105.7696616,21.0890894],[105.7697985,21.0895979],[105.7699894,21.0897956]]}},{"type":"Feature","properties":{"osm_id":675311214,"osm_type":"way","highway":"tertiary","name":"Đường Dương Hà","name:en":"Duong Ha Road"},"geometry":{"type":"LineString","coordinates":[[105.9308142,21.0764966],[105.9305638,21.0761204],[105.9303515,21.0757884],[105.9302127,21.0753084],[105.930041,21.0747145],[105.9298954,21.0742977],[105.9297735,21.0739488],[105.9298193,21.0735902],[105.9298969,21.073228],[105.9300996,21.0728135],[105.9300621,21.072398],[105.929913,21.0719665],[105.9296544,21.0715671],[105.9294023,21.0712567],[105.9291754,21.0709326],[105.9290553,21.070596],[105.9290649,21.0704063]]}},{"type":"Feature","properties":{"osm_id":160565841,"osm_type":"way","highway":"tertiary","name":"Đường Phan Bá Vành"},"geometry":{"type":"LineString","coordinates":[[105.7731141,21.0616283],[105.7731652,21.0611303],[105.7732023,21.060239],[105.7732315,21.0598479],[105.7732837,21.0590277],[105.773319,21.0584563],[105.7733608,21.0577714],[105.7734052,21.0573029],[105.7733876,21.0569103],[105.7733813,21.0562445],[105.7733376,21.0557672],[105.7732819,21.0554077],[105.7731273,21.0550353]]}},{"type":"Feature","properties":{"osm_id":1408286473,"osm_type":"way","bicycle":"no","foot":"no","highway":"primary","horse":"no","lanes":"2","lit":"yes","maxspeed":"60","maxspeed:motorcar":"60","maxspeed:type":"VN:urban","motorcycle":"no","name":"Đường Phạm Văn Đồng","name:en":"Pham Van Dong Road","name:vi":"Đường Phạm Văn Đồng","oneway":"yes","surface":"asphalt","wikidata":"Q10841036","wikipedia":"vi:Đường vành đai 3 (Hà Nội)"},"geometry":{"type":"LineString","coordinates":[[105.7835488,21.0601892],[105.7840862,21.0625955],[105.784638,21.0647644],[105.7850914,21.066495],[105.7851607,21.0666063]]}},{"type":"Feature","properties":{"osm_id":210791053,"osm_type":"way","bicycle":"yes","cycleway":"lane","foot":"yes","highway":"secondary","lanes":"2","name":"Phố Nguyễn Cảnh Dị","name:en":"Nguyen Canh Di Street","oneway":"no","sidewalk":"both","surface":"asphalt"},"geometry":{"type":"LineString","coordinates":[[105.8359844,20.9781576],[105.8360022,20.9775226],[105.8359799,20.977116],[105.8359363,20.9764309],[105.8359259,20.9757428],[105.8359161,20.9749872],[105.8359223,20.9741128],[105.8359182,20.9736187],[105.8359147,20.9728874],[105.8359115,20.9724647],[105.8359204,20.972025],[105.8359294,20.9715375]]}},{"type":"Feature","properties":{"osm_id":399421784,"osm_type":"way","highway":"secondary","lanes":"3","lit":"yes","name":"Phố Nguyễn Hoàng","oneway":"yes","surface":"asphalt"},"geometry":{"type":"LineString","coordinates":[[105.775385,21.0299339],[105.7749254,21.0305967],[105.7746002,21.0310829],[105.7743553,21.0314552],[105.7740597,21.031915],[105.7737821,21.0322515],[105.773369,21.0325625],[105.7728813,21.0327961],[105.7722893,21.03296],[105.7716097,21.0331057],[105.7708437,21.0332593],[105.7702101,21.0333891]]}},{"type":"Feature","properties":{"osm_id":1290401833,"osm_type":"way","alt_name":"Ngõ 155 Trường Chinh","hgv:conditional":"no @ (06:00-09:00,16:00-19:30)","highway":"tertiary","lanes":"2","name":"Phố Nguyễn Lân","name:en":"Nguyen Lan Street","surface":"asphalt"},"geometry":{"type":"LineString","coordinates":[[105.8366175,20.9928713],[105.8366955,20.9924172],[105.8367886,20.9918144],[105.8369214,20.9910407],[105.8370296,20.9904314],[105.8371232,20.9899074],[105.8371883,20.9895232],[105.8372629,20.9889769],[105.8373405,20.9883976],[105.8371969,20.9880739],[105.8362725,20.9875513],[105.8358099,20.9872908],[105.8356915,20.9872247]]}},{"type":"Feature","properties":{"osm_id":50535540,"osm_type":"way","highway":"tertiary","name":"Đường Đào Xuyên","name:en":"Dao Xuyen Road","source":"Yahoo hires, grab_hanoi_2018_t5"},"geometry":{"type":"LineString","coordinates":[[105.9327468,20.9921057],[105.9321138,20.9909037],[105.9318606,20.9905294],[105.9315697,20.9901985],[105.9312984,20.989922],[105.9311375,20.9895514],[105.9310946,20.9891908],[105.9311053,20.9887601],[105.9310494,20.9883526],[105.9309173,20.9877006],[105.9307505,20.9868873],[105.930601,20.9862357],[105.9306006,20.9860332]]}},{"type":"Feature","properties":{"osm_id":576213273,"osm_type":"way","highway":"secondary","lanes":"3","lit":"yes","name":"Phố Trần Vỹ","oneway":"yes","surface":"asphalt"},"geometry":{"type":"LineString","coordinates":[[105.7743528,21.0449432],[105.77409,21.044107],[105.7737979,21.0433142],[105.7736562,21.0429337],[105.7734151,21.0423066],[105.7732597,21.0419004],[105.773138,21.0415556],[105.7729945,21.0411484],[105.7726687,21.0402242],[105.7721413,21.0387172]]}},{"type":"Feature","properties":{"osm_id":740599803,"osm_type":"way","highway":"primary","lanes":"5","lit":"yes","name":"Đường Trường Chinh","name:en":"Truong Chinh Road","oneway":"yes","sidewalk":"right","surface":"asphalt","turn:lanes":"through|through;right"},"geometry":{"type":"LineString","coordinates":[[105.8292945,21.0004617],[105.82979,21.0002909],[105.8307762,21.0000102],[105.8314142,20.999847],[105.8318828,20.9997185],[105.8325169,20.9995611],[105.8334737,20.9993225],[105.8340508,20.9991973],[105.8357071,20.9989243]]}},{"type":"Feature","properties":{"osm_id":909862042,"osm_type":"way","alt_name":"Đông Dư - Dương Xá","highway":"primary","lanes":"3","lit":"yes","name":"Đường Lý Thánh Tông","name:en":"Ly Thanh Tong Road","oneway":"yes","surface":"asphalt"},"geometry":{"type":"LineString","coordinates":[[105.9217884,20.9911287],[105.922097,20.9912949],[105.9260057,20.9933994],[105.9264136,20.993619],[105.9276008,20.9942582]]}},{"type":"Feature","properties":{"osm_id":303156386,"osm_type":"way","contributor":"GIS_OTS","embankment":"yes","foot":"yes","hgv":"yes","highway":"tertiary","name":"Đường Hoàng Tăng Bí","source":"bing aerial","uuid":"21ee61f8-2ec0-44aa-a907-576b1b3038fb"},"geometry":{"type":"LineString","coordinates":[[105.7780302,21.083733],[105.7765718,21.0836435],[105.7759091,21.0836028],[105.7751006,21.0835586],[105.7740793,21.0835027],[105.7725248,21.0833658],[105.7720821,21.0833295],[105.7716566,21.0833118],[105.771485,21.0833118]]}},{"type":"Feature","properties":{"osm_id":611155765,"osm_type":"way","highway":"tertiary","lanes":"2","lit":"yes","name":"Đường Âu Cơ","name:en":"Au Co Road","name:ja":"アウコー通り","surface":"asphalt"},"geometry":{"type":"LineString","coordinates":[[105.8322377,21.0628438],[105.8320413,21.0633831],[105.8319019,21.0637847],[105.8317149,21.0641793],[105.8313768,21.0644749],[105.83088,21.0646695],[105.8305113,21.0647413],[105.8300657,21.0647707],[105.8295858,21.0647921],[105.8292228,21.064915],[105.8288214,21.0654517],[105.8285263,21.0658189],[105.8281884,21.0662551],[105.8277882,21.0667301],[105.82771,21.0668229]]}},{"type":"Feature","properties":{"osm_id":771816331,"osm_type":"way","highway":"tertiary","lit":"yes","name":"Phố Nguyễn Xuân Khoát","oneway":"yes","surface":"asphalt"},"geometry":{"type":"LineString","coordinates":[[105.7900166,21.0650799],[105.7907291,21.0653222],[105.7912494,21.0654926],[105.7921833,21.0658324],[105.7933906,21.0662758],[105.7950614,21.066865],[105.796162,21.0672608]]}},{"type":"Feature","properties":{"osm_id":457742002,"osm_type":"way","highway":"tertiary","lanes":"2","name":"Đường Quang Tiến","name:en":"Quang Tien Road","surface":"asphalt"},"geometry":{"type":"LineString","coordinates":[[105.7591327,21.0066506],[105.7589033,21.0052054],[105.7587102,21.0041863],[105.7585726,21.0034783],[105.7584559,21.0028723],[105.7582687,21.0020996],[105.7581364,21.0015697],[105.75799,21.0009832],[105.7576818,21.0003373]]}},{"type":"Feature","properties":{"osm_id":962177663,"osm_type":"way","highway":"tertiary","name":"Đường Bát Tràng","surface":"asphalt"},"geometry":{"type":"LineString","coordinates":[[105.9197357,20.9728114],[105.9193825,20.9727669],[105.9189235,20.9727886],[105.9182607,20.9728458],[105.9161286,20.9729539],[105.9157048,20.972989],[105.9151308,20.972999],[105.914758,20.9729921],[105.9140637,20.9730284],[105.9132858,20.9730811]]}},{"type":"Feature","properties":{"osm_id":36727938,"osm_type":"way","highway":"tertiary","lanes":"2","name":"Đường Ngọc Thụy","name:en":"Ngoc Thuy Road","oneway":"no","source":"AsiaGPS","surface":"asphalt"},"geometry":{"type":"LineString","coordinates":[[105.8653896,21.0490727],[105.8653936,21.0495809],[105.865297,21.0499635],[105.8650307,21.0505335],[105.8646848,21.0509209],[105.8643831,21.051331],[105.8641843,21.0517082],[105.864085,21.052286],[105.8642405,21.0527497],[105.8643965,21.0531434],[105.8645727,21.0534488],[105.8647562,21.0537679],[105.8649775,21.0541553],[105.865237,21.0547357],[105.865294,21.0548999]]}},{"type":"Feature","properties":{"osm_id":157394815,"osm_type":"way","highway":"tertiary","lanes":"2","lit":"yes","name":"Phố Trần Quốc Vượng","name:en":"Tran Quoc Vuong Street","source":"grab_hanoi_2018_t2","surface":"asphalt"},"geometry":{"type":"LineString","coordinates":[[105.786658,21.0359244],[105.786312,21.0357192],[105.785805,21.0354185],[105.7852185,21.0350615],[105.7845861,21.034749],[105.7841986,21.0345649],[105.783677,21.0343171],[105.7832313,21.0342973],[105.7828677,21.0343095],[105.7820967,21.0344261],[105.781143,21.0345701],[105.7806465,21.0346476]]}},{"type":"Feature","properties":{"osm_id":705574248,"osm_type":"way","highway":"secondary","lanes":"2","lit":"yes","name":"Phố Kim Ngưu","name:en":"Kim Nguu Street","oneway":"yes","oneway:bicycle":"no","oneway:mofa":"no","oneway:moped":"no","oneway:motorcycle":"no","surface":"asphalt"},"geometry":{"type":"LineString","coordinates":[[105.8612991,21.0029993],[105.8613494,21.0024668],[105.8614664,21.0011413],[105.8615507,21.0005453],[105.8616126,20.9999487],[105.8616709,20.9994133],[105.8617105,20.9990367],[105.8617857,20.998366],[105.8618558,20.9976095],[105.8619199,20.996982],[105.8619584,20.996589]]}},{"type":"Feature","properties":{"osm_id":770605138,"osm_type":"way","bus:lanes":"designated|yes|yes","highway":"primary","lanes":"3","lit":"yes","maxheight:lanes":"3.7||","name":"Đường Lê Trọng Tấn","oneway":"yes","surface":"asphalt"},"geometry":{"type":"LineString","coordinates":[[105.7647576,20.9625528],[105.7643875,20.962761],[105.7640217,20.962969],[105.7636236,20.9631939],[105.7630104,20.9635398],[105.7626865,20.9637233],[105.7622363,20.9639777],[105.7617175,20.9642708],[105.760613,20.9648949],[105.7601594,20.9651512],[105.7596863,20.9654185],[105.7591734,20.965702]]}},{"type":"Feature","properties":{"osm_id":1356728788,"osm_type":"way","highway":"secondary","lanes":"3","lit":"yes","name":"Phố Trịnh Văn Bô","name:en":"Trinh Van Bo Street","oneway":"yes","surface":"asphalt"},"geometry":{"type":"LineString","coordinates":[[105.7553919,21.0322715],[105.7549731,21.032612],[105.7545972,21.0328741],[105.7541819,21.0331798],[105.7534405,21.0337416],[105.753127,21.0339821],[105.7528176,21.0342182],[105.7533963,21.0333957],[105.7537651,21.0331181],[105.7543683,21.0326571],[105.754768,21.0323859],[105.7551647,21.032188]]}},{"type":"Feature","properties":{"osm_id":602293115,"osm_type":"way","highway":"tertiary","lanes":"2","lit":"yes","name":"Phố Vạn Hạnh","name:en":"Van Hanh Street","oneway":"yes","surface":"asphalt"},"geometry":{"type":"LineString","coordinates":[[105.9017665,21.0615188],[105.9020979,21.0618691],[105.9036789,21.0635398],[105.9043236,21.064221],[105.9046762,21.0645935],[105.906149,21.0661498]]}},{"type":"Feature","properties":{"osm_id":761990839,"osm_type":"way","highway":"tertiary","lit":"yes","name":"Phố Nguyễn Minh Châu","name:en":"Nguyen Minh Chau Street"},"geometry":{"type":"LineString","coordinates":[[105.8993289,21.0485351],[105.9002159,21.0474847],[105.9010546,21.0464956],[105.9012959,21.0461244],[105.9014803,21.0458041],[105.9018766,21.0451158],[105.9021157,21.0448456],[105.9027421,21.0443681],[105.9033687,21.0438908],[105.9034967,21.0437932]]}},{"type":"Feature","properties":{"osm_id":704089866,"osm_type":"way","highway":"primary","lanes":"5","lit":"yes","name":"Đường Trường Chinh","name:en":"Truong Chinh Road","oneway":"yes","sidewalk":"right","surface":"asphalt"},"geometry":{"type":"LineString","coordinates":[[105.8354992,20.9992445],[105.8349974,20.9993015],[105.8343962,20.9993929],[105.8337708,20.9995224],[105.8325183,20.9998365],[105.8319564,20.999988],[105.8315687,21.0000884],[105.8309178,21.0002528],[105.83019,21.0004365],[105.829724,21.0005773],[105.8293059,21.000714]]}},{"type":"Feature","properties":{"osm_id":179412782,"osm_type":"way","highway":"tertiary","name":"Phố Đống Kỳ","surface":"asphalt"},"geometry":{"type":"LineString","coordinates":[[105.8426058,20.9592312],[105.8430735,20.9593462],[105.8435485,20.9595235],[105.8439628,20.9597088],[105.8443449,20.9598797],[105.8448586,20.9600657],[105.8452969,20.9601717],[105.8460188,20.9602574],[105.8466205,20.9603419],[105.8470921,20.9603679],[105.8477305,20.9600724],[105.8479624,20.9591178]]}},{"type":"Feature","properties":{"osm_id":36727554,"osm_type":"way","highway":"tertiary","name":"Phố Gia Quất","name:en":"Gia Quat Street","source":"AsiaGPS","surface":"asphalt"},"geometry":{"type":"LineString","coordinates":[[105.8781409,21.0511024],[105.878043,21.05146],[105.8777505,21.0520097],[105.8778258,21.0523618],[105.8780821,21.0528812],[105.8782052,21.0533793],[105.8777495,21.0534951],[105.8773658,21.0534609],[105.877152,21.0538643],[105.8771601,21.054304],[105.8771267,21.054857],[105.8771139,21.0553099],[105.8771317,21.0556635],[105.8771615,21.0563683],[105.8771645,21.056429]]}},{"type":"Feature","properties":{"osm_id":909862040,"osm_type":"way","alt_name":"Đông Dư - Dương Xá","highway":"primary","lanes":"3","lit":"yes","name":"Đường Lý Thánh Tông","name:en":"Ly Thanh Tong Road","oneway":"yes","surface":"asphalt"},"geometry":{"type":"LineString","coordinates":[[105.9278752,20.9945755],[105.9261746,20.9936598],[105.9256436,20.9933739],[105.922307,20.9915771]]}},{"type":"Feature","properties":{"osm_id":1215212810,"osm_type":"way","bus":"no","destination":"Bưởi;Cầu Giấy","hgv":"no","highway":"secondary","lanes":"2","lit":"yes","name":"Đường Lạc Long Quân","name:en":"Lac Long Quan Road","oneway":"yes","surface":"asphalt"},"geometry":{"type":"LineString","coordinates":[[105.8088198,21.0564828],[105.8088196,21.0560132],[105.8088164,21.0554844],[105.8087958,21.0550888],[105.8088038,21.0546283],[105.8088333,21.0542325],[105.8089069,21.0537625],[105.8089913,21.0531412],[105.8090533,21.0525555],[105.80875,21.052041],[105.8084191,21.0515963],[105.8080579,21.0512228],[105.8078198,21.0509103],[105.8076433,21.0506477]]}},{"type":"Feature","properties":{"osm_id":1290401834,"osm_type":"way","highway":"tertiary","lanes":"2","name":"Phố Hà Kế Tấn","name:en":"Ha Ke Tan Street","surface":"asphalt"},"geometry":{"type":"LineString","coordinates":[[105.8369325,20.9929114],[105.8369952,20.9925313],[105.8370812,20.9920104],[105.8372504,20.9910229],[105.8373341,20.9905344],[105.837486,20.989567],[105.8375413,20.9892142],[105.837617,20.9887316],[105.8376517,20.9883627],[105.8375315,20.987986],[105.8371142,20.987655],[105.8367927,20.987461],[105.8364459,20.9872486]]}},{"type":"Feature","properties":{"osm_id":1080457687,"osm_type":"way","alt_name":"Đông Dư - Dương Xá","highway":"primary","lanes":"2","lit":"yes","maxspeed":"40","name":"Đường Lý Thánh Tông","name:en":"Ly Thanh Tong Road","oneway":"yes","sidewalk":"right","sidewalk:right:surface":"paving_stones","surface":"asphalt"},"geometry":{"type":"LineString","coordinates":[[105.9418907,21.001825],[105.9425017,21.0020559],[105.9428559,21.0022052],[105.9437106,21.0026733],[105.9444238,21.0030735],[105.9456377,21.0037546],[105.947045,21.0045443],[105.9474623,21.0047784]]}},{"type":"Feature","properties":{"osm_id":28379266,"osm_type":"way","bridge":"yes","highway":"motorway","int_ref":"AH1","lanes":"3","layer":"2","lit":"yes","motorcycle":"yes","name":"Cầu vượt Quốc lộ 5","name:en":"National Route 5 Overpass","note:vi":"Quốc lộ 1 là tên chính thức của con đường này, theo Quyết định số 1454/QĐ-TTg ngày 1 tháng 9 năm 2021 của Thủ tướng Chính phủ Việt Nam. Đề nghị không sửa tên thành \"Quốc lộ 1A\".","oneway":"yes","ref":"CT.01;CT.37;QL.1","source":"GPS;Mapbox","surface":"asphalt","wikidata":"Q1372266","wikipedia":"vi:Quốc lộ 1"},"geometry":{"type":"LineString","coordinates":[[105.9300833,21.0272479],[105.9293238,21.0255689],[105.9288699,21.0245656],[105.9284767,21.0237788],[105.9281494,21.0230911],[105.9278086,21.0225763],[105.9275144,21.0221831],[105.9271237,21.0217028]]}},{"type":"Feature","properties":{"osm_id":1080457685,"osm_type":"way","alt_name":"Đông Dư - Dương Xá","highway":"primary","lanes":"2","lit":"yes","maxspeed":"40","name":"Đường Lý Thánh Tông","name:en":"Ly Thanh Tong Road","oneway":"yes","sidewalk":"right","sidewalk:right:surface":"paving_stones","surface":"asphalt"},"geometry":{"type":"LineString","coordinates":[[105.9472761,21.0048554],[105.9469578,21.0046768],[105.9464646,21.0044],[105.9449121,21.0035289],[105.9428889,21.0023936],[105.9425521,21.0022357],[105.9417952,21.0019468],[105.9417027,21.0019119]]}},{"type":"Feature","properties":{"osm_id":1355207331,"osm_type":"way","highway":"secondary","name":"Tây Thăng Long","oneway":"yes"},"geometry":{"type":"LineString","coordinates":[[105.7596799,21.065543],[105.758651,21.0659367],[105.7539743,21.0676855],[105.7537699,21.0677561]]}},{"type":"Feature","properties":{"osm_id":37927290,"osm_type":"way","highway":"secondary","name":"Phố Nguyễn Đình Hoàn","name:en":"Nguyen Dinh Hoan Street","oneway":"no","surface":"asphalt"},"geometry":{"type":"LineString","coordinates":[[105.8059033,21.0400077],[105.8055893,21.0406052],[105.8054294,21.0409728],[105.8052337,21.0415433],[105.8051793,21.0419316],[105.8051824,21.0424109],[105.8052788,21.0429738],[105.8053441,21.0434053],[105.8053408,21.043782],[105.8053225,21.0441697],[105.8052695,21.0445972],[105.8051828,21.0451273],[105.8050187,21.0461308]]}},{"type":"Feature","properties":{"osm_id":870823027,"osm_type":"way","bridge":"viaduct","highway":"motorway","lanes":"2","layer":"2","lit":"yes","maxspeed":"80","minspeed":"60","motorcycle":"no","name":"Đường cao tốc Vành đai 3 TP. Hà Nội","name:en":"Ring Road 3 Expressway (Hanoi)","oneway":"yes","ref":"CT.37","start_date":"2020-10-11","surface":"asphalt"},"geometry":{"type":"LineString","coordinates":[[105.7882532,21.0821085],[105.7883371,21.0816359],[105.7883702,21.0811878],[105.7883462,21.0806991],[105.7882821,21.0803272],[105.7881383,21.0798651],[105.7879651,21.0794643],[105.7877751,21.0791071],[105.7875697,21.0787613],[105.7868848,21.0777002],[105.7866209,21.0772736],[105.7863588,21.076843],[105.7861315,21.0763847]]}},{"type":"Feature","properties":{"osm_id":384534312,"osm_type":"way","foot":"yes","highway":"trunk","int_ref":"AH14","lanes":"3","lit":"yes","maxheight":"4.5","maxspeed:type":"VN:urban","name":"Đường Nguyễn Văn Linh","name:en":"Nguyen Van Linh Road","oneway":"yes","ref":"QL.5","sidewalk":"no","source":"Yahoo","surface":"asphalt"},"geometry":{"type":"LineString","coordinates":[[105.929998,21.0245109],[105.9286132,21.0250965],[105.9275444,21.0255512],[105.9269804,21.0257887],[105.9255228,21.0264015],[105.9241731,21.0269183]]}},{"type":"Feature","properties":{"osm_id":602021287,"osm_type":"way","alt_name":"Đường K2","highway":"tertiary","lane_markings":"no","name":"Đường Nguyễn Văn Giáp","smoothness":"intermediate","surface":"concrete"},"geometry":{"type":"LineString","coordinates":[[105.7562498,21.0159043],[105.7567689,21.0153555],[105.7574289,21.0146786],[105.7582663,21.0138542],[105.7590762,21.0131759],[105.7599722,21.0125021],[105.7605043,21.0121616],[105.7609266,21.0118717],[105.7609935,21.0118134]]}},{"type":"Feature","properties":{"osm_id":37802479,"osm_type":"way","highway":"secondary","lanes":"4","lanes:backward":"2","lanes:forward":"2","name":"Phố Lê Trọng Tấn","name:en":"Le Trong Tan Street","note":"Unofficial parking lane on both side of the street which may impact traffic flow","parking:both":"yes","parking:both:orientation":"parallel","surface":"asphalt"},"geometry":{"type":"LineString","coordinates":[[105.8294973,20.9970617],[105.829862,20.9964735],[105.8301103,20.9960817],[105.8303381,20.995721],[105.830569,20.9953617],[105.8310012,20.9946752],[105.8312176,20.9943353],[105.831475,20.9939338],[105.831756,20.9934982],[105.8322127,20.9927622],[105.8325857,20.992167],[105.8328005,20.9918165],[105.8328399,20.9917502]]}},{"type":"Feature","properties":{"osm_id":1412111424,"osm_type":"way","highway":"trunk","int_ref":"AH14","lanes":"3","lit":"yes","name":"Đường Nguyễn Đức Thuận","name:en":"Nguyen Duc Thuan Road","oneway":"yes","ref":"QL.5","source":"Yahoo","surface":"asphalt"},"geometry":{"type":"LineString","coordinates":[[105.9532971,21.010384],[105.9488101,21.0136477],[105.9482489,21.0140576]]}},{"type":"Feature","properties":{"osm_id":703952677,"osm_type":"way","highway":"secondary","lanes":"3","lit":"yes","name":"Phố Hội Xá","name:en":"Hoi Xa Street","note":"road needs to be split","oneway":"yes","surface":"asphalt"},"geometry":{"type":"LineString","coordinates":[[105.9176277,21.050844],[105.9174347,21.0511831],[105.9167827,21.0523292],[105.9159891,21.053724],[105.9152354,21.0550486],[105.9147542,21.0558944],[105.9145492,21.0562707]]}},{"type":"Feature","properties":{"osm_id":1290144946,"osm_type":"way","highway":"trunk","lanes":"5","lit":"yes","maxspeed":"60","name":"Đường Nguyễn Trãi","name:en":"Nguyen Trai Road","oneway":"yes","ref":"QL.6","surface":"asphalt","wikidata":"Q2006553","wikipedia":"vi:Quốc lộ 6"},"geometry":{"type":"LineString","coordinates":[[105.7986545,20.9884225],[105.7979398,20.9879141],[105.7968652,20.9871497],[105.7965089,20.9868962],[105.7961723,20.9866568],[105.7955201,20.9861929],[105.7948882,20.9857433],[105.7943575,20.9853619],[105.7935807,20.9848133]]}},{"type":"Feature","properties":{"osm_id":770605140,"osm_type":"way","bus:lanes":"designated|yes|yes","highway":"primary","lanes":"3","lit":"yes","maxheight:lanes":"3.7||","name":"Phố Văn Khê","oneway":"yes","surface":"asphalt"},"geometry":{"type":"LineString","coordinates":[[105.7650223,20.9621242],[105.7653619,20.9617135],[105.765949,20.9610376],[105.7669444,20.9599181],[105.7683103,20.9583819],[105.7686915,20.9579531],[105.7691355,20.9574527]]}},{"type":"Feature","properties":{"osm_id":602293118,"osm_type":"way","highway":"tertiary","lanes":"2","lit":"yes","name":"Phố Vạn Hạnh","name:en":"Van Hanh Street","oneway":"yes","source":"AsiaGPS","surface":"asphalt"},"geometry":{"type":"LineString","coordinates":[[105.9062785,21.0664276],[105.9046026,21.0646567],[105.90425,21.0642842],[105.9032547,21.0632324],[105.9026841,21.0626295],[105.9020739,21.0619847],[105.9020012,21.0619079]]}},{"type":"Feature","properties":{"osm_id":705856952,"osm_type":"way","highway":"trunk","lanes":"2","lit":"yes","name":"Đường Nguyễn Văn Linh","name:en":"Nguyen Van Linh Road","oneway":"yes","ref":"QL.5","source":"Yahoo","surface":"asphalt"},"geometry":{"type":"LineString","coordinates":[[105.8898293,21.0527064],[105.8909348,21.0511967],[105.8918177,21.0498801],[105.8924376,21.0489555],[105.8930329,21.0480677],[105.8933262,21.0475664]]}},{"type":"Feature","properties":{"osm_id":1109636281,"osm_type":"way","bus:lanes":"designated|yes|yes","highway":"primary","lanes":"3","lit":"yes","maxheight:lanes":"3.7||","name":"Phố Văn Khê","oneway":"yes","surface":"asphalt"},"geometry":{"type":"LineString","coordinates":[[105.7692754,20.9575589],[105.7684574,20.9584788],[105.7670671,20.960036],[105.7660972,20.9611369],[105.7655046,20.9618264],[105.7651631,20.9622243]]}},{"type":"Feature","properties":{"osm_id":218033944,"osm_type":"way","embankment":"yes","highway":"secondary","lanes":"2","lit":"yes","maxweight":"12","name":"Đường Đê Vàng","name:en":"De Vang Road","surface":"concrete"},"geometry":{"type":"LineString","coordinates":[[105.9075875,21.0764921],[105.9081437,21.076511],[105.9084927,21.0764782],[105.9103522,21.0761907],[105.9113315,21.0760501],[105.9121654,21.0759285],[105.9129609,21.0758211],[105.913388,21.0757512],[105.9137131,21.07563]]}},{"type":"Feature","properties":{"osm_id":1341683436,"osm_type":"way","highway":"tertiary","lit":"yes","name":"Phố Bùi Thiện Ngộ","name:en":"Bui Thien Ngo Street","surface":"asphalt"},"geometry":{"type":"LineString","coordinates":[[105.9087566,21.0688962],[105.9092261,21.0685007],[105.9095425,21.0682362],[105.9097911,21.0676846],[105.9100683,21.0666855],[105.9101781,21.0662771],[105.9103192,21.065752],[105.9105056,21.0651119],[105.9106724,21.0644253],[105.9108699,21.0637278],[105.9109985,21.0632864]]}},{"type":"Feature","properties":{"osm_id":163041721,"osm_type":"way","contributor":"GIS_OTS","hgv":"yes","highway":"secondary","lanes":"2","lit":"yes","name":"Phố Trần Cung","name:en":"Tran Cung Street","oneway":"no","surface":"asphalt"},"geometry":{"type":"LineString","coordinates":[[105.7832206,21.0587121],[105.7834374,21.0582454],[105.783596,21.0578889],[105.7837578,21.0575385],[105.7839329,21.0572199],[105.7841257,21.0568165],[105.7843393,21.0565273],[105.7845876,21.0562721],[105.7848499,21.0560297],[105.785177,21.0557639],[105.7854632,21.0555155],[105.7858268,21.0552688],[105.7861586,21.0550379],[105.7865857,21.0546832],[105.7872152,21.0541847]]}},{"type":"Feature","properties":{"osm_id":911435181,"osm_type":"way","alt_name":"Nguyễn Xiển - Xa La","highway":"secondary","lanes":"2","lit":"yes","maxspeed":"50","name":"Đường Phạm Tu","name:en":"Pham Tu Road","oneway":"yes","surface":"asphalt"},"geometry":{"type":"LineString","coordinates":[[105.8084391,20.9724144],[105.809377,20.973917],[105.8099404,20.97479],[105.8101383,20.9751],[105.8103643,20.9754566],[105.8105624,20.9757714],[105.810756,20.9760747],[105.8110277,20.9764986],[105.8112772,20.9768689],[105.8116417,20.977435],[105.8116924,20.9776129]]}},{"type":"Feature","properties":{"osm_id":1494939079,"osm_type":"way","alt_name":"Nguyễn Xiển - Xa La","highway":"secondary","lanes":"2","lit":"yes","maxspeed":"50","name":"Đường Phạm Tu","name:en":"Pham Tu Road","oneway":"yes","surface":"asphalt"},"geometry":{"type":"LineString","coordinates":[[105.8114833,20.9777015],[105.8109814,20.9770256],[105.8107451,20.9766569],[105.810415,20.9761376],[105.8100781,20.9756121],[105.8098682,20.9752812],[105.8096559,20.9749466],[105.8094189,20.974573],[105.8088131,20.9736554],[105.8085326,20.9732307],[105.8082464,20.9727722],[105.8081243,20.9725766]]}},{"type":"Feature","properties":{"osm_id":601516939,"osm_type":"way","highway":"tertiary","lane_markings":"yes","name":"Phố Trần Đăng Khoa","name:en":"Tran Dang Khoa Street","surface":"asphalt"},"geometry":{"type":"LineString","coordinates":[[105.8898539,21.0288101],[105.8896811,21.0280924],[105.8894875,21.0272883],[105.8893725,21.0268058],[105.8892783,21.0262974],[105.8892004,21.0259057],[105.889095,21.0254311],[105.8889298,21.0246871],[105.8887807,21.0240161],[105.8887077,21.0236357],[105.8885903,21.0228369]]}},{"type":"Feature","properties":{"osm_id":178423589,"osm_type":"way","bridge":"yes","foot":"yes","highway":"trunk","lanes":"3","layer":"1","lit":"yes","maxspeed":"60","name":"Cầu Vĩnh Tuy","name:en":"Vinh Tuy Bridge","oneway":"yes","sidewalk":"no","surface":"asphalt"},"geometry":{"type":"LineString","coordinates":[[105.8694247,20.9988101],[105.8703141,20.9991457],[105.8709471,20.9994462],[105.8713001,20.9996577],[105.8716465,20.9999116],[105.8720844,21.0002773],[105.8725672,21.000733],[105.8730929,21.0012188],[105.8734776,21.0016076],[105.8738999,21.002025],[105.8742791,21.0023862]]}},{"type":"Feature","properties":{"osm_id":503891233,"osm_type":"way","highway":"trunk","lanes":"4","lit":"yes","name":"Đường Ngọc Hồi","name:en":"Ngoc Hoi Road","note:vi":"Quốc lộ 1 là tên chính thức của con đường này, theo Quyết định số 1454/QĐ-TTg ngày 1 tháng 9 năm 2021 của Thủ tướng Chính phủ Việt Nam. Đề nghị không sửa tên thành \"Quốc lộ 1A\".","oneway":"yes","ref":"QL.1","surface":"asphalt","wikidata":"Q1372266","wikipedia":"vi:Quốc lộ 1"},"geometry":{"type":"LineString","coordinates":[[105.8442632,20.9513416],[105.8442016,20.9517251],[105.8440706,20.9524254],[105.8439344,20.953038],[105.8437727,20.953787],[105.8436015,20.9545801],[105.8434655,20.9552371],[105.8433574,20.9557109],[105.8430117,20.9573125]]}},{"type":"Feature","properties":{"osm_id":1417166740,"osm_type":"way","bicycle":"yes","cycleway":"no","foot":"yes","highway":"primary","lanes":"2","lit":"yes","name":"Đường Phùng Hưng","name:en":"Phung Hung Road","oneway":"no","ref":"ĐT.70","surface":"asphalt"},"geometry":{"type":"LineString","coordinates":[[105.7906362,20.9663669],[105.7909712,20.9661947],[105.7915461,20.9659015],[105.7922435,20.965547],[105.792775,20.9652685],[105.7934225,20.9649205],[105.7943509,20.964408],[105.7951765,20.963964],[105.7957667,20.9636697],[105.796023,20.9635354]]}},{"type":"Feature","properties":{"osm_id":500579399,"osm_type":"way","highway":"tertiary","lanes":"2","name":"Đường Ngọc Thụy","name:en":"Ngoc Thuy Road","oneway":"no","source":"AsiaGPS","surface":"asphalt"},"geometry":{"type":"LineString","coordinates":[[105.86721,21.063979],[105.8675811,21.0641998],[105.8679992,21.0644558],[105.8684313,21.0647204],[105.8693898,21.0652875],[105.870082,21.0656762],[105.8704256,21.0658467],[105.8710286,21.0661126],[105.8714944,21.0663156],[105.8726035,21.0667714]]}},{"type":"Feature","properties":{"osm_id":251780514,"osm_type":"way","bicycle":"yes","cycleway":"no","foot":"yes","highway":"secondary","lanes":"2","lit":"yes","name":"Phố Thượng Đình","name:en":"Thuong Dinh Street","sidewalk":"both","surface":"asphalt"},"geometry":{"type":"LineString","coordinates":[[105.8151919,20.9962347],[105.8157452,20.9970103],[105.8161247,20.9975736],[105.8163883,20.9979376],[105.8166418,20.9982322],[105.8174497,20.9991773],[105.8177629,20.9995732],[105.8180206,20.9999241],[105.8181486,21.0002802],[105.8181607,21.0007115],[105.8180853,21.0010623],[105.8179713,21.0013002]]}},{"type":"Feature","properties":{"osm_id":12176592,"osm_type":"way","highway":"tertiary","lanes":"1","name":"Phố Yên Duyên","name:en":"Yen Duyen Street","surface":"asphalt"},"geometry":{"type":"LineString","coordinates":[[105.8705048,20.9699235],[105.8707922,20.9696338],[105.8710324,20.9693331],[105.871239,20.9690339],[105.8715258,20.9685714],[105.8718259,20.9678327],[105.8721269,20.9676128],[105.872387,20.9671787],[105.8727099,20.9667272],[105.8730045,20.9664715],[105.8732861,20.9661897],[105.8736411,20.9658729],[105.873951,20.9656237],[105.8743608,20.9654079]]}},{"type":"Feature","properties":{"osm_id":399842382,"osm_type":"way","highway":"tertiary","lanes":"2","name":"Phố Nguyễn Khuyến","oneway":"yes","surface":"asphalt"},"geometry":{"type":"LineString","coordinates":[[105.7893336,20.9755786],[105.7898143,20.974063],[105.789967,20.9735988],[105.7903986,20.9722397],[105.7905688,20.9716306],[105.7909041,20.9711982],[105.791382,20.9705444],[105.791709,20.9701305]]}},{"type":"Feature","properties":{"osm_id":28913683,"osm_type":"way","highway":"tertiary","lanes":"2","name":"Phố Khương Trung","name:en":"Khuong Trung Street","surface":"asphalt"},"geometry":{"type":"LineString","coordinates":[[105.81856,20.9997154],[105.8187629,20.9993775],[105.8186911,20.9990065],[105.8185639,20.9985496],[105.8183821,20.997853],[105.8182003,20.9974444],[105.8179814,20.9969193],[105.8177898,20.9962282],[105.8176173,20.9956718],[105.8175055,20.9952585],[105.8174286,20.994913],[105.8172982,20.9944684],[105.8171959,20.9939975]]}},{"type":"Feature","properties":{"osm_id":1385272553,"osm_type":"way","embankment":"yes","highway":"primary","lanes":"2","lit":"yes","maxweight":"18","name":"Đường Long Biên – Xuân Quan","name:en":"Long Bien – Xuan Quan Road","name:vi":"Đường Long Biên – Xuân Quan","ref":"ĐT.378","surface":"asphalt"},"geometry":{"type":"LineString","coordinates":[[105.8782559,21.0318614],[105.876853,21.0327814],[105.8762275,21.0331784],[105.8745211,21.0342403],[105.8738587,21.0346581],[105.8735605,21.0348481],[105.873185,21.035084]]}},{"type":"Feature","properties":{"osm_id":402425887,"osm_type":"way","highway":"tertiary","name":"Phố Nguyễn Văn Lộc"},"geometry":{"type":"LineString","coordinates":[[105.7805557,20.9842628],[105.7802137,20.9837166],[105.7800922,20.983298],[105.780024,20.9829204],[105.7800474,20.9824176],[105.7801608,20.9820537],[105.7804497,20.9816613],[105.7808069,20.9814091],[105.7812518,20.9812837],[105.7816486,20.9812677],[105.7820322,20.9813784],[105.7826019,20.9816688],[105.7832492,20.9821855]]}},{"type":"Feature","properties":{"osm_id":1292590857,"osm_type":"way","bicycle":"yes","foot":"yes","highway":"secondary","lanes":"2","maxspeed":"50","name":"Đường Kim Giang","name:en":"Kim Giang Road","source":"grab_hanoi_2018_t5","surface":"asphalt"},"geometry":{"type":"LineString","coordinates":[[105.8127386,20.9603754],[105.8132111,20.9608036],[105.8134777,20.9610725],[105.8142397,20.961518],[105.8148212,20.9618164],[105.815235,20.9619909],[105.8155396,20.9621691],[105.8159291,20.9623923],[105.8164645,20.962668],[105.8171195,20.9630305],[105.8177805,20.9633297],[105.8178889,20.9633788]]}},{"type":"Feature","properties":{"osm_id":711092989,"osm_type":"way","access":"yes","bicycle":"no","foot":"no","hgv":"no","highway":"motorway","horse":"no","lanes":"3","lit":"yes","maxspeed":"60","motorcar":"yes","motorcycle":"no","name":"Đại lộ Thăng Long (Láng - Hoà Lạc)","name:en":"Thang Long Avenue (Lang - Hoa Lac Expressway)","oneway":"yes","overtaking":"yes","ref":"CT.03","surface":"asphalt","wikidata":"Q10841248","wikipedia":"vi:Đại lộ Thăng Long"},"geometry":{"type":"LineString","coordinates":[[105.7792582,21.0027383],[105.7819862,21.0021687],[105.78258,21.0020566],[105.7836564,21.0018994],[105.7842778,21.0018557],[105.7851748,21.0018572]]}},{"type":"Feature","properties":{"osm_id":943964884,"osm_type":"way","highway":"trunk","int_ref":"AH14","lanes":"3","lit":"yes","name":"Đường Nguyễn Đức Thuận","name:en":"Nguyen Duc Thuan Road","oneway":"yes","ref":"QL.5","source":"Yahoo","surface":"asphalt"},"geometry":{"type":"LineString","coordinates":[[105.9362299,21.0219285],[105.9306881,21.0242233]]}},{"type":"Feature","properties":{"osm_id":707382489,"osm_type":"way","bus":"no","hgv":"no","highway":"primary","lanes":"2","lit":"yes","name":"Phố Hoàng Liệt","name:en":"Hoang Liet Street","oneway":"yes","surface":"asphalt"},"geometry":{"type":"LineString","coordinates":[[105.839357,20.966024],[105.8389781,20.9660486],[105.8385469,20.9660809],[105.8380567,20.966132],[105.8374441,20.9661917],[105.8370502,20.9662308],[105.8365821,20.9662681],[105.835995,20.9663279],[105.8353627,20.9663962],[105.8348418,20.9664858],[105.8343171,20.9666075],[105.8338865,20.9667293],[105.833454,20.9668844]]}},{"type":"Feature","properties":{"osm_id":50535539,"osm_type":"way","bicycle":"yes","highway":"tertiary","lanes":"2","motor_vehicle":"yes","name":"Đường Đa Tốn","name:en":"Da Ton Road","surface":"paved"},"geometry":{"type":"LineString","coordinates":[[105.9306006,20.9860332],[105.9299037,20.9860454],[105.929496,20.9860354],[105.929099,20.9859553],[105.9285281,20.9857554],[105.9279832,20.9855646],[105.9276399,20.9853442],[105.9270843,20.9850093],[105.9268036,20.9847996],[105.9260474,20.9843553],[105.9256355,20.984198],[105.9252145,20.9840467],[105.9251053,20.9840083]]}},{"type":"Feature","properties":{"osm_id":208435373,"osm_type":"way","highway":"tertiary","name":"Đường Đồng Thanh","name:en":"Dong Thanh Road","old_name":"Ngõ 1 phố Mai Chí Thọ","surface":"asphalt"},"geometry":{"type":"LineString","coordinates":[[105.9121509,21.0649025],[105.9126642,21.065033],[105.9138468,21.0653336],[105.9146964,21.0655496],[105.9150707,21.0656448],[105.9160744,21.0659],[105.916495,21.0660069],[105.9176049,21.0662891],[105.9179433,21.0663751]]}},{"type":"Feature","properties":{"osm_id":251941419,"osm_type":"way","highway":"secondary","lanes":"2","name":"Phố Nguyễn Hữu Thọ","name:en":"Nguyen Huu Tho Street","oneway":"yes","source":"grab_hanoi_2018_t5","surface":"asphalt"},"geometry":{"type":"LineString","coordinates":[[105.8359199,20.970922],[105.8349014,20.9708513],[105.8341542,20.9706285],[105.8332231,20.970314],[105.8326679,20.9701265],[105.8321843,20.9699732],[105.8316106,20.9697936],[105.8305569,20.9694621],[105.8301719,20.9694608]]}},{"type":"Feature","properties":{"osm_id":395874304,"osm_type":"way","highway":"secondary","lanes":"2","lit":"no","name":"Lối Đi Cổ Linh","oneway":"yes","source":"Bing","surface":"asphalt"},"geometry":{"type":"LineString","coordinates":[[105.9208724,21.0167311],[105.9201017,21.0159033],[105.9196789,21.0154492],[105.9191526,21.0149522],[105.9187705,21.0146023],[105.9183845,21.0143974],[105.917933,21.0142643],[105.9175809,21.0142282],[105.9171174,21.0142621],[105.9165742,21.0144273],[105.91618,21.0146225],[105.9159946,21.0147422]]}},{"type":"Feature","properties":{"osm_id":1492570003,"osm_type":"way","highway":"secondary","lanes":"2","lit":"yes","maxspeed":"60","name":"Đường Lê Xá","name:en":"Le Xa Road","oneway":"yes","proposed":"secondary","sidewalk":"both","surface":"asphalt"},"geometry":{"type":"LineString","coordinates":[[105.9351063,20.9930991],[105.9369217,20.9911072],[105.9372727,20.9907263],[105.9385765,20.9893344],[105.9391311,20.9887231]]}},{"type":"Feature","properties":{"osm_id":36726990,"osm_type":"way","highway":"tertiary","lanes":"4","name":"Phố Gia Thượng","name:en":"Gia Thuong Street","source":"AsiaGPS","surface":"asphalt"},"geometry":{"type":"LineString","coordinates":[[105.86721,21.063979],[105.8673842,21.0636255],[105.8675754,21.0632378],[105.8679382,21.0625019],[105.8681404,21.0620876],[105.8687543,21.0608959],[105.8689174,21.06058],[105.869108,21.0602109],[105.8692863,21.0598657],[105.8697539,21.0589599],[105.8698923,21.0586919]]}},{"type":"Feature","properties":{"osm_id":601438075,"osm_type":"way","highway":"tertiary","name":"Đường Nguyễn Khoái","name:en":"Nguyen Khoai Road"},"geometry":{"type":"LineString","coordinates":[[105.893102,20.9905692],[105.8935033,20.9898885],[105.8938965,20.9888925],[105.8941681,20.9881232],[105.8944138,20.9875875],[105.8947384,20.9869403],[105.8948538,20.9864921],[105.8948404,20.986129],[105.8948082,20.9853176],[105.8948359,20.9850371]]}},{"type":"Feature","properties":{"osm_id":1184211065,"osm_type":"way","highway":"trunk","int_ref":"AH14","lanes":"3","lit":"yes","name":"Đường Nguyễn Văn Linh","name:en":"Nguyen Van Linh Road","oneway":"yes","ref":"QL.5","source":"Yahoo","surface":"asphalt"},"geometry":{"type":"LineString","coordinates":[[105.9088197,21.0324371],[105.9081971,21.0327461],[105.9077854,21.0329343],[105.9072207,21.0332147],[105.9066577,21.0334828],[105.905773,21.0339096],[105.9052527,21.0341615],[105.9041452,21.0348098],[105.9037428,21.0351185],[105.9036103,21.0351886]]}},{"type":"Feature","properties":{"osm_id":701910568,"osm_type":"way","highway":"secondary","lit":"yes","motorcar":"yes","motorcycle":"no","name":"Đường Hoàng Minh Thảo","name:en":"Hoang Minh Thao Road","oneway":"yes","surface":"asphalt"},"geometry":{"type":"LineString","coordinates":[[105.8038691,21.0626308],[105.8018211,21.0626302],[105.8008797,21.0626299],[105.8002967,21.0626327],[105.7981881,21.0626299],[105.7979717,21.0626295]]}},{"type":"Feature","properties":{"osm_id":1298330237,"osm_type":"way","highway":"secondary","lanes":"3","lit":"yes","name":"Phố Nguyễn Hoàng","oneway":"yes","surface":"asphalt"},"geometry":{"type":"LineString","coordinates":[[105.7702768,21.0332421],[105.7707382,21.0331513],[105.7715799,21.0329838],[105.7719462,21.0329109],[105.7724179,21.0328027],[105.7728443,21.032676],[105.7732596,21.032487],[105.7735811,21.0322556],[105.7738658,21.0319568],[105.7742317,21.0314186],[105.7748064,21.0305157],[105.7749468,21.0302783]]}},{"type":"Feature","properties":{"osm_id":1408286472,"osm_type":"way","bicycle":"no","foot":"no","highway":"primary","horse":"no","lanes":"2","lit":"yes","maxspeed":"60","maxspeed:motorcar":"60","maxspeed:type":"VN:urban","motorcycle":"no","name":"Đường Phạm Văn Đồng","name:en":"Pham Van Dong Road","name:vi":"Đường Phạm Văn Đồng","oneway":"yes","surface":"asphalt","wikidata":"Q10841036","wikipedia":"vi:Đường vành đai 3 (Hà Nội)"},"geometry":{"type":"LineString","coordinates":[[105.7849309,21.067122],[105.7844924,21.0650256],[105.7838846,21.0626337],[105.7836131,21.0615803],[105.7835257,21.0614066]]}},{"type":"Feature","properties":{"osm_id":870823028,"osm_type":"way","bridge":"viaduct","highway":"motorway","lanes":"2","layer":"2","lit":"yes","maxspeed":"80","minspeed":"60","motorcycle":"no","name":"Đường cao tốc Vành đai 3 TP. Hà Nội","name:en":"Ring Road 3 Expressway (Hanoi)","oneway":"yes","ref":"CT.37","start_date":"2020-10-11","surface":"asphalt"},"geometry":{"type":"LineString","coordinates":[[105.7865234,21.0767926],[105.7867687,21.0771892],[105.7870333,21.0776169],[105.7878394,21.0788596],[105.7880863,21.0793222],[105.7882562,21.0796836],[105.7883738,21.0800174],[105.7884752,21.080395],[105.7885405,21.0809097],[105.7885435,21.0813007],[105.7885077,21.0816768],[105.7884214,21.0821447]]}},{"type":"Feature","properties":{"osm_id":11007201,"osm_type":"way","highway":"tertiary","lanes":"2","lit":"yes","name":"Phố Võ Thị Sáu","surface":"asphalt"},"geometry":{"type":"LineString","coordinates":[[105.8546899,21.0088509],[105.8546823,21.0084119],[105.8546699,21.0079371],[105.8546564,21.0073922],[105.8546436,21.0069998],[105.8547098,21.0065563],[105.8548849,21.005875],[105.8549535,21.005497],[105.8549485,21.0048029],[105.85495,21.0041704],[105.854945,21.0035685],[105.8549377,21.0031291],[105.8549306,21.0030082]]}},{"type":"Feature","properties":{"osm_id":896458299,"osm_type":"way","highway":"tertiary","lanes":"2","name":"Phố Đào Thế Tuấn","name:en":"Dao The Tuan Street","surface":"asphalt"},"geometry":{"type":"LineString","coordinates":[[105.8962099,21.0487705],[105.8971833,21.0493281],[105.8981754,21.0498955],[105.89855,21.0501098],[105.89892,21.0503215],[105.8995147,21.0506616],[105.8998395,21.0508473],[105.9002489,21.0510815],[105.9006475,21.0513095],[105.9011785,21.0516132],[105.9013108,21.0516888]]}},{"type":"Feature","properties":{"osm_id":600157694,"osm_type":"way","highway":"tertiary","lane_markings":"no","lit":"yes","name":"Đường Hồng Hà","name:en":"Hong Ha Road","oneway":"no","surface":"concrete"},"geometry":{"type":"LineString","coordinates":[[105.8607674,21.0242371],[105.8611651,21.0231574],[105.8612868,21.0228198],[105.8615004,21.0222283],[105.8617873,21.0214174],[105.8619209,21.0209436],[105.8620137,21.0204329],[105.862065,21.0195265],[105.8622191,21.0185804]]}},{"type":"Feature","properties":{"osm_id":640034004,"osm_type":"way","highway":"trunk","lanes":"3","lit":"yes","maxheight":"4.75","maxspeed":"60","motorcycle":"yes","name":"Đường Hồ Tùng Mậu","name:en":"Ho Tung Mau Road","old_name":"Liên tỉnh lộ 11A","oneway":"yes","ref":"QL.32","surface":"asphalt"},"geometry":{"type":"LineString","coordinates":[[105.7738,21.0377488],[105.7742519,21.0376139],[105.7747604,21.0374599],[105.7756511,21.0371893],[105.7759986,21.0370857],[105.776335,21.0369864],[105.7768473,21.0368423],[105.7773663,21.0366963],[105.7779482,21.0365817],[105.7788294,21.0365074],[105.7793085,21.0365164],[105.7795092,21.0365087]]}},{"type":"Feature","properties":{"osm_id":675558645,"osm_type":"way","highway":"tertiary","lane_markings":"no","name":"Phố Nhật Chiêu","oneway":"no","surface":"asphalt","width":"6"},"geometry":{"type":"LineString","coordinates":[[105.8153199,21.0738129],[105.8146523,21.0728067],[105.8144104,21.0721996],[105.8142591,21.0717833],[105.8140868,21.0714449],[105.8136003,21.0705535],[105.8129344,21.0693546],[105.8125811,21.0691381],[105.8123599,21.0688327]]}},{"type":"Feature","properties":{"osm_id":703952676,"osm_type":"way","highway":"secondary","lanes":"3","lit":"yes","name":"Phố Hội Xá","name:en":"Hoi Xa Street","oneway":"yes","surface":"asphalt"},"geometry":{"type":"LineString","coordinates":[[105.9231074,21.0412167],[105.9225492,21.0421975],[105.9203823,21.0460051],[105.9202125,21.0463035]]}},{"type":"Feature","properties":{"osm_id":492297155,"osm_type":"way","bridge":"yes","foot":"no","highway":"secondary","lanes":"3","layer":"1","lit":"yes","name":"Cầu vượt Xuân Phương","name:en":"Xuan Phuong Overpass","oneway":"yes","surface":"asphalt"},"geometry":{"type":"LineString","coordinates":[[105.7549135,21.0325502],[105.7545423,21.0328083],[105.7539079,21.033276],[105.7530246,21.0339498],[105.7521332,21.0346401],[105.7512451,21.0353337],[105.750269,21.0360935]]}},{"type":"Feature","properties":{"osm_id":492297153,"osm_type":"way","bridge":"yes","foot":"no","highway":"secondary","lanes":"3","layer":"1","lit":"yes","name":"Cầu vượt Xuân Phương","name:en":"Xuan Phuong Overpass","oneway":"yes","surface":"asphalt"},"geometry":{"type":"LineString","coordinates":[[105.7501804,21.0359984],[105.7511661,21.0352404],[105.7520673,21.0345468],[105.7529347,21.0338581],[105.7538235,21.0331801],[105.7544651,21.0327028],[105.7548208,21.0324542]]}},{"type":"Feature","properties":{"osm_id":854837635,"osm_type":"way","highway":"tertiary","lit":"yes","name":"Biển Hồ 6","oneway":"yes","surface":"asphalt"},"geometry":{"type":"LineString","coordinates":[[105.9479555,21.0029668],[105.948789,21.0019125],[105.9490337,21.001603],[105.9498786,21.0005342],[105.950235,21.0000834],[105.9506403,20.9997665],[105.9517786,20.9989179],[105.9519622,20.9987811]]}},{"type":"Feature","properties":{"osm_id":962215935,"osm_type":"way","highway":"primary","lanes":"3","lit":"yes","name":"Đường Phạm Văn Đồng","name:en":"Pham Van Dong Road","name:vi":"Đường Phạm Văn Đồng","oneway":"yes","surface":"asphalt"},"geometry":{"type":"LineString","coordinates":[[105.7858575,21.0758295],[105.7857029,21.0753277],[105.7856416,21.0749504],[105.7855619,21.0742295],[105.7854685,21.0730198],[105.7853698,21.0718556],[105.7853071,21.0711377],[105.7852522,21.0705572],[105.7852173,21.0702088],[105.7852421,21.0700417]]}},{"type":"Feature","properties":{"osm_id":37765383,"osm_type":"way","highway":"tertiary","lanes":"2","lit":"yes","name":"Phố Doãn Kế Thiện","name:en":"Doan Ke Thien Street","surface":"asphalt"},"geometry":{"type":"LineString","coordinates":[[105.7807356,21.0408854],[105.7802815,21.0409199],[105.7798403,21.0409534],[105.7794494,21.0409831],[105.7790672,21.0410343],[105.7784417,21.0412239],[105.7779867,21.0413618],[105.7774633,21.0415244],[105.7767437,21.0415823],[105.7760498,21.0417894],[105.775574,21.0419286],[105.7751393,21.0420598],[105.7750703,21.0421041]]}},{"type":"Feature","properties":{"osm_id":1411061248,"osm_type":"way","bicycle":"no","foot":"no","highway":"primary","horse":"no","lanes":"2","motorcycle":"no","name":"Đường Phạm Văn Đồng","name:en":"Pham Van Dong Road","name:vi":"Đường Phạm Văn Đồng","oneway":"yes","surface":"asphalt"},"geometry":{"type":"LineString","coordinates":[[105.7858575,21.0758295],[105.785769,21.0753287],[105.7857084,21.0749476],[105.7856326,21.0742791],[105.7855693,21.0736164],[105.7855312,21.0730705],[105.7854535,21.0721854],[105.7853768,21.0712667],[105.7853199,21.0706239],[105.7852951,21.0702072],[105.7852421,21.0700417]]}},{"type":"Feature","properties":{"osm_id":756799219,"osm_type":"way","highway":"tertiary","lanes":"2","name":"Phố Đoàn Quang Dung","name:en":"Doan Quang Dung Street","sidewalk":"both","surface":"asphalt"},"geometry":{"type":"LineString","coordinates":[[105.946808,21.0144631],[105.9462292,21.0137753],[105.9457213,21.0131718],[105.9436425,21.0107013],[105.9431187,21.0100789],[105.9430582,21.0100071]]}},{"type":"Feature","properties":{"osm_id":597616038,"osm_type":"way","bicycle":"yes","foot":"yes","highway":"tertiary","lanes":"2","maxspeed":"50","maxweight":"6","name":"Ngõ 250 Đường Phan Trọng Tuệ","oneway":"no","surface":"asphalt"},"geometry":{"type":"LineString","coordinates":[[105.8182203,20.9629686],[105.8177564,20.9626597],[105.8171331,20.9622488],[105.8163378,20.9618033],[105.8153396,20.961216],[105.8144412,20.960856],[105.8139342,20.9606156],[105.8135158,20.9602875],[105.8135628,20.9599037]]}},{"type":"Feature","properties":{"osm_id":761986881,"osm_type":"way","highway":"tertiary","lit":"yes","name":"Biển Hồ 6","oneway":"yes","surface":"asphalt"},"geometry":{"type":"LineString","coordinates":[[105.9520212,20.9988425],[105.9506959,20.9998304],[105.9503807,21.0000672],[105.9500757,21.0004277],[105.9491066,21.0016536],[105.948862,21.0019631],[105.9482417,21.0027477],[105.9480285,21.0030174]]}},{"type":"Feature","properties":{"osm_id":601999040,"osm_type":"way","alleyResourceId":"1__1052","batch":"2","contributor":"GIS_OTS","hgv":"yes","highway":"secondary","lanes":"2","lit":"yes","maxspeed":"50","name":"Đường Nguyễn Khang","name:en":"Nguyen Khang Road","process_id":"481_2","surface":"asphalt"},"geometry":{"type":"LineString","coordinates":[[105.8011708,21.0199545],[105.8015011,21.0193834],[105.8016923,21.019004],[105.8018659,21.0186624],[105.8022946,21.0178538],[105.8025075,21.0174402],[105.8027351,21.0170903],[105.8030463,21.0166891],[105.8035907,21.0159974],[105.8039796,21.0155454],[105.8042272,21.0152728],[105.8043705,21.0151327]]}},{"type":"Feature","properties":{"osm_id":1213891312,"osm_type":"way","highway":"tertiary","lanes":"2","lit":"yes","name":"Phố Nguyễn Cao Luyện","name:en":"Nguyen Cao Luyen Street","oneway":"yes","surface":"asphalt"},"geometry":{"type":"LineString","coordinates":[[105.9076892,21.0615441],[105.9078797,21.061949],[105.9081426,21.0624852],[105.9083092,21.062831],[105.9083676,21.0631947],[105.9082662,21.0635507],[105.9081636,21.0639041],[105.9078824,21.0649907],[105.9068903,21.0659131],[105.906541,21.0662071],[105.9062785,21.0664276]]}},{"type":"Feature","properties":{"osm_id":599670421,"osm_type":"way","highway":"tertiary","name":"Đường Bạch Đằng","name:en":"Bach Dang Road"},"geometry":{"type":"LineString","coordinates":[[105.8754174,21.0032714],[105.8758303,21.0031449],[105.8782354,21.0024081],[105.8787632,21.0022105],[105.8792889,21.0020579],[105.8799815,21.0018722],[105.8805697,21.0017229],[105.8809801,21.0016336]]}},{"type":"Feature","properties":{"osm_id":1174919440,"osm_type":"way","highway":"tertiary","name":"Ngõ 11"},"geometry":{"type":"LineString","coordinates":[[105.9097052,21.0899708],[105.9101531,21.0903387],[105.9112824,21.091054],[105.912095,21.0914673],[105.9127282,21.091729],[105.9134388,21.0920228],[105.9144254,21.0924646],[105.9146794,21.0928059]]}},{"type":"Feature","properties":{"osm_id":208359468,"osm_type":"way","highway":"secondary","lanes":"3","lit":"yes","name":"Phố Hội Xá","name:en":"Hoi Xa Street","oneway":"yes","surface":"asphalt"},"geometry":{"type":"LineString","coordinates":[[105.9200519,21.0462276],[105.9229132,21.0411996]]}},{"type":"Feature","properties":{"osm_id":565008582,"osm_type":"way","highway":"secondary","lanes":"3","lit":"yes","motorcar":"yes","motorcycle":"no","motorroad":"yes","name":"Đường Hoàng Minh Thảo","name:en":"Hoang Minh Thao Road","oneway":"yes","surface":"asphalt"},"geometry":{"type":"LineString","coordinates":[[105.7979708,21.0624663],[105.7996867,21.0624581],[105.8005298,21.0624702],[105.8011825,21.0624713],[105.8015614,21.0624693],[105.8035871,21.0624878],[105.8037495,21.0624896]]}},{"type":"Feature","properties":{"osm_id":503707345,"osm_type":"way","contributor":"GIS_OTS","hgv":"yes","highway":"secondary","lanes":"2","lit":"yes","name":"Phố Trần Cung","name:en":"Tran Cung Street","oneway":"no","surface":"asphalt"},"geometry":{"type":"LineString","coordinates":[[105.789278,21.0518809],[105.7896973,21.0510389],[105.7897954,21.0506631],[105.7898586,21.049991],[105.7898877,21.049598],[105.7900376,21.0484112],[105.7900937,21.0479201],[105.7901417,21.0475308],[105.7902116,21.046973],[105.7902832,21.0463547],[105.7902893,21.046245]]}},{"type":"Feature","properties":{"osm_id":1207654862,"osm_type":"way","highway":"tertiary","lanes":"2","name":"Đường Viên Chiếu","name:en":"Vien Chieu Street","surface":"asphalt"},"geometry":{"type":"LineString","coordinates":[[105.9191764,21.0634167],[105.9193265,21.0630125],[105.9198645,21.0616963],[105.9200076,21.0613061],[105.9199663,21.0609188],[105.9195121,21.0603223],[105.9192747,21.0600367],[105.9187156,21.0588293],[105.9185112,21.058366],[105.9184526,21.0582255]]}},{"type":"Feature","properties":{"osm_id":244392220,"osm_type":"way","highway":"tertiary","lit":"yes","name":"Đường Rừng Cọ","oneway":"yes","sidewalk":"right","surface":"asphalt"},"geometry":{"type":"LineString","coordinates":[[105.9238984,20.9739179],[105.9258499,20.9731473],[105.9274141,20.9725297],[105.9280554,20.9722765],[105.9283925,20.9721289],[105.9289416,20.9720368],[105.9293155,20.9720225]]}},{"type":"Feature","properties":{"osm_id":38031007,"osm_type":"way","highway":"primary","lanes":"3","lit":"yes","name":"Đường Láng","name:en":"Lang Road","oneway":"yes","sidewalk:left":"no","sidewalk:right":"separate","surface":"asphalt"},"geometry":{"type":"LineString","coordinates":[[105.8049378,21.0156576],[105.8045126,21.0160457],[105.8042586,21.0163103],[105.8040287,21.0165748],[105.8037027,21.0169822],[105.803419,21.0173926],[105.8031972,21.0177194],[105.802872,21.018299],[105.8023428,21.0193091],[105.8018649,21.0202029],[105.8017515,21.020406]]}},{"type":"Feature","properties":{"osm_id":37768189,"osm_type":"way","highway":"tertiary","name":"Phố Viên","name:en":"Vien Street","name:zh":"园街"},"geometry":{"type":"LineString","coordinates":[[105.772601,21.0672983],[105.7728694,21.0668327],[105.7729606,21.0656989],[105.7729826,21.065249],[105.7730035,21.0648229],[105.772965,21.064226],[105.7730464,21.0636265],[105.7730825,21.0632137],[105.7731015,21.0626998],[105.7731046,21.0623175],[105.7731081,21.0618688],[105.7731141,21.0616283]]}},{"type":"Feature","properties":{"osm_id":457742014,"osm_type":"way","bus:lanes":"designated|yes|yes","highway":"primary","lanes":"3","lanes:bus":"1","lit":"yes","moped:lanes":"no|yes|yes","motor_vehicle:lanes":"no|yes|yes","motorcycle:lanes":"no|yes|yes","name":"Phố Nguyễn Thanh Bình","oneway":"yes","surface":"asphalt"},"geometry":{"type":"LineString","coordinates":[[105.7656854,20.9791996],[105.7662334,20.979626],[105.7669714,20.9802287],[105.7676977,20.9807792],[105.7680648,20.9810597],[105.7687378,20.9815499],[105.7691684,20.9818294],[105.7696831,20.9821346],[105.7702458,20.9824743],[105.7703538,20.9825396]]}},{"type":"Feature","properties":{"osm_id":601968251,"osm_type":"way","highway":"secondary","lanes":"2","name":"Đường Tam Trinh","name:en":"Tam Trinh Road","surface":"asphalt"},"geometry":{"type":"LineString","coordinates":[[105.8668789,20.9708421],[105.8665988,20.9720794],[105.8664731,20.9725567],[105.8663107,20.9731736],[105.8660211,20.9741943],[105.8659505,20.9745515],[105.8658549,20.9751473],[105.8657771,20.975553],[105.8656537,20.9760654],[105.8655714,20.976414]]}},{"type":"Feature","properties":{"osm_id":1411060685,"osm_type":"way","bicycle":"no","foot":"no","highway":"primary","horse":"no","lanes":"2","lit":"yes","motorcycle":"no","name":"Đường Phạm Văn Đồng","name:en":"Pham Van Dong Road","name:vi":"Đường Phạm Văn Đồng","oneway":"yes","surface":"asphalt"},"geometry":{"type":"LineString","coordinates":[[105.7855017,21.0695146],[105.7854979,21.0699949],[105.7855456,21.0705907],[105.7856017,21.0712978],[105.785645,21.0718212],[105.7857058,21.0726133],[105.7857877,21.0735775],[105.7858736,21.074585],[105.78595,21.07514],[105.785983,21.0752135]]}},{"type":"Feature","properties":{"osm_id":37891457,"osm_type":"way","highway":"tertiary","lanes":"2","lit":"yes","name":"Đường La Thành","name:en":"La Thanh Road","name:zh":"罗城路","oneway":"no","surface":"asphalt"},"geometry":{"type":"LineString","coordinates":[[105.8202064,21.0233154],[105.8205846,21.0232246],[105.8210075,21.0231176],[105.8221107,21.02279],[105.8231978,21.0223659],[105.8240286,21.0220217],[105.8245524,21.0217898],[105.8255579,21.0213209]]}},{"type":"Feature","properties":{"osm_id":684898287,"osm_type":"way","highway":"tertiary","name":"Phố Nguyễn Văn Lộc"},"geometry":{"type":"LineString","coordinates":[[105.7882318,20.9836765],[105.7874632,20.9843449],[105.7869501,20.9846421],[105.7863828,20.984952],[105.7851257,20.9853995],[105.7846556,20.9855483],[105.7841792,20.9856402],[105.7836548,20.9856953],[105.7830284,20.9856974]]}},{"type":"Feature","properties":{"osm_id":962005181,"osm_type":"way","foot":"yes","highway":"primary","lanes":"3","lit":"yes","name":"Đường Phạm Văn Đồng","name:en":"Pham Van Dong Road","name:vi":"Đường Phạm Văn Đồng","oneway":"yes","surface":"asphalt"},"geometry":{"type":"LineString","coordinates":[[105.7855017,21.0695146],[105.7855648,21.0699095],[105.7856093,21.0707326],[105.7856627,21.0714084],[105.785703,21.0719827],[105.7857533,21.0726826],[105.78579,21.073079],[105.7858562,21.0738607],[105.7859242,21.0747335],[105.7859853,21.0751331],[105.785983,21.0752135]]}},{"type":"Feature","properties":{"osm_id":37877893,"osm_type":"way","highway":"primary","lanes":"3","lanes:motorcycle":"1","lanes:psv":"1","lit":"yes","motorcycle:lanes":"designated|yes|yes","name":"Đường Lê Văn Lương","name:en":"Le Van Luong Road","oneway":"yes","psv:lanes":"designated|yes|yes","surface":"asphalt"},"geometry":{"type":"LineString","coordinates":[[105.8048179,21.0052954],[105.8058877,21.0060566],[105.8068244,21.0067137],[105.8076677,21.0072933],[105.8081751,21.0076576],[105.8085244,21.0079049],[105.8091557,21.0083976],[105.8094373,21.0086567]]}},{"type":"Feature","properties":{"osm_id":384534332,"osm_type":"way","destination":"Bắc Ninh","destination:ref":"QL.1","highway":"motorway_link","lanes":"2","layer":"1","lit":"no","motorcycle":"yes","name":"Đi Bắc Ninh","oneway":"yes","surface":"asphalt"},"geometry":{"type":"LineString","coordinates":[[105.9204292,21.0106613],[105.92032,21.0110916],[105.9202217,21.0115007],[105.9201315,21.0119904],[105.9200658,21.0123746],[105.9200274,21.0127335],[105.920023,21.0133726],[105.9200844,21.0138232],[105.9201746,21.0141856],[105.9203714,21.014738],[105.9205588,21.0151274],[105.9207512,21.015501],[105.9210973,21.016105]]}},{"type":"Feature","properties":{"osm_id":926452998,"osm_type":"way","access":"yes","bicycle":"no","foot":"no","highway":"motorway","horse":"no","lanes":"3","lit":"yes","maxspeed":"100","motorcar":"yes","motorcycle":"no","name":"Đại lộ Thăng Long (Láng - Hoà Lạc)","name:en":"Thang Long Avenue (Lang - Hoa Lac Expressway)","oneway":"yes","overtaking":"yes","ref":"CT.03","surface":"asphalt"},"geometry":{"type":"LineString","coordinates":[[105.7568866,21.007439],[105.7624749,21.006253]]}},{"type":"Feature","properties":{"osm_id":627918046,"osm_type":"way","highway":"secondary","lanes":"2","lit":"yes","name":"Đường Ngọc Lâm","name:en":"Ngoc Lam Road","oneway":"no","surface":"asphalt"},"geometry":{"type":"LineString","coordinates":[[105.8745433,21.0483438],[105.8741277,21.0480942],[105.8736201,21.0478136],[105.8731103,21.0475436],[105.8726577,21.0472996],[105.872278,21.0470891],[105.8719115,21.0469032],[105.8715958,21.0467399],[105.8712569,21.0465511],[105.8708265,21.046304],[105.8703809,21.0460647],[105.8700618,21.0458903],[105.8697366,21.0457144],[105.8695461,21.0456114]]}},{"type":"Feature","properties":{"osm_id":449226774,"osm_type":"way","access":"yes","bicycle":"no","foot":"no","highway":"motorway","horse":"no","lanes":"3","lit":"yes","maxspeed":"80","maxspeed:lanes":"100|100|80","motorcar":"yes","motorcycle":"no","name":"Đại lộ Thăng Long (Láng - Hoà Lạc)","name:en":"Thang Long Avenue (Lang - Hoa Lac Expressway)","oneway":"yes","overtaking":"yes","ref":"CT.03","shoulder":"right","surface":"asphalt","wikidata":"Q10841248","wikipedia":"vi:Đại lộ Thăng Long"},"geometry":{"type":"LineString","coordinates":[[105.7850543,21.0022385],[105.7842891,21.0022289],[105.7837068,21.0022727],[105.7826648,21.0024314],[105.7820941,21.0025509],[105.7794461,21.0030892]]}},{"type":"Feature","properties":{"osm_id":711052048,"osm_type":"way","highway":"primary","lanes":"3","lanes:psv":"1","lit":"yes","maxheight:lanes":"3.7||","name":"Phố Tố Hữu","oneway":"yes","psv:lanes":"designated|yes|yes","surface":"asphalt"},"geometry":{"type":"LineString","coordinates":[[105.7902791,20.9947345],[105.7920998,20.9960093],[105.7926218,20.9963759],[105.7933611,20.99689],[105.7938401,20.9972076],[105.7948596,20.9979065],[105.7949497,20.9979696]]}},{"type":"Feature","properties":{"osm_id":28489754,"osm_type":"way","highway":"tertiary","lanes":"4","lit":"yes","name":"Phố Đặng Vũ Hỷ","name:en":"Dang Vu Hy Street","name:vi":"Phố Đặng Vũ Hỷ","surface":"asphalt"},"geometry":{"type":"LineString","coordinates":[[105.8976773,21.0736583],[105.898478,21.0729723],[105.8989317,21.0725829],[105.8994449,21.0721428],[105.8999193,21.0717307],[105.9002757,21.0714299],[105.9008568,21.0709324],[105.9011492,21.0706617],[105.9014659,21.0703645],[105.9019795,21.0699699]]}},{"type":"Feature","properties":{"osm_id":106135903,"osm_type":"way","highway":"primary","lanes":"3","lit":"yes","name":"Đường Đỗ Mười","name:en":"Do Muoi Road","oneway":"yes","surface":"asphalt"},"geometry":{"type":"LineString","coordinates":[[105.8856802,20.9762141],[105.8853544,20.9759117],[105.884819,20.97548],[105.884232,20.9751047],[105.8838006,20.9748511],[105.8834498,20.9746455],[105.883098,20.9744209],[105.8825904,20.9740576],[105.8820724,20.9736459],[105.8815985,20.9732274],[105.8811832,20.9728014]]}},{"type":"Feature","properties":{"osm_id":11001255,"osm_type":"way","alleyResourceId":"1__1006","batch":"2","contributor":"GIS_OTS","hgv":"yes","highway":"tertiary","lanes":"2","name":"Ngõ 94 Phố Thượng Thanh","process_id":"440_2","surface":"asphalt"},"geometry":{"type":"LineString","coordinates":[[105.8911436,21.0613841],[105.8905404,21.0611148],[105.8899913,21.0608806],[105.8896328,21.0607176],[105.8886173,21.0602597],[105.8882026,21.0601258],[105.8876774,21.0599019],[105.8873219,21.0597351],[105.886984,21.0595976],[105.8866073,21.0593594],[105.8860396,21.0589804]]}},{"type":"Feature","properties":{"osm_id":675558646,"osm_type":"way","highway":"tertiary","name":"Phố Quảng Bá","name:ja":"クアンバー通り","oneway":"no","surface":"asphalt"},"geometry":{"type":"LineString","coordinates":[[105.8232015,21.0664361],[105.8227856,21.0664476],[105.8221539,21.0664772],[105.8217298,21.066327],[105.8212932,21.0661102],[105.8206003,21.0659324],[105.8201895,21.0658426],[105.8199058,21.0660539],[105.8195492,21.0660806],[105.819226,21.0663038],[105.8187982,21.0667106],[105.8193864,21.0672773]]}},{"type":"Feature","properties":{"osm_id":601475414,"osm_type":"way","highway":"tertiary","name":"Phố Thanh Lân","name:en":"Thanh Lan Street","surface":"asphalt"},"geometry":{"type":"LineString","coordinates":[[105.8887182,20.9933774],[105.8887138,20.9929951],[105.8887041,20.9926381],[105.8886799,20.9922036],[105.8886793,20.9918483],[105.8886716,20.9914452],[105.8886387,20.990908],[105.8886301,20.9905052],[105.8886177,20.9899757],[105.8886149,20.9896049],[105.8886123,20.9892493],[105.8885322,20.9886227],[105.8885372,20.9877518]]}},{"type":"Feature","properties":{"osm_id":1165027531,"osm_type":"way","contributor":"GIS_OTS","hgv":"yes","highway":"secondary","lit":"yes","name":"Phố Quan Hoa","oneway":"no","surface":"asphalt"},"geometry":{"type":"LineString","coordinates":[[105.804618,21.0348943],[105.8052922,21.0357855],[105.8057618,21.036439],[105.8059845,21.0368341],[105.8061465,21.0373116],[105.8061865,21.0379243],[105.8062096,21.0383101],[105.8061489,21.0391394],[105.8060677,21.039602],[105.8059033,21.0400077]]}},{"type":"Feature","properties":{"osm_id":495292391,"osm_type":"way","destination":"Cầu Chương Dương","highway":"secondary","lit":"no","name":"Lối Ra Thạch Bàn","oneway":"yes","surface":"asphalt"},"geometry":{"type":"LineString","coordinates":[[105.9218911,21.0085864],[105.921246,21.0095637],[105.9210167,21.0099246],[105.9207907,21.0103618],[105.9205933,21.0108586],[105.9204896,21.0112316],[105.9203591,21.0121551],[105.9203005,21.0127155],[105.9202657,21.0131451],[105.9202857,21.013649],[105.9203074,21.0138196]]}},{"type":"Feature","properties":{"osm_id":36084921,"osm_type":"way","highway":"tertiary","lit":"yes","name":"Phố Nguyễn Đình Chiểu","name:en":"Nguyen Dinh Chieu Street","note":"Tổ chức giao thông một chiều cho các phương tiện ô tô trên phố Nguyễn Đình Chiểu theo đoạn và chiều từ Tô Hiến Thành đi đến Đại Cồ Việt. Thời gian thí điểm: 13/01/2024 - 30/4/2024.","oneway":"yes","oneway:bicycle":"no","oneway:mofa":"no","oneway:moped":"no","oneway:motorcycle":"no","source":"AsiaGPS;grab_hanoi_2018_t2;https://vovgiaothong.vn/newsaudio/thi-diem-dieu-chinh-to-chuc-giao-thong-pho-nguyen-dinh-chieu-d37345.html","surface":"asphalt"},"geometry":{"type":"LineString","coordinates":[[105.8466479,21.0134641],[105.8464796,21.0131275],[105.8463391,21.0127605],[105.8461894,21.0123038],[105.8460397,21.0118007],[105.8459209,21.0113492],[105.8458178,21.0108533],[105.8456531,21.0103074],[105.8456093,21.0098541],[105.8458209,21.0093571],[105.8459732,21.0089869],[105.8460315,21.0086159],[105.8460661,21.0081019]]}},{"type":"Feature","properties":{"osm_id":772375883,"osm_type":"way","embankment":"yes","highway":"primary","lanes":"2","lit":"yes","motor_vehicle:conditional":"no @ (Aug 29 21:30-23:59; Aug 30 00:00-13:30; Sep 1 17:00-23:59; Sep 2 00:00-16:00)","name":"Đường Trần Quang Khải","name:en":"Tran Quang Khai Road","name:zh":"陈光启路","oneway":"yes","surface":"asphalt"},"geometry":{"type":"LineString","coordinates":[[105.8605779,21.0244154],[105.860437,21.0247828],[105.8602657,21.0250939],[105.8593168,21.0265043],[105.8588651,21.0272021],[105.8586238,21.0275874],[105.8583896,21.0280166],[105.8577934,21.0291912]]}},{"type":"Feature","properties":{"osm_id":817492126,"osm_type":"way","highway":"trunk","lanes":"4","lit":"yes","name":"Đường Ngọc Hồi","name:en":"Ngoc Hoi Road","note:vi":"Quốc lộ 1 là tên chính thức của con đường này, theo Quyết định số 1454/QĐ-TTg ngày 1 tháng 9 năm 2021 của Thủ tướng Chính phủ Việt Nam. Đề nghị không sửa tên thành \"Quốc lộ 1A\".","oneway":"yes","ref":"QL.1","surface":"asphalt","wikidata":"Q1372266","wikipedia":"vi:Quốc lộ 1"},"geometry":{"type":"LineString","coordinates":[[105.8427559,20.9572732],[105.8429474,20.9563862],[105.8430939,20.9557079],[105.8431922,20.9552523],[105.8433617,20.9544673],[105.8437914,20.9524769],[105.8438848,20.9520102],[105.843915,20.9518574]]}},{"type":"Feature","properties":{"osm_id":1435815745,"osm_type":"way","alt_name":"Quốc lộ 5B","alt_name:en":"National Highway 5B","alt_ref":"QL.5B","embankment":"yes","highway":"motorway","lanes":"3","lit":"no","maxspeed":"120","motorcycle":"no","name":"Đường cao tốc Hà Nội – Hải Phòng","name:en":"Hanoi – Haiphong Expressway","oneway":"yes","ref":"CT.04","surface":"asphalt"},"geometry":{"type":"LineString","coordinates":[[105.9373558,20.9910344],[105.9384853,20.9898049],[105.9410348,20.9868991]]}},{"type":"Feature","properties":{"osm_id":630092758,"osm_type":"way","highway":"tertiary","lanes":"2","maxspeed":"50","name":"Đường Lương Thế Vinh","name:en":"Luong The Vinh Road","surface":"asphalt"},"geometry":{"type":"LineString","coordinates":[[105.7872074,20.997871],[105.7868302,20.9981529],[105.786349,20.9984706],[105.7857028,20.9988928],[105.7852688,20.9991542],[105.784875,20.999397],[105.7839832,20.9999838],[105.7831352,21.0005469],[105.7827204,21.0008213],[105.7826185,21.0009473]]}},{"type":"Feature","properties":{"osm_id":175975104,"osm_type":"way","embankment":"yes","highway":"secondary","lanes":"2","lit":"yes","motor_vehicle:conditional":"no @ (Aug 29 21:30-23:59; Aug 30 00:00-13:30; Sep 1 17:00-23:59; Sep 2 00:00-16:00)","name":"Đường Hoàng Hoa Thám","name:en":"Hoang Hoa Tham Road","name:id":"Jalan Hoang Hoa Tham","name:ja":"ホアンホアタム通り","name:vi":"Đường Hoàng Hoa Thám","name:zh":"黄花探街","oneway":"yes","oneway:bicycle":"no","oneway:mofa":"no","oneway:moped":"no","oneway:motorcycle":"no","surface":"asphalt"},"geometry":{"type":"LineString","coordinates":[[105.8061187,21.0475741],[105.8065818,21.047525],[105.8069907,21.0474809],[105.8073664,21.0474531],[105.8077362,21.0474293],[105.8081644,21.0473364],[105.8086744,21.0471679],[105.8090366,21.047014],[105.8093905,21.0468743],[105.8099046,21.0466537],[105.8103194,21.0464669],[105.8106368,21.0463123],[105.811321,21.0459144]]}},{"type":"Feature","properties":{"osm_id":900356939,"osm_type":"way","highway":"tertiary","lit":"yes","name":"IA20 Ciputra","oneway":"yes","surface":"asphalt"},"geometry":{"type":"LineString","coordinates":[[105.7892519,21.0811417],[105.7894955,21.0817511],[105.7896667,21.0821658],[105.7897121,21.0825161],[105.7895092,21.0829086],[105.7891495,21.0831763],[105.7888461,21.0834118],[105.7885908,21.0837401],[105.7884321,21.0841155],[105.7880215,21.0851494],[105.7878332,21.0856316],[105.7876981,21.0859484]]}},{"type":"Feature","properties":{"osm_id":343741881,"osm_type":"way","highway":"secondary","lanes":"2","lit":"yes","motor_vehicle:conditional":"no @ (Aug 29 21:30-23:59; Aug 30 00:00-13:30; Sep 1 17:00-23:59; Sep 2 00:00-16:00)","name":"Phố Kim Mã","name:en":"Kim Ma Street","name:ja":"キムマー通り","oneway":"yes","surface":"asphalt"},"geometry":{"type":"LineString","coordinates":[[105.8055111,21.0285022],[105.805774,21.0288287],[105.8063471,21.0290427],[105.8068281,21.0292121],[105.8073918,21.0293234],[105.8081098,21.0294211],[105.8091914,21.0295568],[105.8097951,21.0296565],[105.8102892,21.0297443],[105.8107687,21.029825]]}},{"type":"Feature","properties":{"osm_id":148202890,"osm_type":"way","contributor":"GIS_OTS","hgv":"yes","highway":"secondary","lit":"yes","name":"Phố Quan Hoa","name:en":"Quan Hoa Street","oneway":"no","surface":"asphalt"},"geometry":{"type":"LineString","coordinates":[[105.8045424,21.0347992],[105.8043139,21.0344764],[105.8039571,21.0339627],[105.8036074,21.0333231],[105.8033899,21.0329767],[105.8031516,21.0327014],[105.8028804,21.0323948],[105.8024768,21.0319383],[105.8021996,21.0316295],[105.8017049,21.0310819],[105.8012609,21.0305925],[105.8011423,21.0304653]]}},{"type":"Feature","properties":{"osm_id":208435363,"osm_type":"way","highway":"tertiary","name":"Phố Giang Biên","name:en":"Giang Bien Street","surface":"asphalt"},"geometry":{"type":"LineString","coordinates":[[105.9177884,21.0631717],[105.9178591,21.0625453],[105.9177367,21.0622069],[105.9175928,21.0618134],[105.9174166,21.0613654],[105.9171643,21.0607341],[105.9169743,21.0601581],[105.9166851,21.05945],[105.9162818,21.058832],[105.9159165,21.0581894],[105.9158633,21.0581014]]}},{"type":"Feature","properties":{"osm_id":504048270,"osm_type":"way","highway":"tertiary","lanes":"2","name":"Đường Ngọc Thụy","name:en":"Ngoc Thuy Road","oneway":"no","source":"AsiaGPS","surface":"asphalt"},"geometry":{"type":"LineString","coordinates":[[105.8659444,21.057065],[105.8657366,21.0573622],[105.8650451,21.0583004],[105.8645459,21.0589774],[105.8642043,21.0594597],[105.8639956,21.0597559],[105.8637456,21.0601015],[105.8631474,21.0609416],[105.8628221,21.0613858],[105.8628289,21.0615691]]}},{"type":"Feature","properties":{"osm_id":498781753,"osm_type":"way","highway":"primary","lanes":"3","lit":"yes","maxspeed:type":"VN:urban","name":"Đường Cổ Linh","name:en":"Co Linh Road","oneway":"yes","sidewalk":"right","sidewalk:right:surface":"paving_stones","smoothness":"excellent","surface":"asphalt"},"geometry":{"type":"LineString","coordinates":[[105.9052656,21.0228869],[105.9057885,21.022696],[105.9062779,21.0225694],[105.907008,21.0223913],[105.9078638,21.0221911],[105.908249,21.0220485],[105.9087383,21.0217508],[105.9090218,21.0214752],[105.9094237,21.0211361],[105.9097423,21.0208503],[105.910105,21.0205254]]}},{"type":"Feature","properties":{"osm_id":900356940,"osm_type":"way","highway":"tertiary","lit":"yes","name":"IA20 Ciputra","oneway":"yes","surface":"asphalt"},"geometry":{"type":"LineString","coordinates":[[105.7876981,21.0859484],[105.787769,21.085516],[105.788299,21.0841846],[105.7884728,21.0837461],[105.7887388,21.0833717],[105.78934,21.0829261],[105.789571,21.0826498],[105.7895617,21.082175],[105.789406,21.081802],[105.789124,21.0811432]]}},{"type":"Feature","properties":{"osm_id":244655908,"osm_type":"way","highway":"tertiary","name":"Phố Nguyễn Khiêm Ích","name:en":"Nguyen Khiem Ich Street","old_name":"Ngõ 237 phố Ngô Xuân Quảng","sidewalk":"both","surface":"asphalt"},"geometry":{"type":"LineString","coordinates":[[105.9363683,21.0141977],[105.9367712,21.0140947],[105.9371216,21.0140051],[105.9374972,21.0139091],[105.9388934,21.0135523],[105.9393469,21.0134364],[105.9401349,21.013235],[105.9406971,21.0130913],[105.9412278,21.0129558],[105.9416885,21.012838]]}},{"type":"Feature","properties":{"osm_id":1435815743,"osm_type":"way","alt_name":"Quốc lộ 5B","alt_name:en":"National Highway 5B","alt_ref":"QL.5B","embankment":"yes","highway":"motorway","lanes":"3","lit":"no","maxspeed":"120","motorcycle":"no","name":"Đường cao tốc Hà Nội – Hải Phòng","name:en":"Hanoi – Haiphong Expressway","oneway":"yes","ref":"CT.04","surface":"asphalt"},"geometry":{"type":"LineString","coordinates":[[105.9411919,20.9870941],[105.938699,20.9899194],[105.9375413,20.9911789]]}},{"type":"Feature","properties":{"osm_id":704945556,"osm_type":"way","highway":"tertiary","lanes":"2","lit":"yes","name":"Phố Nguyễn Cao Luyện","name:en":"Nguyen Cao Luyen Street","oneway":"yes","surface":"asphalt"},"geometry":{"type":"LineString","coordinates":[[105.9064621,21.0661442],[105.9077049,21.0650978],[105.9080524,21.0638801],[105.9081646,21.0635275],[105.9082703,21.0631821],[105.9076698,21.061709],[105.9075584,21.0614792]]}},{"type":"Feature","properties":{"osm_id":602001570,"osm_type":"way","highway":"primary","lanes":"3","lit":"yes","name":"Phố Trần Danh Tuyên","name:en":"Tran Danh Tuyen Street","oneway":"yes","surface":"asphalt"},"geometry":{"type":"LineString","coordinates":[[105.9162345,21.0394521],[105.9174425,21.0387571],[105.9184304,21.0381931],[105.9192043,21.0377654],[105.9209715,21.0367295]]}},{"type":"Feature","properties":{"osm_id":37926555,"osm_type":"way","highway":"tertiary","lanes":"2","name":"Đường Chiến Thắng","surface":"asphalt"},"geometry":{"type":"LineString","coordinates":[[105.7967746,20.9785458],[105.796485,20.9788746],[105.7962433,20.9791476],[105.7959793,20.9794478],[105.7955731,20.9799304],[105.7953292,20.980219],[105.7950886,20.9804901],[105.7945722,20.9811425],[105.7941858,20.9816284],[105.7936835,20.9822429],[105.7932698,20.9827182]]}},{"type":"Feature","properties":{"osm_id":1363326986,"osm_type":"way","access":"yes","bicycle":"no","foot":"no","highway":"motorway","horse":"no","lanes":"3","lit":"yes","maxspeed":"100","motorcar":"yes","motorcycle":"no","name":"Đại lộ Thăng Long (Láng - Hoà Lạc)","name:en":"Thang Long Avenue (Lang - Hoa Lac Expressway)","oneway":"yes","overtaking":"yes","ref":"CT.03","surface":"asphalt","wikidata":"Q10841248","wikipedia":"vi:Đại lộ Thăng Long"},"geometry":{"type":"LineString","coordinates":[[105.7625318,21.006644],[105.7572,21.0077716]]}},{"type":"Feature","properties":{"osm_id":926453007,"osm_type":"way","access":"yes","bicycle":"no","foot":"no","highway":"motorway","horse":"no","lanes":"3","lit":"yes","maxspeed:lanes":"100|100|80","motorcar":"yes","motorcycle":"no","name":"Đại lộ Thăng Long (Láng - Hoà Lạc)","name:en":"Thang Long Avenue (Lang - Hoa Lac Expressway)","oneway":"yes","overtaking":"yes","ref":"CT.03","shoulder":"right","surface":"asphalt","wikidata":"Q10841248","wikipedia":"vi:Đại lộ Thăng Long"},"geometry":{"type":"LineString","coordinates":[[105.7794461,21.0030892],[105.7787744,21.0032228],[105.7741157,21.004214]]}},{"type":"Feature","properties":{"osm_id":447028991,"osm_type":"way","fixme":"Đoạn đường ưu tiên phân cấp trunk vì là đại lộ liên tỉnh, là trục đường vận tải đông đúc của xe tải và nhiều phương tiện, vui lòng không hạ xuống primary chỉ vì đây được quy hoạch là đường tỉnh","highway":"trunk","lit":"yes","maxspeed":"80","name":"Đại lộ Ecopark","official_name":"Đường liên tỉnh Hà Nội - Hưng Yên","oneway":"yes","ref":"ĐT.379","sidewalk":"right","surface":"asphalt"},"geometry":{"type":"LineString","coordinates":[[105.9299706,20.966959],[105.9299703,20.9662349],[105.9300726,20.9655892],[105.9302569,20.9649216],[105.9304923,20.964287],[105.9306463,20.963942],[105.9311285,20.9631624],[105.9315075,20.9626765],[105.9320313,20.9620944]]}},{"type":"Feature","properties":{"osm_id":616545698,"osm_type":"way","highway":"primary","lanes":"2","lit":"yes","name":"Đường Bưởi","name:en":"Buoi Road","oneway":"yes","smoothness":"good","surface":"asphalt"},"geometry":{"type":"LineString","coordinates":[[105.8049793,21.034438],[105.8046341,21.0339719],[105.8044207,21.033661],[105.8042209,21.0333231],[105.8039823,21.0329385],[105.8037525,21.0325971],[105.8034568,21.0322356],[105.8031104,21.0318532],[105.8027607,21.0314501],[105.8023964,21.0310442],[105.8021647,21.0307193],[105.8018808,21.0304187],[105.8016402,21.0301634]]}},{"type":"Feature","properties":{"osm_id":457757013,"osm_type":"way","foot":"yes","highway":"primary","lanes":"2","lit":"yes","name":"Đường Tây Mỗ","name:en":"Tay Mo Road","oneway":"no","ref":"ĐT.70","surface":"asphalt"},"geometry":{"type":"LineString","coordinates":[[105.7509546,21.000474],[105.7508839,21.0013256],[105.750652,21.0016961],[105.750437,21.0021298],[105.7502322,21.0027654],[105.7500758,21.0031529],[105.7499475,21.003492],[105.7497424,21.004006],[105.7494531,21.0047368],[105.7493059,21.0051088],[105.7491666,21.0054314],[105.7491197,21.0055465]]}},{"type":"Feature","properties":{"osm_id":858369192,"osm_type":"way","foot":"yes","highway":"primary","lanes":"2","lit":"yes","name":"Đường Phạm Văn Đồng","name:en":"Pham Van Dong Road","name:vi":"Đường Phạm Văn Đồng","oneway":"yes","surface":"asphalt"},"geometry":{"type":"LineString","coordinates":[[105.7816808,21.0493213],[105.7818001,21.0501996],[105.7818605,21.0509151],[105.7819346,21.0518622],[105.7819735,21.052385],[105.7820104,21.0528881],[105.7820406,21.05324],[105.7820964,21.0537641],[105.7822295,21.0545773],[105.7822543,21.0547264]]}},{"type":"Feature","properties":{"osm_id":1038984151,"osm_type":"way","highway":"trunk","int_ref":"AH14","lanes":"4","lit":"yes","maxspeed":"80","name":"Đường Trường Sa","name:en":"Truong Sa Road","oneway":"yes","ref":"QL.5","surface":"asphalt"},"geometry":{"type":"LineString","coordinates":[[105.8720879,21.0807636],[105.8732111,21.0786453],[105.8733789,21.0783288],[105.8737512,21.0776878],[105.8746767,21.0759937]]}},{"type":"Feature","properties":{"osm_id":399842631,"osm_type":"way","highway":"tertiary","lanes":"2","lit":"yes","name":"Phố Nguyễn Cao Luyện","name:en":"Nguyen Cao Luyen Street","oneway":"yes","surface":"asphalt"},"geometry":{"type":"LineString","coordinates":[[105.9038855,21.0580713],[105.9051345,21.0586917],[105.9058937,21.0590687],[105.9065746,21.0594069],[105.9072749,21.0606847],[105.9075757,21.061309],[105.9076892,21.0615441]]}},{"type":"Feature","properties":{"osm_id":675558828,"osm_type":"way","highway":"tertiary","lanes":"2","name":"Đường Phú Diễn","name:en":"Phu Dien Road","surface":"asphalt"},"geometry":{"type":"LineString","coordinates":[[105.7631009,21.0468736],[105.7629116,21.0462196],[105.7626503,21.0455708],[105.7623303,21.0448367],[105.7621565,21.0444984],[105.7619609,21.0441217],[105.761599,21.0433359],[105.7613472,21.042852],[105.761101,21.042525],[105.7607735,21.0420138]]}},{"type":"Feature","properties":{"osm_id":163053438,"osm_type":"way","highway":"secondary","lanes":"3","lit":"yes","maxspeed":"60","name":"Phố Trung Kính","name:en":"Trung Kinh Street","oneway":"yes","surface":"asphalt"},"geometry":{"type":"LineString","coordinates":[[105.792577,21.0189698],[105.7927646,21.01865],[105.7931779,21.0179427],[105.7937456,21.0170385],[105.7940361,21.016566],[105.7942224,21.0162461],[105.7945623,21.0156742],[105.794757,21.015351],[105.7951762,21.0146593],[105.7953851,21.0143481]]}},{"type":"Feature","properties":{"osm_id":1124785546,"osm_type":"way","highway":"motorway_link","lanes":"2","lit":"yes","motorcycle":"yes","name":"Đi Văn Giang, Hưng Yên","oneway":"yes","surface":"asphalt"},"geometry":{"type":"LineString","coordinates":[[105.9123586,21.0054136],[105.9128084,21.0058188],[105.9132087,21.0062043],[105.9135332,21.0063805],[105.9139416,21.0062924],[105.9141211,21.0059712],[105.9139505,21.0056165],[105.91357,21.0054724],[105.9131361,21.0054734],[105.9127242,21.0054168],[105.9123431,21.00517],[105.9120104,21.0048019],[105.9116931,21.0044323]]}},{"type":"Feature","properties":{"osm_id":37972515,"osm_type":"way","highway":"tertiary","lanes":"2","lit":"yes","name":"Phố Thái Thịnh","name:en":"Thai Thinh Street","surface":"asphalt"},"geometry":{"type":"LineString","coordinates":[[105.822243,21.005964],[105.8218494,21.0063576],[105.8215159,21.0067469],[105.8211635,21.0072018],[105.8209278,21.0074932],[105.8205136,21.0079848],[105.8202844,21.0082517],[105.820046,21.0085341],[105.8197973,21.0088353],[105.8195695,21.0091142],[105.8192785,21.0094491],[105.818971,21.0097992],[105.8187493,21.0100776]]}},{"type":"Feature","properties":{"osm_id":36727144,"osm_type":"way","highway":"tertiary","lanes":"2","name":"Phố Hoa Lâm","name:en":"Hoa Lam Street","source":"AsiaGPS","surface":"asphalt"},"geometry":{"type":"LineString","coordinates":[[105.8930484,21.0605377],[105.8934051,21.0600913],[105.8936827,21.0597038],[105.893906,21.0594002],[105.8941398,21.0590927],[105.8943814,21.0587641],[105.8946314,21.0584159],[105.8948973,21.0580311],[105.8951077,21.0576902],[105.895466,21.0570584],[105.8957214,21.0566319],[105.8960919,21.0560897]]}},{"type":"Feature","properties":{"osm_id":600596156,"osm_type":"way","highway":"tertiary","lanes":"2","name":"Đường 2 Gamuda Garden","name:en":"Road 2 Gamuda Garden","oneway":"yes","surface":"asphalt"},"geometry":{"type":"LineString","coordinates":[[105.8781213,20.9727829],[105.8781089,20.9723411],[105.8779438,20.9715809],[105.8778091,20.9712304],[105.8773473,20.970532],[105.8770515,20.9701915],[105.8767704,20.9699355],[105.8759517,20.9693217],[105.8754118,20.9689261],[105.87513,20.9687118],[105.8751066,20.9686388]]}},{"type":"Feature","properties":{"osm_id":956489648,"osm_type":"way","highway":"secondary","lanes":"2","lit":"yes","name":"Đường Lạc Long Quân","name:en":"Lac Long Quan Road","oneway":"yes","surface":"asphalt"},"geometry":{"type":"LineString","coordinates":[[105.8178893,21.0811087],[105.8173635,21.0804778],[105.8170557,21.0800845],[105.8166327,21.079523],[105.8163861,21.0792007],[105.8159127,21.078536],[105.8155217,21.077979],[105.8147095,21.0767698]]}},{"type":"Feature","properties":{"osm_id":602293116,"osm_type":"way","highway":"tertiary","lanes":"2","lit":"yes","name":"Phố Nguyễn Cao Luyện","name:en":"Nguyen Cao Luyen Street","oneway":"yes","surface":"asphalt"},"geometry":{"type":"LineString","coordinates":[[105.9075584,21.0614792],[105.9067407,21.0597915],[105.9065242,21.0594876],[105.905079,21.058792],[105.9040307,21.0582875],[105.903704,21.0581304]]}},{"type":"Feature","properties":{"osm_id":601916880,"osm_type":"way","highway":"tertiary","lanes":"2","lit":"yes","name":"Phố Nguyễn Cao Luyện","name:en":"Nguyen Cao Luyen Street","oneway":"yes","surface":"asphalt"},"geometry":{"type":"LineString","coordinates":[[105.9021741,21.0697544],[105.9028674,21.0691707],[105.9047239,21.0676076],[105.9050065,21.0673697],[105.906059,21.0664835],[105.9062847,21.0662931]]}},{"type":"Feature","properties":{"osm_id":624655124,"osm_type":"way","highway":"tertiary","lanes":"2","lit":"yes","name":"Phố Nguyên Hồng","name:en":"Nguyen Hong Street","surface":"asphalt"},"geometry":{"type":"LineString","coordinates":[[105.8117923,21.0233099],[105.8119348,21.0224255],[105.8120644,21.02155],[105.8121281,21.0209963],[105.8121908,21.0206307],[105.8122406,21.020162],[105.8124049,21.0192257],[105.8121752,21.0188287],[105.8118533,21.0182328],[105.8117963,21.0181458]]}},{"type":"Feature","properties":{"osm_id":710333729,"osm_type":"way","access":"yes","bicycle":"no","foot":"no","highway":"motorway","horse":"no","lanes":"3","lit":"yes","maxspeed":"60","maxspeed:lanes":"100|100|80","motorcar":"yes","motorcycle":"no","name":"Đại lộ Thăng Long (Láng - Hoà Lạc)","name:en":"Thang Long Avenue (Lang - Hoa Lac Expressway)","oneway":"yes","overtaking":"yes","ref":"CT.03","surface":"asphalt","wikidata":"Q10841248","wikipedia":"vi:Đại lộ Thăng Long"},"geometry":{"type":"LineString","coordinates":[[105.7740154,21.0038275],[105.7777246,21.0030569],[105.7792582,21.0027383]]}},{"type":"Feature","properties":{"osm_id":37372076,"osm_type":"way","access":"yes","bicycle":"no","foot":"no","highway":"motorway","horse":"no","int_ref":"AH1","lanes":"3","lit":"no","maxspeed":"100","minspeed":"60","motor_vehicle":"yes","motorcycle":"no","name":"Đường cao tốc Pháp Vân - Cầu Giẽ","name:en":"Phap Van - Cau Gie Expressway","oneway":"yes","ref":"CT.01","shoulder":"yes","source":"GPS","surface":"asphalt","toll":"yes","wikidata":"Q10840982","wikipedia":"vi:Đường cao tốc Pháp Vân – Cầu Giẽ"},"geometry":{"type":"LineString","coordinates":[[105.8493684,20.9589177],[105.8495466,20.9582126],[105.8499205,20.9571818],[105.8503027,20.9563835],[105.8507974,20.9555314],[105.8517428,20.9541684]]}},{"type":"Feature","properties":{"osm_id":36727357,"osm_type":"way","highway":"secondary","lanes":"2","maxweight":"10","name":"Phố Trường Lâm","name:en":"Truong Lam Street","source":"AsiaGPS","surface":"asphalt","traffic_signals:direction":"backward"},"geometry":{"type":"LineString","coordinates":[[105.8954087,21.0626866],[105.8957087,21.0624287],[105.8961047,21.0621927],[105.896509,21.0621112],[105.8969905,21.0621607],[105.8975973,21.0622241],[105.8981871,21.0622858],[105.8993077,21.062403],[105.8999575,21.0624709],[105.9003174,21.0625086],[105.9005692,21.0625349]]}},{"type":"Feature","properties":{"osm_id":399203474,"osm_type":"way","highway":"tertiary","lanes":"4","lit":"yes","name":"Phố Trần Kim Xuyến","name:en":"Tran Kim Xuyen Street","surface":"asphalt"},"geometry":{"type":"LineString","coordinates":[[105.7983806,21.0173283],[105.797644,21.0175455],[105.7972841,21.0176642],[105.7968966,21.0177831],[105.7963539,21.0179525],[105.7952899,21.0183129],[105.7943908,21.0189775],[105.7940024,21.0192754],[105.7936146,21.0195877]]}},{"type":"Feature","properties":{"osm_id":659909914,"osm_type":"way","highway":"tertiary","name":"Đường Đình Xuyên"},"geometry":{"type":"LineString","coordinates":[[105.9354222,21.0767719],[105.9351762,21.0773892],[105.9347839,21.0784538],[105.9340491,21.0793042],[105.9335065,21.0799654],[105.9331137,21.0804318],[105.9325179,21.0811391],[105.9324946,21.0811667]]}},{"type":"Feature","properties":{"osm_id":518849840,"osm_type":"way","destination":"Bắc Ninh;Lạng Sơn","destination:ref":"CT.01;QL.1","highway":"motorway_link","lanes":"2","lit":"yes","maxheight":"4.5","motorcycle":"yes","name":"Đi Bắc Ninh","oneway":"yes","surface":"asphalt"},"geometry":{"type":"LineString","coordinates":[[105.9253384,21.0262715],[105.9258386,21.0259969],[105.9262007,21.0257941],[105.9267104,21.0255463],[105.9276143,21.0250681],[105.9283492,21.0247576],[105.9297104,21.0241878],[105.9301696,21.0239956]]}},{"type":"Feature","properties":{"osm_id":163053437,"osm_type":"way","highway":"secondary","lanes":"3","lit":"yes","maxspeed":"60","name":"Phố Trung Kính","name:en":"Trung Kinh Street","oneway":"yes","surface":"asphalt"},"geometry":{"type":"LineString","coordinates":[[105.7954625,21.0144734],[105.7951503,21.0149765],[105.7948523,21.0154523],[105.7945085,21.0160419],[105.7943138,21.016373],[105.7937509,21.017287],[105.7932196,21.0181568],[105.7929423,21.018609],[105.7927699,21.0189185],[105.7926991,21.0190366]]}},{"type":"Feature","properties":{"osm_id":1010846170,"osm_type":"way","highway":"primary","lanes":"4","lit":"yes","name":"Đại lộ Thăng Long","name:en":"Thang Long Avenue","oneway":"yes","smoothness":"good","surface":"asphalt"},"geometry":{"type":"LineString","coordinates":[[105.7627058,21.006895],[105.7617458,21.0070892],[105.761326,21.0071801],[105.759965,21.0074681],[105.7592396,21.0076134],[105.7586956,21.0077337],[105.7574976,21.0079987]]}},{"type":"Feature","properties":{"osm_id":708633681,"osm_type":"way","highway":"secondary","lanes":"3","lit":"yes","maxspeed":"60","motor_vehicle:conditional":"no @ (Jan 8 07:00-12:30; Jan 10 07:00-12:30)","name":"Đường Lê Đức Thọ","oneway":"yes","surface":"asphalt"},"geometry":{"type":"LineString","coordinates":[[105.768465,21.0279422],[105.7685383,21.0283108],[105.7687278,21.0288621],[105.7690459,21.0297729],[105.7693632,21.0310443],[105.7694814,21.0315692],[105.7696108,21.032132],[105.7698349,21.0330802]]}},{"type":"Feature","properties":{"osm_id":472431976,"osm_type":"way","highway":"tertiary","lit":"yes","name":"Phố Tạ Quang Bửu","name:en":"Ta Quang Buu Street","surface":"asphalt"},"geometry":{"type":"LineString","coordinates":[[105.8474218,21.0081248],[105.8474403,21.0075617],[105.8474419,21.0071676],[105.8472555,21.006807],[105.8472656,21.0063322],[105.847253,21.0058908],[105.8471794,21.0054996],[105.8469836,21.0050086],[105.8472066,21.0045017],[105.8472042,21.0041071],[105.8477737,21.0034643],[105.8479807,21.0032553]]}},{"type":"Feature","properties":{"osm_id":627950001,"osm_type":"way","fixme":"Đoạn đường ưu tiên phân cấp trunk vì là đại lộ liên tỉnh, là trục đường vận tải đông đúc của xe tải và nhiều phương tiện, vui lòng không hạ xuống primary chỉ vì đây được quy hoạch là đường tỉnh","highway":"trunk","lit":"yes","name":"Đại lộ Ecopark","official_name":"Đường liên tỉnh Hà Nội - Hưng Yên","oneway":"yes","ref":"ĐT.379","sidewalk":"right","surface":"asphalt"},"geometry":{"type":"LineString","coordinates":[[105.9322096,20.9622371],[105.9316343,20.9628754],[105.9313322,20.9632762],[105.9310502,20.9637139],[105.9307301,20.9643473],[105.9304992,20.9648924],[105.9303793,20.9652889],[105.9302777,20.9656775],[105.9302267,20.9661083],[105.930216,20.9665316],[105.9302166,20.9669774]]}},{"type":"Feature","properties":{"osm_id":37372175,"osm_type":"way","access":"yes","bicycle":"no","foot":"no","highway":"motorway","horse":"no","int_ref":"AH1","lanes":"3","lit":"no","maxspeed":"100","minspeed":"60","motor_vehicle":"yes","motorcycle":"no","name":"Đường cao tốc Pháp Vân - Cầu Giẽ","name:en":"Phap Van - Cau Gie Expressway","oneway":"yes","ref":"CT.01","shoulder":"yes","source":"GPS","surface":"asphalt","toll":"yes","wikidata":"Q10840982","wikipedia":"vi:Đường cao tốc Pháp Vân – Cầu Giẽ"},"geometry":{"type":"LineString","coordinates":[[105.85197,20.9542994],[105.8515419,20.9549166],[105.851022,20.9556661],[105.8506081,20.9563547],[105.850166,20.9572797],[105.8499792,20.9577956],[105.8498004,20.9582897],[105.8496061,20.9589334],[105.8495887,20.9589913]]}},{"type":"Feature","properties":{"osm_id":643248180,"osm_type":"way","highway":"primary","lanes":"3","lit":"yes","name":"Đường Đỗ Mười","name:en":"Do Muoi Road","oneway":"yes","surface":"asphalt"},"geometry":{"type":"LineString","coordinates":[[105.8743608,20.9654079],[105.8740009,20.9652405],[105.8736225,20.9650792],[105.8732499,20.9649562],[105.8728858,20.9648453],[105.8725489,20.9647483],[105.8713848,20.9645104],[105.8707991,20.9644728],[105.869963,20.9644541],[105.8692166,20.9644367]]}},{"type":"Feature","properties":{"osm_id":685162784,"osm_type":"way","highway":"tertiary","name":"Phố Thuận An","name:en":"Thuan An Street","sidewalk":"both","surface":"asphalt"},"geometry":{"type":"LineString","coordinates":[[105.9429814,21.0143649],[105.9425121,21.0138107],[105.9419525,21.013151],[105.9416885,21.012838],[105.9414123,21.0118881],[105.9412251,21.0112444],[105.9410127,21.0105139],[105.940834,21.0098994],[105.9407715,21.0096845]]}},{"type":"Feature","properties":{"osm_id":600157697,"osm_type":"way","embankment":"yes","highway":"primary","lanes":"2","lit":"yes","motor_vehicle:conditional":"no @ (Aug 29 21:30-23:59; Aug 30 00:00-13:30; Sep 1 17:00-23:59; Sep 2 00:00-16:00)","name":"Đường Trần Quang Khải","name:en":"Tran Quang Khai Road","name:zh":"陈光启路","oneway":"yes","surface":"asphalt"},"geometry":{"type":"LineString","coordinates":[[105.8577934,21.0291912],[105.8567492,21.0313753],[105.8555072,21.0339557]]}},{"type":"Feature","properties":{"osm_id":711526328,"osm_type":"way","highway":"primary","lanes":"3","lanes:psv":"1","lit":"yes","name":"Đường Lê Văn Lương","name:en":"Le Van Luong Road","oneway":"yes","psv:lanes":"designated|yes|yes","surface":"asphalt"},"geometry":{"type":"LineString","coordinates":[[105.8045555,21.005355],[105.8042502,21.0051311],[105.8039436,21.0049069],[105.8032501,21.0044097],[105.8028665,21.0041388],[105.8025186,21.0038928],[105.801389,21.003105],[105.8008274,21.0027317],[105.8003658,21.002425],[105.8002637,21.0023504]]}},{"type":"Feature","properties":{"osm_id":1518657066,"osm_type":"way","bicycle":"no","destination":"Cầu Thăng Long","foot":"no","highway":"trunk_link","lanes":"1","lit":"yes","motorcycle":"no","name":"Hướng đi Cầu Thăng Long","oneway":"yes","surface":"asphalt"},"geometry":{"type":"LineString","coordinates":[[105.7871661,21.0855222],[105.7875049,21.0854041],[105.7877173,21.0850789],[105.7878748,21.0846578],[105.7881597,21.0839231],[105.7883313,21.0835219],[105.7885808,21.0832131],[105.7891241,21.0827888],[105.7893435,21.0824123],[105.789163,21.0820672],[105.7887189,21.0820606],[105.7884342,21.0824241]]}},{"type":"Feature","properties":{"osm_id":1217943687,"osm_type":"way","highway":"primary","lanes":"4","lit":"yes","name":"Phố Huỳnh Thúc Kháng","name:en":"Huynh Thuc Khang Street","sidewalk:both":"separate","surface":"asphalt"},"geometry":{"type":"LineString","coordinates":[[105.8072926,21.0203603],[105.8068115,21.0207029],[105.8064687,21.0208661],[105.8060648,21.0209634],[105.8057077,21.0209954],[105.8043198,21.0212358],[105.803907,21.0213122],[105.8036059,21.0214935],[105.8035497,21.0218542],[105.8035764,21.022315],[105.8035995,21.0226653],[105.8036082,21.0227975]]}},{"type":"Feature","properties":{"osm_id":709349570,"osm_type":"way","highway":"tertiary","name":"Phố Nguyễn Sơn","name:en":"Nguyen Son Street","surface":"asphalt"},"geometry":{"type":"LineString","coordinates":[[105.883444,21.0443159],[105.8825616,21.0447318],[105.882128,21.0449357],[105.8815176,21.0452373],[105.8807421,21.0455967],[105.8803334,21.0457948],[105.8798975,21.0460013],[105.8795313,21.0461816],[105.8791629,21.0463568],[105.8787282,21.0465725]]}},{"type":"Feature","properties":{"osm_id":599670426,"osm_type":"way","embankment":"yes","highway":"primary","lanes":"2","lit":"yes","maxweight:conditional":"3.5 @ (6:00-9:00,16:30-19:30)","name":"Đường Nguyễn Khoái","name:en":"Nguyen Khoai Road","oneway":"yes","surface":"asphalt"},"geometry":{"type":"LineString","coordinates":[[105.8634841,21.0128872],[105.8632605,21.0136247],[105.8631436,21.0140727],[105.8629557,21.0148415],[105.8627355,21.0158063],[105.8626352,21.0162189],[105.8624052,21.0171982],[105.8622244,21.0179503]]}},{"type":"Feature","properties":{"osm_id":684895558,"osm_type":"way","highway":"tertiary","name":"Phố An Dương","name:en":"An Duong Street","surface":"asphalt"},"geometry":{"type":"LineString","coordinates":[[105.8388882,21.0559605],[105.8390591,21.055642],[105.8393665,21.0551067],[105.8397588,21.054383],[105.8399422,21.0540065],[105.8400862,21.0536282],[105.8402619,21.0531321],[105.840454,21.0526685],[105.8406314,21.0522724],[105.8407957,21.0519502],[105.8409501,21.0515467],[105.841027,21.0512202]]}},{"type":"Feature","properties":{"osm_id":1240663516,"osm_type":"way","highway":"primary","lanes":"2","lit":"yes","maxheight":"4","name":"Đường Nguyễn Khoái","name:en":"Nguyen Khoai Road","surface":"asphalt"},"geometry":{"type":"LineString","coordinates":[[105.8911998,20.9785348],[105.8914957,20.9788869],[105.8918367,20.978968],[105.8922896,20.9790492],[105.892667,20.9792165],[105.8931022,20.9795985],[105.8935943,20.980244],[105.8941024,20.9810153],[105.8943507,20.9814313],[105.8945211,20.9817605],[105.894638,20.9821044]]}},{"type":"Feature","properties":{"osm_id":756588021,"osm_type":"way","bus:lanes":"designated|yes|yes","highway":"primary","lanes":"3","lanes:bus":"1","lit":"yes","moped:lanes":"no|yes|yes","motor_vehicle:lanes":"no|yes|yes","motorcycle:lanes":"no|yes|yes","name":"Phố Tố Hữu","oneway":"yes","surface":"asphalt"},"geometry":{"type":"LineString","coordinates":[[105.7704357,20.9825917],[105.7708448,20.9827992],[105.771865,20.9833518],[105.7722028,20.9835152],[105.7734057,20.9840764],[105.774471,20.9845572],[105.7750951,20.9849047]]}},{"type":"Feature","properties":{"osm_id":397241053,"osm_type":"way","bus:lanes":"designated|yes|yes","highway":"primary","lanes":"3","lanes:bus":"1","lit":"yes","moped:lanes":"no|yes|yes","motor_vehicle:lanes":"no|yes|yes","motorcycle:lanes":"no|yes|yes","name":"Phố Tố Hữu","oneway":"yes","surface":"asphalt"},"geometry":{"type":"LineString","coordinates":[[105.7750049,20.9850011],[105.7746435,20.9847685],[105.7736377,20.9843128],[105.7722462,20.9836842],[105.7717779,20.9834771],[105.7712078,20.983194],[105.7707392,20.9829182],[105.7703565,20.9827001]]}},{"type":"Feature","properties":{"osm_id":771649107,"osm_type":"way","alt_name":"Nguyễn Xiển - Xa La","highway":"trunk","lanes":"3","lit":"yes","maxspeed":"60","name":"Đường Phạm Tu","name:en":"Pham Tu Road","oneway":"yes","ref":"QL.21C","surface":"asphalt"},"geometry":{"type":"LineString","coordinates":[[105.8014858,20.9664307],[105.8033017,20.9673938],[105.8037736,20.9676561],[105.8044177,20.9679953],[105.8047683,20.9681979],[105.8051126,20.9683943],[105.8056909,20.9688395],[105.805948,20.969047]]}},{"type":"Feature","properties":{"osm_id":711372339,"osm_type":"way","embankment":"yes","highway":"primary","lanes":"2","lit":"yes","name":"Đường Nguyễn Khoái","name:en":"Nguyen Khoai Road","oneway":"yes","surface":"asphalt"},"geometry":{"type":"LineString","coordinates":[[105.8621617,21.0179413],[105.8623422,21.0171869],[105.8625708,21.0161994],[105.8629291,21.0146745],[105.8630384,21.0142232],[105.8633201,21.0131497],[105.8633719,21.012922]]}},{"type":"Feature","properties":{"osm_id":704938980,"osm_type":"way","highway":"primary","lanes":"2","lit":"yes","maxspeed:type":"VN:urban","name":"Đường Cầu Giấy","name:en":"Cau Giay Road","oneway":"yes","sidewalk:left":"no","sidewalk:right":"separate","smoothness":"good","surface":"asphalt"},"geometry":{"type":"LineString","coordinates":[[105.7951405,21.0345948],[105.7958901,21.0343638],[105.7967422,21.0341103],[105.7970918,21.0339827],[105.7974248,21.0337799],[105.7977461,21.0334845],[105.7980836,21.0331504],[105.7984909,21.0327435],[105.7987529,21.0324956],[105.7993668,21.0319149],[105.7993805,21.0318999]]}},{"type":"Feature","properties":{"osm_id":36727338,"osm_type":"way","highway":"tertiary","lanes":"2","name":"Ngõ 85 Phố Vũ Đức Thận","source":"AsiaGPS","surface":"asphalt"},"geometry":{"type":"LineString","coordinates":[[105.8990029,21.053775],[105.8978233,21.0530914],[105.897138,21.0526943],[105.8968294,21.0525154],[105.8963861,21.0522585],[105.895773,21.0519032],[105.8946618,21.0512592],[105.8945617,21.0512012]]}},{"type":"Feature","properties":{"osm_id":704967126,"osm_type":"way","highway":"primary","lanes":"3","lit":"yes","name":"Đường Láng","name:en":"Lang Road","oneway":"yes","surface":"asphalt"},"geometry":{"type":"LineString","coordinates":[[105.8016736,21.0202404],[105.8022092,21.0192473],[105.8029052,21.0179437],[105.8031037,21.0176064],[105.8033149,21.017281],[105.8035188,21.0169944],[105.8037822,21.0166409],[105.8040789,21.0162922],[105.8044077,21.015933]]}},{"type":"Feature","properties":{"osm_id":28924665,"osm_type":"way","highway":"tertiary","lanes":"2","name":"Phố Trần Thánh Tông","name:en":"Tran Thanh Tong Street","name:zh":"陈圣宗街","oneway":"yes","surface":"asphalt"},"geometry":{"type":"LineString","coordinates":[[105.8599559,21.0135821],[105.8597135,21.014743],[105.8594626,21.015895],[105.859193,21.0171201],[105.8588915,21.0183814],[105.8588143,21.0185725]]}},{"type":"Feature","properties":{"osm_id":627948234,"osm_type":"way","bicycle":"yes","highway":"tertiary","lanes":"2","motor_vehicle":"yes","name":"Đường Đa Tốn","name:en":"Da Ton Road","surface":"asphalt"},"geometry":{"type":"LineString","coordinates":[[105.9249618,20.9839535],[105.9243402,20.9837497],[105.9239159,20.9836074],[105.9230199,20.9832977],[105.9225244,20.983092],[105.9217883,20.9828422],[105.921424,20.9827428],[105.920872,20.9826169],[105.9200685,20.9824874]]}},{"type":"Feature","properties":{"osm_id":701193523,"osm_type":"way","highway":"tertiary","lit":"yes","name":"Đường An Dương Vương","name:en":"An Duong Vuong Road","surface":"asphalt"},"geometry":{"type":"LineString","coordinates":[[105.8032696,21.0895638],[105.8037903,21.0896197],[105.8044587,21.0896873],[105.8049205,21.0897035],[105.8053122,21.089691],[105.8056784,21.0897012],[105.8067298,21.089679],[105.8071736,21.0896777],[105.8076247,21.0896809],[105.8079827,21.0896807],[105.8083599,21.0896866]]}},{"type":"Feature","properties":{"osm_id":226114966,"osm_type":"way","highway":"tertiary","lanes":"2","lit":"yes","name":"Phố Nguyễn Cơ Thạch","name:en":"Nguyen Co Thach Street","oneway":"yes","surface":"asphalt"},"geometry":{"type":"LineString","coordinates":[[105.7642197,21.0292677],[105.7643357,21.0295984],[105.7646491,21.030492],[105.7649068,21.0312265],[105.7650992,21.0317752],[105.7652584,21.032229],[105.7655018,21.0329228],[105.7659058,21.0340747]]}},{"type":"Feature","properties":{"osm_id":710124783,"osm_type":"way","highway":"primary","lanes":"2","lit":"yes","maxweight":"13","name":"Đường Tây Mỗ","name:en":"Tay Mo Road","oneway":"no","ref":"ĐT.70","smoothness":"intermediate","surface":"asphalt"},"geometry":{"type":"LineString","coordinates":[[105.7528119,20.9956532],[105.7526232,20.9961003],[105.7524262,20.9966204],[105.7520621,20.9973682],[105.7518548,20.9978262],[105.7517061,20.9982209],[105.7516461,20.9986311],[105.7515687,20.9991523],[105.7514276,20.9996316],[105.7511575,20.9999358],[105.750966,21.0003411]]}},{"type":"Feature","properties":{"osm_id":688301410,"osm_type":"way","bicycle":"yes","foot":"yes","highway":"secondary","lanes":"2","maxspeed":"50","name":"Đường Kim Giang","name:en":"Kim Giang Road","source":"grab_hanoi_2018_t5","surface":"asphalt"},"geometry":{"type":"LineString","coordinates":[[105.8178889,20.9633788],[105.8182776,20.9636475],[105.8186134,20.9640852],[105.8189596,20.9644173],[105.8193479,20.9647366],[105.8203129,20.9655071],[105.8210354,20.9661431],[105.8216303,20.9666515],[105.8217059,20.966723]]}},{"type":"Feature","properties":{"osm_id":709703402,"osm_type":"way","highway":"secondary","lanes":"3","lit":"yes","name":"Phố Hàm Nghi","oneway":"yes","surface":"asphalt","vtp:name":"Hàm Nghi","vtp:street":"ST17000"},"geometry":{"type":"LineString","coordinates":[[105.7643329,21.0350892],[105.7639477,21.0352073],[105.7633427,21.0354103],[105.762913,21.0355483],[105.76213,21.0358072],[105.7616612,21.0359575],[105.7609751,21.036163],[105.7605574,21.0362975],[105.7601811,21.0364134],[105.7597168,21.0365474],[105.759483,21.0366149]]}},{"type":"Feature","properties":{"osm_id":1173092154,"osm_type":"way","highway":"primary","lanes":"3","lit":"yes","maxweight":"10","name":"Phố Đoàn Khuê","name:en":"Doan Khue Street","oneway":"yes","surface":"asphalt"},"geometry":{"type":"LineString","coordinates":[[105.908021,21.0508774],[105.9072244,21.0522633],[105.9070027,21.0526489],[105.9055189,21.0552299],[105.9054881,21.0552836]]}},{"type":"Feature","properties":{"osm_id":1284556409,"osm_type":"way","alt_name":"Ngõ 141 Phố Giáp Nhị","highway":"tertiary","name":"Đường Bờ Sông Sét","name:en":"Bo Song Set Road","surface":"asphalt"},"geometry":{"type":"LineString","coordinates":[[105.8486229,20.9764107],[105.8490155,20.9762105],[105.8494107,20.9759572],[105.8496982,20.9754122],[105.8498486,20.9749772],[105.8501197,20.9746289],[105.8504052,20.9743852],[105.8508031,20.9742447],[105.8511996,20.9740538],[105.8515859,20.9735965],[105.8518187,20.9732303],[105.8520257,20.9729075]]}},{"type":"Feature","properties":{"osm_id":1446967902,"osm_type":"way","highway":"tertiary","name":"Đường Thành Phố 4.1"},"geometry":{"type":"LineString","coordinates":[[105.8571521,21.0985787],[105.8576248,21.0989592],[105.8582799,21.0994865],[105.8592486,21.1002662],[105.8602005,21.1010325],[105.8611101,21.1017646]]}},{"type":"Feature","properties":{"osm_id":1391987645,"osm_type":"way","highway":"primary","lanes":"2","lit":"yes","maxheight":"4.5","maxspeed":"60","name":"Đại lộ Thăng Long","name:en":"Thang Long Avenue","oneway":"yes","surface":"asphalt"},"geometry":{"type":"LineString","coordinates":[[105.7458225,21.0092213],[105.7468846,21.0090642],[105.7475185,21.008977],[105.7480232,21.0089088],[105.7490364,21.0087729],[105.7498723,21.0086158],[105.7508358,21.0084124]]}},{"type":"Feature","properties":{"osm_id":502510860,"osm_type":"way","highway":"tertiary","name":"Phố Tôn Quang Phiệt","name:en":"Ton Quang Phiet Street"},"geometry":{"type":"LineString","coordinates":[[105.7818001,21.0501996],[105.7821955,21.0501809],[105.7826301,21.0501604],[105.7837521,21.0501094],[105.7842103,21.0500862],[105.784728,21.0500737],[105.7851179,21.0500948],[105.7856132,21.0501611],[105.7868482,21.0503655]]}},{"type":"Feature","properties":{"osm_id":294115209,"osm_type":"way","highway":"secondary","lanes":"2","lit":"yes","name":"Phố Lạc Trung","surface":"asphalt"},"geometry":{"type":"LineString","coordinates":[[105.8667825,21.002999],[105.8657219,21.0029875],[105.8652569,21.0029825],[105.8644503,21.0029831],[105.8637534,21.0029805],[105.8628103,21.0029906],[105.8622648,21.0030021],[105.8618627,21.0029994],[105.8617157,21.0030001]]}},{"type":"Feature","properties":{"osm_id":740921604,"osm_type":"way","highway":"tertiary","lit":"yes","name":"Đường 70 mới","oneway":"yes","surface":"asphalt"},"geometry":{"type":"LineString","coordinates":[[105.7642422,20.989449],[105.7601379,20.9918709],[105.7598829,20.9919942]]}},{"type":"Feature","properties":{"osm_id":208503133,"osm_type":"way","highway":"tertiary","lanes":"2","lit":"yes","name":"Phố Nguyễn Cao Luyện","name:en":"Nguyen Cao Luyen Street","oneway":"yes","surface":"asphalt"},"geometry":{"type":"LineString","coordinates":[[105.9060971,21.0665805],[105.9056714,21.0669387],[105.9050779,21.0674381],[105.9047962,21.0676751],[105.9041536,21.0682158],[105.9038103,21.0685047],[105.9030865,21.0691137],[105.9023689,21.0697141],[105.902242,21.0698244]]}},{"type":"Feature","properties":{"osm_id":956369448,"osm_type":"way","highway":"secondary","lanes":"2","lit":"yes","name":"Đường Lạc Long Quân","name:en":"Lac Long Quan Road","oneway":"yes","surface":"asphalt"},"geometry":{"type":"LineString","coordinates":[[105.8147861,21.0767234],[105.8149865,21.0770279],[105.8156175,21.07798],[105.8159818,21.0784862],[105.8163157,21.0789541],[105.8165382,21.0792544],[105.8168083,21.0796043],[105.817383,21.0803505],[105.8177378,21.0808008]]}},{"type":"Feature","properties":{"osm_id":708953645,"osm_type":"way","highway":"primary","lanes":"3","lit":"yes","name":"Đại lộ Thăng Long","name:en":"Thang Long Avenue","oneway":"yes","surface":"asphalt"},"geometry":{"type":"LineString","coordinates":[[105.7728222,21.0050869],[105.7723144,21.0051854],[105.7713737,21.005369],[105.7706557,21.0055121],[105.7695748,21.005725],[105.7685522,21.0059304],[105.7678866,21.0060766]]}},{"type":"Feature","properties":{"osm_id":598693364,"osm_type":"way","highway":"tertiary","name":"Phố Ngô Đình Mẫn","surface":"asphalt"},"geometry":{"type":"LineString","coordinates":[[105.758737,20.9659511],[105.7590052,20.9663783],[105.7592748,20.9668016],[105.7595658,20.9672585],[105.7597659,20.9675727],[105.7600432,20.967998],[105.7604617,20.9684727],[105.7605399,20.9688211],[105.7606401,20.9695971],[105.7606994,20.9700479],[105.760707,20.9704244]]}},{"type":"Feature","properties":{"osm_id":708633684,"osm_type":"way","highway":"secondary","lanes":"3","lit":"yes","motor_vehicle:conditional":"no @ (Jan 8 07:00-12:30; Jan 10 07:00-12:30)","name":"Đường Lê Đức Thọ","oneway":"yes","surface":"asphalt"},"geometry":{"type":"LineString","coordinates":[[105.7696892,21.0331011],[105.7694434,21.0320683],[105.7691979,21.0310011],[105.7689905,21.030093],[105.7685877,21.028908],[105.7684079,21.0283522],[105.7683719,21.0282553]]}},{"type":"Feature","properties":{"osm_id":702495226,"osm_type":"way","highway":"tertiary","lanes":"2","name":"Phố Yên Duyên","name:en":"Yen Duyen Street","surface":"asphalt"},"geometry":{"type":"LineString","coordinates":[[105.8673076,20.9737751],[105.8675121,20.9734531],[105.86773,20.9731294],[105.8679601,20.9727971],[105.8683924,20.972291],[105.8687493,20.9719079],[105.8689839,20.9716223],[105.8692175,20.9713586],[105.8694624,20.9710699],[105.8697364,20.970677],[105.8699666,20.9703833],[105.870287,20.9700869],[105.8705048,20.9699235]]}},{"type":"Feature","properties":{"osm_id":1252211568,"osm_type":"way","highway":"tertiary","lanes":"2","lit":"yes","maxspeed":"50","name":"Đường Song Hành Cao Tốc Pháp Vân - Cầu Giẽ"},"geometry":{"type":"LineString","coordinates":[[105.855419,20.9498202],[105.8552027,20.9501016],[105.8546608,20.9506289],[105.8544597,20.9509245],[105.8535424,20.952197],[105.853065,20.9528983],[105.8523863,20.9538152]]}},{"type":"Feature","properties":{"osm_id":1038984158,"osm_type":"way","highway":"trunk","int_ref":"AH14","lanes":"4","lit":"yes","maxspeed":"80","name":"Đường Trường Sa","name:en":"Truong Sa Road","oneway":"yes","ref":"QL.5","sidewalk":"right","sidewalk:right:surface":"paving_stones","surface":"asphalt"},"geometry":{"type":"LineString","coordinates":[[105.8658374,21.0886301],[105.8669658,21.0874065],[105.8688076,21.0854102],[105.8690844,21.0851101],[105.8692437,21.0849353]]}},{"type":"Feature","properties":{"osm_id":400124203,"osm_type":"way","highway":"primary","lanes":"2","lit":"yes","name":"Đường Bưởi","name:en":"Buoi Road","oneway":"yes","surface":"asphalt"},"geometry":{"type":"LineString","coordinates":[[105.8055769,21.046043],[105.8055921,21.0455576],[105.8056592,21.0451633],[105.8057206,21.044725],[105.8057768,21.0443167],[105.8057708,21.043819],[105.8057719,21.0432352],[105.8057591,21.0428426],[105.8057157,21.0424131],[105.8057194,21.0419962],[105.8057465,21.0415847],[105.8059386,21.0410711]]}},{"type":"Feature","properties":{"osm_id":615692227,"osm_type":"way","contributor":"GIS_OTS","embankment":"yes","hgv":"yes","highway":"tertiary","lit":"yes","name":"Đường Hoàng Tăng Bí","source":"bing aerial","uuid":"e59fca8e-19d0-44cb-89f7-59a1c5994ca9"},"geometry":{"type":"LineString","coordinates":[[105.7834375,21.0822477],[105.7816922,21.0830028],[105.7809162,21.0833389],[105.7803975,21.0835227],[105.7800516,21.0836469],[105.7796135,21.0837894],[105.7791898,21.0838147],[105.7787182,21.0837986]]}},{"type":"Feature","properties":{"osm_id":643248181,"osm_type":"way","highway":"primary","lanes":"3","lit":"yes","maxspeed":"50","name":"Đường Đỗ Mười","name:en":"Do Muoi Road","oneway":"yes","surface":"asphalt"},"geometry":{"type":"LineString","coordinates":[[105.8749377,20.9652185],[105.875501,20.9655466],[105.8760549,20.9658971],[105.8766147,20.9663422],[105.8770428,20.9667383],[105.8776088,20.9673092],[105.8779327,20.9676909],[105.8785644,20.9684676],[105.8786316,20.9685538]]}},{"type":"Feature","properties":{"osm_id":862570491,"osm_type":"way","highway":"tertiary","lanes":"2","lit":"yes","name":"Phố Đỗ Xuân Hợp","name:en":"Do Xuan Hop Street","oneway":"yes"},"geometry":{"type":"LineString","coordinates":[[105.7620524,21.0214675],[105.7620553,21.0210753],[105.762065,21.0197554],[105.7620654,21.0192761],[105.7620777,21.0181614],[105.7621058,21.0176595],[105.7621746,21.0171359],[105.7622653,21.0166902],[105.7624658,21.0165859]]}},{"type":"Feature","properties":{"osm_id":703985195,"osm_type":"way","highway":"secondary","lanes":"2","name":"Đường Tam Trinh","name:en":"Tam Trinh Road","oneway":"yes","surface":"asphalt"},"geometry":{"type":"LineString","coordinates":[[105.8681975,20.9660485],[105.8681362,20.9668799],[105.8677859,20.968129],[105.8674393,20.9693522],[105.8671522,20.9704488],[105.8668789,20.9708421]]}},{"type":"Feature","properties":{"osm_id":628288965,"osm_type":"way","highway":"tertiary","name":"Đường Lý Cao Tông","name:en":"Ly Cao Tong Road","surface":"asphalt"},"geometry":{"type":"LineString","coordinates":[[105.9472499,21.1006096],[105.9472526,21.0998346],[105.947261,21.099293],[105.947291,21.0980713],[105.9472887,21.0976476],[105.9467559,21.0969595],[105.9462968,21.0963874],[105.9460205,21.0960431]]}},{"type":"Feature","properties":{"osm_id":702515433,"osm_type":"way","highway":"tertiary","lit":"yes","name":"Đường 40M Nam Thăng Long","oneway":"yes","surface":"asphalt"},"geometry":{"type":"LineString","coordinates":[[105.8008984,21.0854162],[105.8001802,21.0854811],[105.798143,21.0856653],[105.7973447,21.0857322],[105.7965076,21.0858131],[105.796068,21.0858529],[105.7959442,21.0857601]]}},{"type":"Feature","properties":{"osm_id":36726880,"osm_type":"way","highway":"tertiary","lanes":"2","name":"Đường Ngọc Thụy","name:en":"Ngoc Thuy Road","oneway":"no","source":"AsiaGPS","surface":"asphalt"},"geometry":{"type":"LineString","coordinates":[[105.8628289,21.0615691],[105.8637522,21.0620815],[105.8642472,21.0623309],[105.8647826,21.0626159],[105.8651251,21.0627892],[105.8654938,21.062989],[105.8658801,21.0631876],[105.8663072,21.0634109],[105.8667468,21.0636817],[105.86721,21.063979]]}},{"type":"Feature","properties":{"osm_id":1319178192,"osm_type":"way","highway":"trunk","lanes":"2","lit":"yes","name":"Đường Thiên Đức","name:en":"Thien Duc Road","ref":"QL.3","surface":"asphalt"},"geometry":{"type":"LineString","coordinates":[[105.9089812,21.0795664],[105.9085439,21.0795374],[105.9079008,21.0795198],[105.9074686,21.0795057],[105.9068373,21.0799203],[105.9064976,21.0801491],[105.9049834,21.0812672],[105.9046321,21.0815322]]}},{"type":"Feature","properties":{"osm_id":1238274479,"osm_type":"way","bicycle":"yes","foot":"yes","highway":"tertiary","lanes":"2","maxspeed":"50","name":"Phố Bằng Liệt","name:en":"Bang Liet Street","oneway":"no","surface":"asphalt"},"geometry":{"type":"LineString","coordinates":[[105.825194,20.970312],[105.8250709,20.9699767],[105.8247584,20.9691831],[105.824446,20.9684581],[105.824255,20.9679865],[105.8239955,20.9676192],[105.8237525,20.9673613],[105.822969,20.9666028],[105.8225308,20.9662058]]}},{"type":"Feature","properties":{"osm_id":702492623,"osm_type":"way","highway":"primary","lanes":"3","lit":"yes","name":"Đường Nghi Tàm","name:en":"Nghi Tam Road","note":"This road is now levelled, thus removing \"embankment\" tag","oneway":"yes","surface":"asphalt"},"geometry":{"type":"LineString","coordinates":[[105.838671,21.0522312],[105.8382181,21.0526509],[105.8380003,21.0529548],[105.8378138,21.0532656],[105.8374471,21.0539153],[105.8370575,21.0546162],[105.8366404,21.0553634],[105.8362247,21.0561143],[105.8360438,21.0564435]]}},{"type":"Feature","properties":{"osm_id":136266020,"osm_type":"way","highway":"tertiary","lanes":"2","name":"Phố Đoàn Văn Minh","name:en":"Doan Van Minh Street","surface":"asphalt"},"geometry":{"type":"LineString","coordinates":[[105.9087068,21.0584416],[105.909148,21.0582273],[105.910375,21.0577204],[105.910777,21.0575541],[105.911337,21.057323],[105.9122016,21.0569658],[105.9124884,21.056421],[105.9127582,21.0559101]]}},{"type":"Feature","properties":{"osm_id":885892449,"osm_type":"way","highway":"trunk","lanes":"4","lit":"yes","maxspeed":"60","name":"Đường Quang Trung","name:en":"Quang Trung Road","oneway":"yes","ref":"QL.6","surface":"asphalt","wikidata":"Q2006553","wikipedia":"vi:Quốc lộ 6"},"geometry":{"type":"LineString","coordinates":[[105.7576189,20.9564811],[105.7582202,20.9569479],[105.7585384,20.9571943],[105.7588217,20.9574135],[105.7594387,20.9578912],[105.7601123,20.9584126],[105.7606275,20.9588114],[105.7615605,20.9595336]]}},{"type":"Feature","properties":{"osm_id":740921605,"osm_type":"way","highway":"tertiary","lit":"yes","name":"Đường 70 mới","oneway":"yes","surface":"asphalt"},"geometry":{"type":"LineString","coordinates":[[105.7598468,20.9918818],[105.7617478,20.9907973],[105.7631234,20.9899816],[105.7635782,20.989712],[105.7640104,20.9894425],[105.7641421,20.9893651]]}},{"type":"Feature","properties":{"osm_id":184959292,"osm_type":"way","highway":"tertiary","lanes":"2","lit":"yes","motor_vehicle:conditional":"no @ (Aug 29 21:30-23:59; Aug 30 00:00-13:30; Sep 1 17:00-23:59; Sep 2 00:00-16:00)","name":"Đường Nguyễn Tri Phương","name:en":"Nguyen Tri Phuong Street","name:id":"Jalan Nguyen Tri Phuong","name:zh":"阮知方街","oneway":"yes","surface":"asphalt"},"geometry":{"type":"LineString","coordinates":[[105.8419369,21.0406599],[105.841852,21.0401853],[105.8417882,21.039828],[105.8417157,21.0394226],[105.8416529,21.0390712],[105.8413352,21.0372941],[105.8411368,21.0362179],[105.8410612,21.0357608]]}},{"type":"Feature","properties":{"osm_id":703985196,"osm_type":"way","highway":"secondary","lanes":"2","name":"Đường Tam Trinh","name:en":"Tam Trinh Road","oneway":"yes","surface":"asphalt"},"geometry":{"type":"LineString","coordinates":[[105.8668789,20.9708421],[105.8669648,20.9704049],[105.8672517,20.9693092],[105.867509,20.9684042],[105.8676313,20.9679739],[105.8677893,20.9674182],[105.8679552,20.9668351],[105.8680846,20.9663334],[105.8681975,20.9660485]]}},{"type":"Feature","properties":{"osm_id":914099363,"osm_type":"way","access":"yes","bicycle":"no","bridge":"viaduct","foot":"no","highway":"motorway","horse":"no","lanes":"2","layer":"2","lit":"yes","maxspeed":"80","moped":"no","motor_vehicle":"yes","motorcar":"yes","motorcycle":"no","name":"Đường cao tốc Vành đai 3 TP. Hà Nội","name:en":"Ring Road 3 Expressway (Hanoi)","oneway":"yes","ref":"CT.37","surface":"asphalt"},"geometry":{"type":"LineString","coordinates":[[105.7994564,20.9964063],[105.7991198,20.9968242],[105.7968846,20.9996412],[105.7963674,21.0003023]]}},{"type":"Feature","properties":{"osm_id":702515435,"osm_type":"way","highway":"tertiary","lit":"yes","name":"Đường 40M Nam Thăng Long","oneway":"yes","surface":"asphalt"},"geometry":{"type":"LineString","coordinates":[[105.7959442,21.0857601],[105.7973264,21.0855668],[105.8008819,21.0852529]]}},{"type":"Feature","properties":{"osm_id":675318704,"osm_type":"way","highway":"tertiary","lanes":"2","lit":"yes","name":"Đường Quang Tiến","name:en":"Quang Tien Road","smoothness":"good","surface":"asphalt"},"geometry":{"type":"LineString","coordinates":[[105.7571929,21.0002847],[105.7569286,20.9998322],[105.7567449,20.9994174],[105.7566249,20.9990586],[105.7565416,20.9986737],[105.7564233,20.998127],[105.7563444,20.9977633],[105.7562689,20.9974022],[105.7560765,20.9964125],[105.7559839,20.9959253],[105.7559084,20.9955275]]}},{"type":"Feature","properties":{"osm_id":703986436,"osm_type":"way","highway":"primary","lanes":"3","lit":"yes","name":"Đường Phạm Hùng","name:en":"Pham Hung Road","oneway":"yes","surface":"asphalt","turn:lanes":"left|left;through|through|through|through"},"geometry":{"type":"LineString","coordinates":[[105.7832508,21.016102],[105.7835808,21.0156804],[105.7842739,21.014822],[105.7848898,21.0140737],[105.7861157,21.0125756],[105.7863711,21.0122488]]}},{"type":"Feature","properties":{"osm_id":36727614,"osm_type":"way","highway":"tertiary","lanes":"2","name":"Phố Việt Hưng","name:en":"Viet Hung Street","source":"AsiaGPS","surface":"asphalt"},"geometry":{"type":"LineString","coordinates":[[105.905072,21.0550737],[105.9045184,21.0548085],[105.9040778,21.0546022],[105.9037219,21.0544589],[105.9029977,21.0541618],[105.9022566,21.0538689],[105.9019272,21.0537382],[105.9013936,21.0535074],[105.9007723,21.0531351],[105.9006027,21.0529986]]}},{"type":"Feature","properties":{"osm_id":330357143,"osm_type":"way","bicycle":"yes","bicycle:lanes":"no|yes","highway":"primary","lanes":"2","lit":"yes","maxheight":"4.75","name":"Đường Võ Chí Công","name:en":"Vo Chi Cong Road","oneway":"yes","sidewalk":"right","surface":"asphalt"},"geometry":{"type":"LineString","coordinates":[[105.8084139,21.0695974],[105.8082348,21.0692416],[105.8076689,21.0681692],[105.8065706,21.0662665],[105.806145,21.0655301],[105.8060075,21.0652872]]}},{"type":"Feature","properties":{"osm_id":12176597,"osm_type":"way","hgv":"no","highway":"tertiary","name":"Phố Hưng Phúc","name:en":"Hung Phuc Street","surface":"asphalt"},"geometry":{"type":"LineString","coordinates":[[105.8690839,20.9595427],[105.8685633,20.9597857],[105.8683006,20.9602101],[105.8681493,20.9607477],[105.8680123,20.9612635],[105.8677989,20.9616928],[105.8676257,20.962071],[105.8675113,20.9624252],[105.8673584,20.9627485],[105.8669749,20.9629788],[105.866818,20.9634904],[105.8667925,20.9636495]]}},{"type":"Feature","properties":{"osm_id":600081898,"osm_type":"way","highway":"secondary","lanes":"4","maxspeed":"50","name":"Đường KĐT Đồng Tàu","name:en":"Dong Tau Urban Area Road","note":"Trên giấy tờ thì đường này chưa có tên","smoothness":"excellent","surface":"asphalt"},"geometry":{"type":"LineString","coordinates":[[105.8600949,20.9764197],[105.8605013,20.9764227],[105.8610123,20.976426],[105.8614408,20.9764303],[105.8618156,20.9764284],[105.8645289,20.9764148],[105.8648893,20.976413],[105.865029,20.9764123]]}},{"type":"Feature","properties":{"osm_id":709767944,"osm_type":"way","highway":"primary","lanes":"3","lit":"yes","maxspeed":"60","name":"Đường Khuất Duy Tiến","name:en":"Khuat Duy Tien Road","oneway":"yes","surface":"asphalt"},"geometry":{"type":"LineString","coordinates":[[105.8029274,20.9921822],[105.8024724,20.9927211],[105.8019847,20.9933336],[105.8014995,20.9940373],[105.8006622,20.9951087],[105.8001045,20.9957415],[105.799862,20.9960431]]}},{"type":"Feature","properties":{"osm_id":399856731,"osm_type":"way","highway":"tertiary","name":"Phố Phan Văn Đáng","name:en":"Phan Van Dang Street","surface":"asphalt"},"geometry":{"type":"LineString","coordinates":[[105.9041063,21.066779],[105.9038395,21.066497],[105.9035714,21.0662106],[105.9032774,21.065903],[105.9025065,21.0650884],[105.9016961,21.0642319],[105.9008482,21.0633359],[105.9007166,21.0631969]]}},{"type":"Feature","properties":{"osm_id":601934279,"osm_type":"way","highway":"tertiary","lanes":"2","lit":"yes","name":"Phố Nguyễn Cơ Thạch","name:en":"Nguyen Co Thach Street","oneway":"yes","surface":"asphalt"},"geometry":{"type":"LineString","coordinates":[[105.7661607,21.0347907],[105.766454,21.0356192],[105.7667409,21.03647],[105.7670033,21.0372173],[105.767167,21.0376593],[105.7677289,21.0392799],[105.7677803,21.0394267]]}},{"type":"Feature","properties":{"osm_id":1201147791,"osm_type":"way","foot":"no","highway":"trunk","int_ref":"AH14","lanes":"3","lit":"yes","name":"Đường Nguyễn Văn Linh","name:en":"Nguyen Van Linh Road","oneway":"yes","ref":"QL.5","sidewalk":"no","source":"Yahoo","surface":"asphalt"},"geometry":{"type":"LineString","coordinates":[[105.9088631,21.032252],[105.9100516,21.0316909],[105.9132978,21.0301628]]}},{"type":"Feature","properties":{"osm_id":1458131998,"osm_type":"way","highway":"tertiary","name":"Đường Thành Phố 4"},"geometry":{"type":"LineString","coordinates":[[105.8613044,21.0983009],[105.8615673,21.0978287],[105.8619913,21.0973672],[105.8626342,21.096678],[105.8630083,21.0962681],[105.8645143,21.0946178]]}},{"type":"Feature","properties":{"osm_id":1408280915,"osm_type":"way","bicycle":"no","foot":"no","highway":"trunk","horse":"no","lanes":"3","maxspeed":"60","maxspeed:motorcar":"60","mofa":"no","moped":"no","motorcycle":"no","name":"Đường Võ Chí Công","name:en":"Vo Chi Cong Road","name:vi":"Đường Võ Chí Công","oneway":"yes","surface":"asphalt","wikidata":"Q10841033","wikipedia":"vi:Đường vành đai 2 (Hà Nội)"},"geometry":{"type":"LineString","coordinates":[[105.8123617,21.0780509],[105.8117564,21.0770471],[105.8113717,21.0763811],[105.8110307,21.0756548],[105.8108495,21.0751986],[105.8105301,21.074394],[105.810303,21.0738144],[105.8102029,21.0736747]]}},{"type":"Feature","properties":{"osm_id":28300755,"osm_type":"way","highway":"tertiary","lanes":"2","lit":"yes","name":"Phố Đỗ Xuân Hợp","name:en":"Do Xuan Hop Street","oneway":"yes","surface":"asphalt"},"geometry":{"type":"LineString","coordinates":[[105.7624658,21.0165859],[105.762362,21.0171896],[105.7622741,21.0181364],[105.7622607,21.0192744],[105.7622641,21.0196614],[105.7622508,21.0204972],[105.7622415,21.0210753],[105.7622352,21.021467]]}},{"type":"Feature","properties":{"osm_id":854837626,"osm_type":"way","highway":"tertiary","lanes":"2","lit":"yes","name":"Đường Hải Đăng","oneway":"yes","surface":"asphalt"},"geometry":{"type":"LineString","coordinates":[[105.9355203,20.9982328],[105.9358802,20.9977657],[105.9363903,20.9972524],[105.9367917,20.996895],[105.9378488,20.9959955],[105.9381815,20.9957441],[105.9390455,20.9952406],[105.9392423,20.9951274]]}},{"type":"Feature","properties":{"osm_id":701418685,"osm_type":"way","highway":"tertiary","lanes":"2","lit":"yes","name":"Đường Âu Cơ","name:en":"Au Co Road","name:ja":"アウコー通り","oneway":"yes","oneway:bicycle":"no","oneway:foot":"no","oneway:motorcycle":"no","surface":"asphalt"},"geometry":{"type":"LineString","coordinates":[[105.8220846,21.0756639],[105.8223977,21.0754219],[105.8226956,21.0751824],[105.8230441,21.0748912],[105.8234104,21.0746195],[105.8237762,21.0743186],[105.8240599,21.0740901],[105.8244243,21.0738094],[105.8248171,21.0734982],[105.8252731,21.0730666],[105.8255708,21.0725798],[105.8256459,21.0723984]]}},{"type":"Feature","properties":{"osm_id":1211301478,"osm_type":"way","embankment":"two_sided","highway":"primary","lanes":"2","name":"Đường Long Biên – Xuân Quan","name:en":"Long Bien – Xuan Quan Road","name:vi":"Đường Long Biên – Xuân Quan","surface":"asphalt"},"geometry":{"type":"LineString","coordinates":[[105.919306,20.9862351],[105.9192593,20.9867568],[105.9192029,20.9871081],[105.9190399,20.9879635],[105.918814,20.9884605],[105.9185604,20.9889401],[105.9181719,20.9897257],[105.9180728,20.9901192],[105.918047,20.9908753]]}},{"type":"Feature","properties":{"osm_id":28436565,"osm_type":"way","highway":"tertiary","lanes":"2","name":"Phố Tứ Liên","name:en":"Tu Lien Street","surface":"asphalt","turn:lanes:backward":"through","turn:lanes:forward":"left;right"},"geometry":{"type":"LineString","coordinates":[[105.8322377,21.0628438],[105.8327817,21.0631921],[105.8333885,21.0636568],[105.8337308,21.0639451],[105.8340355,21.0642234],[105.834652,21.0647014],[105.8350034,21.0649612],[105.8354823,21.0653062],[105.8357897,21.0655301],[105.836126,21.0657657]]}},{"type":"Feature","properties":{"osm_id":709258847,"osm_type":"way","highway":"primary","lanes":"2","lit":"yes","maxspeed":"60","name":"Đường Nghiêm Xuân Yêm","oneway":"yes","source":"grab_hanoi_2018_t5","surface":"asphalt"},"geometry":{"type":"LineString","coordinates":[[105.8131624,20.9777385],[105.813911,20.9767257],[105.8145688,20.9758433],[105.8150268,20.9752411],[105.8154006,20.9748038],[105.8156454,20.9745453],[105.8160645,20.9741529],[105.8162494,20.9739918]]}},{"type":"Feature","properties":{"osm_id":605128435,"osm_type":"way","highway":"primary","lanes":"3","lit":"yes","name":"Đường Láng","name:en":"Lang Road","oneway":"yes","sidewalk:left":"no","sidewalk:right":"separate","smoothness":"good","surface":"asphalt"},"geometry":{"type":"LineString","coordinates":[[105.8001907,21.0225723],[105.7998563,21.0228707],[105.7995771,21.0231238],[105.7990048,21.0236119],[105.7985091,21.0240585],[105.7982676,21.0244053],[105.7981891,21.0247847],[105.7982314,21.0251737],[105.7984135,21.0257321],[105.7986131,21.0261432],[105.7987959,21.0264564]]}},{"type":"Feature","properties":{"osm_id":601871068,"osm_type":"way","bicycle":"yes","highway":"tertiary","lanes":"2","motor_vehicle":"yes","name":"Đường Đa Tốn","name:en":"Da Ton Road","surface":"paved"},"geometry":{"type":"LineString","coordinates":[[105.9354479,20.9859053],[105.934189,20.9859511],[105.9335126,20.9859748],[105.9319433,20.9860041],[105.9315139,20.9860121],[105.9306006,20.9860332]]}},{"type":"Feature","properties":{"osm_id":399853200,"osm_type":"way","highway":"tertiary","name":"Đường Yên Xá","surface":"asphalt"},"geometry":{"type":"LineString","coordinates":[[105.7948959,20.9732342],[105.7953604,20.9731453],[105.7958093,20.9730259],[105.7962709,20.9728481],[105.7969363,20.9722466],[105.7971579,20.9719497],[105.7973765,20.9716641],[105.7978214,20.9710606],[105.7981134,20.9706846],[105.7983578,20.9704003],[105.7984786,20.9702598]]}},{"type":"Feature","properties":{"osm_id":333415912,"osm_type":"way","highway":"trunk","lanes":"3","lit":"yes","name":"Đường Cầu Diễn","name:en":"Cau Dien Road","old_name":"Liên tỉnh lộ 11A","oneway":"yes","ref":"QL.32","surface":"asphalt"},"geometry":{"type":"LineString","coordinates":[[105.7530102,21.0448791],[105.7526474,21.0450236],[105.752308,21.045161],[105.7518083,21.0453632],[105.7514131,21.0455139],[105.7507135,21.0458062],[105.7493792,21.0463234],[105.7490048,21.0464685],[105.7485101,21.0466638]]}},{"type":"Feature","properties":{"osm_id":218427624,"osm_type":"way","highway":"secondary","lanes":"2","lit":"yes","name":"Phố Giáp Nhất","name:en":"Giap Nhat Street","surface":"asphalt"},"geometry":{"type":"LineString","coordinates":[[105.8133317,21.0085866],[105.8142669,21.0079468],[105.8153402,21.0066666],[105.8157181,21.0062095],[105.8163028,21.0052626],[105.8164429,21.0049643]]}},{"type":"Feature","properties":{"osm_id":241572102,"osm_type":"way","highway":"primary","lanes":"4","lit":"yes","maxspeed":"60","name":"Đường Nghiêm Xuân Yêm","oneway":"yes","source":"grab_hanoi_2018_t5","surface":"asphalt"},"geometry":{"type":"LineString","coordinates":[[105.8211126,20.9720859],[105.8199069,20.9724543],[105.8192077,20.9726984],[105.8187863,20.9728709],[105.8183226,20.9730898],[105.8179332,20.9732958],[105.8176168,20.9734813],[105.8171927,20.9737665],[105.8167557,20.9740934]]}},{"type":"Feature","properties":{"osm_id":615769343,"osm_type":"way","highway":"primary","lanes":"3","lit":"yes","name":"Đường Đỗ Mười","name:en":"Do Muoi Road","oneway":"yes","surface":"asphalt"},"geometry":{"type":"LineString","coordinates":[[105.8780184,20.968495],[105.8777427,20.9681326],[105.8773011,20.9676637],[105.8770461,20.9674059],[105.8767314,20.9670488],[105.8763652,20.9667242],[105.8759647,20.9663875],[105.8753489,20.9659559],[105.8747477,20.9656007],[105.8743608,20.9654079]]}},{"type":"Feature","properties":{"osm_id":587237084,"osm_type":"way","highway":"secondary","lanes":"2","name":"Ngõ 201 Đường Phúc Lợi","surface":"asphalt"},"geometry":{"type":"LineString","coordinates":[[105.9262051,21.0417856],[105.9271079,21.0422177],[105.9274929,21.0425592],[105.9277312,21.0428787],[105.9279853,21.0431851],[105.9282695,21.0434872],[105.9286497,21.0437987],[105.9290416,21.0441378],[105.9294136,21.0445049],[105.929847,21.0448805]]}},{"type":"Feature","properties":{"osm_id":1358525356,"osm_type":"way","highway":"secondary","lanes":"2","lit":"yes","name":"Phố Đào Đình Luyện","name:en":"Dao Dinh Luyen Street","oneway":"yes","surface":"asphalt"},"geometry":{"type":"LineString","coordinates":[[105.8993289,21.0485351],[105.8974754,21.0474723],[105.8969785,21.0471866],[105.8958541,21.0465404],[105.8952174,21.0461745],[105.8951463,21.0461337]]}},{"type":"Feature","properties":{"osm_id":708951604,"osm_type":"way","highway":"primary","lanes":"3","lit":"yes","maxspeed":"50","name":"Đường Đỗ Mười","name:en":"Do Muoi Road","oneway":"yes","surface":"asphalt"},"geometry":{"type":"LineString","coordinates":[[105.8786316,20.9685538],[105.8791119,20.9692395],[105.8798844,20.970297],[105.8807561,20.9715684],[105.8813933,20.972363],[105.8814684,20.9724496]]}},{"type":"Feature","properties":{"osm_id":333415907,"osm_type":"way","highway":"trunk","lanes":"3","lit":"yes","name":"Đường Cầu Diễn","name:en":"Cau Dien Road","old_name":"Liên tỉnh lộ 11A","oneway":"yes","ref":"QL.32","surface":"asphalt"},"geometry":{"type":"LineString","coordinates":[[105.7484498,21.0464731],[105.7492257,21.0461612],[105.7513065,21.0453509],[105.7516702,21.0452143],[105.7520435,21.0450636],[105.7529336,21.0447042]]}},{"type":"Feature","properties":{"osm_id":847073919,"osm_type":"way","highway":"tertiary","lit":"yes","name":"Đường Phạm Văn Đồng","name:en":"Pham Van Dong Road","oneway":"yes","surface":"asphalt"},"geometry":{"type":"LineString","coordinates":[[105.789124,21.0811432],[105.7889441,21.0807486],[105.7884881,21.0797175],[105.7881217,21.0789575],[105.7879252,21.0786349],[105.7873871,21.0777965],[105.7872082,21.0773948],[105.787194,21.0767943]]}},{"type":"Feature","properties":{"osm_id":303989999,"osm_type":"way","highway":"secondary","lanes":"2","name":"Đường Tam Trinh","name:en":"Tam Trinh Road","surface":"asphalt"},"geometry":{"type":"LineString","coordinates":[[105.8620474,20.9958483],[105.862093,20.9954569],[105.8621821,20.994691],[105.8623673,20.9930009],[105.8624983,20.9918363],[105.8625986,20.9910659]]}},{"type":"Feature","properties":{"osm_id":838062935,"osm_type":"way","embankment":"yes","highway":"primary","lanes":"2","lit":"yes","motor_vehicle:conditional":"no @ (Aug 29 21:30-23:59; Aug 30 00:00-13:30; Sep 1 17:00-23:59; Sep 2 00:00-16:00)","name":"Đường Trần Khánh Dư","oneway":"yes","surface":"asphalt"},"geometry":{"type":"LineString","coordinates":[[105.86192,21.0198171],[105.8618762,21.0203177],[105.8618314,21.0206772],[105.8617074,21.0212542],[105.8607254,21.0240373],[105.8605779,21.0244154]]}},{"type":"Feature","properties":{"osm_id":1111089570,"osm_type":"way","foot":"yes","highway":"tertiary","maxspeed":"50","motor_vehicle":"yes","name":"Đường Cổ Bi","name:en":"Co Bi Road","name:vi":"Đường Cổ Bi","oneway":"no","sidewalk":"both","source":"survey","surface":"asphalt"},"geometry":{"type":"LineString","coordinates":[[105.9416932,21.0311373],[105.9420373,21.0312567],[105.9423533,21.0314612],[105.9426913,21.0318849],[105.9429423,21.0321947],[105.9431785,21.0325062],[105.9434095,21.0328152],[105.9436263,21.0331317],[105.9441488,21.0339646],[105.9445332,21.0341021],[105.944915,21.0341046],[105.94511,21.034121]]}},{"type":"Feature","properties":{"osm_id":854837625,"osm_type":"way","highway":"tertiary","lanes":"2","lit":"yes","name":"Đường Hải Đăng","oneway":"yes","smoothness":"excellent","surface":"asphalt"},"geometry":{"type":"LineString","coordinates":[[105.9392782,20.9952031],[105.9383213,20.9957521],[105.9380309,20.9959515],[105.9376991,20.9962339],[105.9370047,20.9968335],[105.9366952,20.9971008],[105.9362379,20.997507],[105.9359276,20.9978485],[105.9356307,20.9982729]]}},{"type":"Feature","properties":{"osm_id":408834544,"osm_type":"way","highway":"tertiary","name":"Phố Dương Khuê","surface":"asphalt"},"geometry":{"type":"LineString","coordinates":[[105.7722893,21.03296],[105.7724404,21.0334479],[105.7725631,21.0338153],[105.7727046,21.0342357],[105.7728488,21.0346375],[105.7729632,21.0350273],[105.7732589,21.0360354],[105.7733851,21.0364576],[105.773675,21.0373605],[105.7737341,21.0375455]]}},{"type":"Feature","properties":{"osm_id":1411073277,"osm_type":"way","bicycle":"no","foot":"no","highway":"trunk","horse":"no","lanes":"3","mofa":"no","moped":"no","motorcycle":"no","name":"Đường Võ Chí Công","name:en":"Vo Chi Cong Road","oneway":"yes","surface":"asphalt"},"geometry":{"type":"LineString","coordinates":[[105.8086151,21.0697825],[105.8081657,21.0688833],[105.8076765,21.0679822],[105.8070146,21.0668294],[105.8065866,21.0660679],[105.8062977,21.0655843]]}},{"type":"Feature","properties":{"osm_id":874581228,"osm_type":"way","highway":"motorway","lanes":"3","lit":"yes","maxspeed":"80","motorcycle":"yes","name":"Quốc lộ 1","name:en":"National Route 1","note:vi":"Quốc lộ 1 là tên chính thức của con đường này, theo Quyết định số 1454/QĐ-TTg ngày 1 tháng 9 năm 2021 của Thủ tướng Chính phủ Việt Nam. Đề nghị không sửa tên thành \"Quốc lộ 1A\".","oneway":"yes","ref":"CT.01;CT.37;QL.1","surface":"asphalt","wikidata":"Q1372266","wikipedia":"vi:Quốc lộ 1"},"geometry":{"type":"LineString","coordinates":[[105.9209596,21.0164579],[105.920463,21.0158826],[105.9199569,21.0152489],[105.9194543,21.0145826],[105.9191301,21.0141307],[105.9189002,21.0138178],[105.9180541,21.0126511]]}},{"type":"Feature","properties":{"osm_id":125837433,"osm_type":"way","highway":"motorway","lanes":"2","lit":"yes","maxspeed":"80","motorcycle":"yes","name":"Quốc lộ 1","name:en":"National Route 1","note:vi":"Quốc lộ 1 là tên chính thức của con đường này, theo Quyết định số 1454/QĐ-TTg ngày 1 tháng 9 năm 2021 của Thủ tướng Chính phủ Việt Nam. Đề nghị không sửa tên thành \"Quốc lộ 1A\".","oneway":"yes","ref":"CT.01;CT.37;QL.1","source":"Bing","surface":"asphalt","wikidata":"Q1372266","wikipedia":"vi:Quốc lộ 1"},"geometry":{"type":"LineString","coordinates":[[105.9181311,21.0125707],[105.918693,21.013358],[105.9189922,21.0137593],[105.9193076,21.0142066],[105.9199077,21.0150097],[105.9204333,21.0156833],[105.9207222,21.0160235],[105.9210301,21.0163761]]}},{"type":"Feature","properties":{"osm_id":37926704,"osm_type":"way","highway":"tertiary","lanes":"2","name":"Đường Ngô Quyền","surface":"asphalt"},"geometry":{"type":"LineString","coordinates":[[105.7607165,20.9707368],[105.7603302,20.9707281],[105.7598925,20.9706772],[105.7593498,20.970629],[105.7589113,20.9706654],[105.7583657,20.9708238],[105.7576092,20.9712498],[105.7570217,20.9714474],[105.7566437,20.9715267],[105.7563271,20.9716842],[105.7562139,20.9718179]]}},{"type":"Feature","properties":{"osm_id":1456913304,"osm_type":"way","access":"yes","bicycle":"no","bridge":"viaduct","foot":"no","highway":"motorway","lanes":"2","layer":"2","lit":"yes","maxspeed":"80","motorcar":"yes","motorcycle":"no","name":"Đường cao tốc Vành đai 3 TP. Hà Nội","name:en":"Ring Road 3 Expressway (Hanoi)","oneway":"yes","ref":"CT.37","surface":"asphalt"},"geometry":{"type":"LineString","coordinates":[[105.8504424,20.9658119],[105.8494175,20.9658485],[105.8456872,20.9658185]]}},{"type":"Feature","properties":{"osm_id":605457999,"osm_type":"way","highway":"tertiary","lanes":"2","lit":"yes","name":"Phố Nguyễn Cơ Thạch","name:en":"Nguyen Co Thach Street","oneway":"yes","surface":"asphalt"},"geometry":{"type":"LineString","coordinates":[[105.767593,21.0394838],[105.7673023,21.0386489],[105.7670954,21.0380875],[105.7666235,21.0366893],[105.766141,21.0353347],[105.766022,21.0350008]]}},{"type":"Feature","properties":{"osm_id":1242935500,"osm_type":"way","highway":"secondary","lanes":"3","lit":"yes","name":"Phố Hội Xá","name:en":"Hoi Xa Street","oneway":"yes","surface":"asphalt"},"geometry":{"type":"LineString","coordinates":[[105.9177047,21.0503536],[105.9178882,21.0500312],[105.9180863,21.0496829],[105.9188062,21.0484174],[105.9198209,21.0466336],[105.9199971,21.046324],[105.9200519,21.0462276]]}},{"type":"Feature","properties":{"osm_id":1493328055,"osm_type":"way","bicycle":"yes","foot":"yes","highway":"secondary","lanes":"2","maxspeed":"50","name":"Đường Kim Giang","name:en":"Kim Giang Road","source":"grab_hanoi_2018_t5","surface":"asphalt"},"geometry":{"type":"LineString","coordinates":[[105.8217059,20.966723],[105.821976,20.967164],[105.8222883,20.9675108],[105.8225278,20.967789],[105.8228772,20.9681257],[105.8232736,20.9683238],[105.8237983,20.9693264],[105.8240862,20.9699074],[105.8242777,20.9703061],[105.8243597,20.9705328]]}},{"type":"Feature","properties":{"osm_id":1094428083,"osm_type":"way","bicycle":"no","foot":"no","highway":"primary","horse":"no","lanes":"2","lit":"yes","motorcycle":"no","name":"Đường Phạm Văn Đồng","name:en":"Pham Van Dong Road","name:vi":"Đường Phạm Văn Đồng","oneway":"yes","surface":"asphalt"},"geometry":{"type":"LineString","coordinates":[[105.7817062,21.0505083],[105.7818023,21.0517222],[105.7819538,21.0535321],[105.7820211,21.0540462],[105.7820796,21.0544068],[105.7822674,21.0552068]]}},{"type":"Feature","properties":{"osm_id":399865855,"osm_type":"way","highway":"tertiary","name":"Phố Lê Lai"},"geometry":{"type":"LineString","coordinates":[[105.7768191,20.9646965],[105.7771507,20.9649362],[105.7775582,20.9652483],[105.7785185,20.9659704],[105.7789641,20.9663241],[105.7792512,20.9665514],[105.779833,20.9669848],[105.7805919,20.967563]]}},{"type":"Feature","properties":{"osm_id":136269773,"osm_type":"way","highway":"tertiary","lanes":"2","lit":"yes","name":"Phố Nguyễn Cơ Thạch","name:en":"Nguyen Co Thach Street","oneway":"yes","surface":"asphalt"},"geometry":{"type":"LineString","coordinates":[[105.7657055,21.0341558],[105.7655158,21.0336241],[105.7650447,21.0322973],[105.7644431,21.0305957],[105.7641968,21.0298754],[105.764136,21.0296986]]}},{"type":"Feature","properties":{"osm_id":447018380,"osm_type":"way","highway":"trunk","int_ref":"AH14","lanes":"4","lit":"yes","maxspeed":"80","name":"Đường Trường Sa","name:en":"Truong Sa Road","oneway":"yes","ref":"QL.5","sidewalk":"right","sidewalk:right:surface":"paving_stones","surface":"asphalt"},"geometry":{"type":"LineString","coordinates":[[105.869487,21.0846744],[105.8698956,21.0842379],[105.8702083,21.083908],[105.8707026,21.0832586],[105.8710849,21.0826528],[105.8714289,21.082029],[105.8720879,21.0807636]]}},{"type":"Feature","properties":{"osm_id":710270797,"osm_type":"way","highway":"trunk","lanes":"4","lit":"yes","maxspeed":"60","name":"Đường Trần Phú","name:en":"Tran Phu Road","oneway":"yes","ref":"QL.6","surface":"asphalt","wikidata":"Q2006553","wikipedia":"vi:Quốc lộ 6"},"geometry":{"type":"LineString","coordinates":[[105.790108,20.9818069],[105.7919557,20.9832549],[105.7924788,20.9836648],[105.793105,20.9841197],[105.793869,20.9846631]]}},{"type":"Feature","properties":{"osm_id":701371237,"osm_type":"way","bicycle:lanes":"no|yes","highway":"primary","lanes":"2","lit":"yes","motor_vehicle:lanes":"yes|no","motorcycle:lanes":"no|yes","name":"Đường Yên Phụ","name:en":"Yen Phu Road","oneway":"yes","sidewalk":"right","surface":"asphalt"},"geometry":{"type":"LineString","coordinates":[[105.8474608,21.0437773],[105.8471617,21.0441278],[105.8468243,21.0444433],[105.8464875,21.0446903],[105.8460336,21.0450152],[105.8456713,21.0452753],[105.8452288,21.0455944],[105.8449076,21.0458316],[105.8446193,21.0460878],[105.8439891,21.0466708],[105.8438635,21.0467884]]}},{"type":"Feature","properties":{"osm_id":157698893,"osm_type":"way","bridge":"yes","foot":"no","highway":"tertiary","lanes":"2","layer":"1","lit":"yes","name":"Cầu vượt Mễ Trì","name:en":"Me Tri Overpass","oneway":"yes","sidewalk":"no","smoothness":"excellent","surface":"asphalt"},"geometry":{"type":"LineString","coordinates":[[105.7814767,21.000109],[105.7818197,21.0007241],[105.7819673,21.0011241],[105.7820529,21.0014679],[105.782347,21.002714],[105.7827831,21.0046035]]}},{"type":"Feature","properties":{"osm_id":310168314,"osm_type":"way","hgv:conditional":"no @ (06:30-09:30,16:00-19:00)","highway":"tertiary","lanes":"2","name":"Phố Sa Đôi","name:en":"Sa Doi Street","surface":"asphalt"},"geometry":{"type":"LineString","coordinates":[[105.7687232,21.0046696],[105.7685443,21.0043059],[105.7666433,21.00227],[105.7663542,21.0019942],[105.7660548,21.0014972],[105.7657392,21.0010692]]}},{"type":"Feature","properties":{"osm_id":602813395,"osm_type":"way","highway":"tertiary","lanes":"2","name":"Phố Dương Bá Trạc","name:en":"Duong Ba Trac Street","surface":"asphalt"},"geometry":{"type":"LineString","coordinates":[[105.9141153,21.0111392],[105.9135834,21.0099658],[105.9132776,21.0092912],[105.9130782,21.0088512],[105.9128794,21.0085192],[105.9125791,21.0083366],[105.9120359,21.0081897],[105.9111785,21.0080033]]}},{"type":"Feature","properties":{"osm_id":1241068457,"osm_type":"way","highway":"primary","lanes":"3","lit":"yes","loc_name":"Quốc lộ 1A cũ","maxheight":"4.75","name":"Đường Ngô Gia Tự","name:en":"Ngo Gia Tu Road","oneway":"yes","surface":"asphalt"},"geometry":{"type":"LineString","coordinates":[[105.8989087,21.0663883],[105.8997757,21.0672821],[105.9004996,21.0680283],[105.9008075,21.0683457],[105.9020542,21.0696308],[105.9021741,21.0697544]]}},{"type":"Feature","properties":{"osm_id":857249767,"osm_type":"way","destination":"Bắc Ninh;Lạng Sơn","highway":"motorway_link","lanes":"2","lit":"no","maxheight":"4.75","motorcycle":"no","name":"Đi Bắc Ninh","oneway":"yes","surface":"asphalt"},"geometry":{"type":"LineString","coordinates":[[105.917046,21.0130743],[105.9176747,21.0122899],[105.9180937,21.0118667],[105.9183653,21.0115618],[105.9185471,21.0111632],[105.9184402,21.0107829],[105.9180766,21.0106077],[105.9176681,21.0107231],[105.9174808,21.0110509],[105.9175517,21.0114246],[105.9176699,21.0116516]]}},{"type":"Feature","properties":{"osm_id":1241605207,"osm_type":"way","bus:lanes":"designated|yes|yes","highway":"primary","lanes":"3","lit":"yes","maxheight:lanes":"3.7||","name":"Phố Văn Khê","oneway":"yes","surface":"asphalt"},"geometry":{"type":"LineString","coordinates":[[105.7691355,20.9574527],[105.7700973,20.9564138],[105.7706571,20.9557813],[105.7710814,20.9553248],[105.7716084,20.9548634],[105.7718801,20.9546412],[105.7725086,20.9542453]]}},{"type":"Feature","properties":{"osm_id":457757028,"osm_type":"way","bridge":"yes","foot":"no","highway":"tertiary","lanes":"2","layer":"1","lit":"yes","name":"Cầu vượt Mễ Trì","name:en":"Me Tri Overpass","oneway":"yes","sidewalk":"no","smoothness":"excellent","surface":"asphalt"},"geometry":{"type":"LineString","coordinates":[[105.7826918,21.0046194],[105.7822652,21.0027363],[105.7819546,21.0014419],[105.7818466,21.00104],[105.7816902,21.0006567],[105.7814005,21.0001485]]}},{"type":"Feature","properties":{"osm_id":1242183430,"osm_type":"way","bicycle":"yes","cycleway":"no","foot":"yes","highway":"primary","lanes":"2","name":"Đường Phùng Hưng","name:en":"Phung Hung Road","oneway":"no","ref":"ĐT.70","surface":"asphalt"},"geometry":{"type":"LineString","coordinates":[[105.78324,20.9715143],[105.7837269,20.9709805],[105.7841783,20.9704669],[105.7844677,20.9701243],[105.7847901,20.9697449],[105.7851455,20.9693511],[105.7854129,20.96907],[105.7857277,20.9687612],[105.7862914,20.9685004],[105.786621,20.9684066]]}},{"type":"Feature","properties":{"osm_id":964872515,"osm_type":"way","highway":"trunk","int_ref":"AH14","lanes":"3","lit":"yes","name":"Đường Nguyễn Văn Linh","name:en":"Nguyen Van Linh Road","oneway":"yes","ref":"QL.5","source":"Yahoo","surface":"asphalt"},"geometry":{"type":"LineString","coordinates":[[105.913729,21.0301875],[105.9133708,21.0303147],[105.9121736,21.0308724],[105.9108395,21.0314955],[105.910254,21.0317684],[105.9094839,21.0321288]]}},{"type":"Feature","properties":{"osm_id":1279262936,"osm_type":"way","highway":"tertiary","lit":"yes","name":"Ngõ 56 Đường Hà Huy Tập","surface":"asphalt"},"geometry":{"type":"LineString","coordinates":[[105.9119421,21.0800395],[105.9124973,21.0798489],[105.9130182,21.0797098],[105.9134257,21.0796373],[105.9140396,21.079533],[105.9145558,21.0794383],[105.9150015,21.0794426],[105.9154021,21.0795323],[105.9158984,21.0796999],[105.916311,21.0799113],[105.9164266,21.0799798]]}},{"type":"Feature","properties":{"osm_id":883672297,"osm_type":"way","highway":"motorway_link","lanes":"2","lit":"yes","name":"Đường gom Cao tốc Hà Nội - Bắc Giang","oneway":"yes","surface":"asphalt"},"geometry":{"type":"LineString","coordinates":[[105.9182214,21.0124669],[105.9184624,21.0127969],[105.9186968,21.0130791],[105.9191867,21.0135665],[105.9196672,21.0140417],[105.9199119,21.0143075],[105.9201567,21.0146234],[105.9205271,21.0152054],[105.9207595,21.0155996],[105.9210973,21.016105]]}},{"type":"Feature","properties":{"osm_id":705614578,"osm_type":"way","embankment":"yes","highway":"secondary","lanes":"2","lanes:backward":"1","lanes:forward":"1","name":"Đường Gia Thượng","name:en":"Gia Thuong Road","oneway":"no","surface":"asphalt","turn:lanes:backward":"through","turn:lanes:forward":"through"},"geometry":{"type":"LineString","coordinates":[[105.8989634,21.0769408],[105.8993883,21.0769398],[105.8998369,21.0770662],[105.9001891,21.0771134],[105.9005688,21.0770788],[105.9010763,21.0769696],[105.9016121,21.0767713],[105.9019855,21.0766864],[105.9029925,21.0768581],[105.9035199,21.0769481]]}},{"type":"Feature","properties":{"osm_id":1243387902,"osm_type":"way","alt_name":"Quốc lộ 5B","alt_name:en":"National Highway 5B","alt_ref":"QL.5B","embankment":"yes","highway":"motorway","lanes":"3","lit":"no","maxspeed":"120","name":"Đường cao tốc Hà Nội – Hải Phòng","name:en":"Hanoi – Haiphong Expressway","oneway":"yes","ref":"CT.04","surface":"asphalt"},"geometry":{"type":"LineString","coordinates":[[105.9457475,20.9809205],[105.94482,20.9822952],[105.9445997,20.982593],[105.9438236,20.9837339],[105.9430678,20.9847278]]}},{"type":"Feature","properties":{"osm_id":711062849,"osm_type":"way","highway":"primary","lanes":"3","lanes:psv":"1","lit":"yes","maxspeed":"60","name":"Phố Tố Hữu","oneway":"yes","psv:lanes":"designated|yes|yes","surface":"asphalt"},"geometry":{"type":"LineString","coordinates":[[105.7948596,20.9980918],[105.7943729,20.9977404],[105.7939015,20.997415],[105.7926111,20.9965161],[105.7910465,20.9954258]]}},{"type":"Feature","properties":{"osm_id":874581229,"osm_type":"way","highway":"motorway","lanes":"3","lit":"yes","maxspeed":"80","motorcycle":"yes","name":"Quốc lộ 1","name:en":"National Route 1","note:vi":"Quốc lộ 1 là tên chính thức của con đường này, theo Quyết định số 1454/QĐ-TTg ngày 1 tháng 9 năm 2021 của Thủ tướng Chính phủ Việt Nam. Đề nghị không sửa tên thành \"Quốc lộ 1A\".","oneway":"yes","ref":"CT.01;CT.37;QL.1","surface":"asphalt","wikidata":"Q1372266","wikipedia":"vi:Quốc lộ 1"},"geometry":{"type":"LineString","coordinates":[[105.9171582,21.0113794],[105.9168284,21.0109136],[105.9166089,21.0106252],[105.9163767,21.0103208],[105.916007,21.0098373],[105.915717,21.0094822],[105.9150011,21.0086754],[105.9142145,21.0077818]]}},{"type":"Feature","properties":{"osm_id":597118937,"osm_type":"way","destination":"Đường cao tốc Pháp Vân – Cầu Giẽ","destination:ref":"CT.01","highway":"motorway_link","lanes":"2","lit":"yes","motorcycle":"no","name":"Đi Cao tốc Pháp Vân - Cầu Giẽ","name:en":"Enter Phap Van - Cau Gie Expressway","oneway":"yes","surface":"asphalt"},"geometry":{"type":"LineString","coordinates":[[105.8471624,20.9625629],[105.8471351,20.9620089],[105.8472176,20.9615696],[105.8474273,20.961241],[105.8477533,20.9610008],[105.8481292,20.9608472],[105.8484944,20.9606935],[105.8488559,20.9604114],[105.849099,20.9599804],[105.8492246,20.9596298],[105.8493684,20.9589177]]}},{"type":"Feature","properties":{"osm_id":704029590,"osm_type":"way","bicycle":"yes","foot":"yes","highway":"secondary","lanes":"2","maxspeed":"50","name":"Phố Vũ Tông Phan","name:en":"Vu Tong Phan Street","oneway":"no","sidewalk":"both","surface":"asphalt"},"geometry":{"type":"LineString","coordinates":[[105.81831,20.9993065],[105.8180553,20.9989899],[105.8177782,20.9986893],[105.8172927,20.9981096],[105.8169528,20.9976892],[105.8166991,20.9973755],[105.8163234,20.9968456],[105.8157682,20.996064],[105.8154979,20.9956228]]}},{"type":"Feature","properties":{"osm_id":854837627,"osm_type":"way","highway":"tertiary","lanes":"2","lit":"yes","maxspeed":"30","name":"Đường Hải Đăng","oneway":"yes","surface":"asphalt"},"geometry":{"type":"LineString","coordinates":[[105.9462139,20.9910937],[105.947889,20.9901262],[105.9481989,20.989949],[105.9492671,20.9893382],[105.9495884,20.9891548],[105.9502373,20.9887861]]}},{"type":"Feature","properties":{"osm_id":384534330,"osm_type":"way","bridge":"yes","destination":"Pháp Vân","destination:ref":"CT.37","highway":"motorway_link","lanes":"2","layer":"2","lit":"no","maxspeed":"60","motorcycle":"yes","name":"Cầu nhánh B","name:en":"Branch B Bridge","oneway":"yes","surface":"asphalt"},"geometry":{"type":"LineString","coordinates":[[105.9198868,21.0122003],[105.9197285,21.0125555],[105.9194532,21.0129725],[105.9191726,21.0132585],[105.9188189,21.0135103],[105.9184561,21.0136818],[105.9180811,21.0137878],[105.9176946,21.0138071],[105.9172845,21.0137384],[105.9169063,21.0135589],[105.9165847,21.0132697],[105.9163541,21.01287]]}},{"type":"Feature","properties":{"osm_id":1386905909,"osm_type":"way","highway":"secondary","name":"Đường Lý Huệ Tông","name:en":"Ly Hue Tong Road","surface":"asphalt"},"geometry":{"type":"LineString","coordinates":[[105.9411103,21.095873],[105.9410985,21.0967935],[105.9410674,21.0990646],[105.9410481,21.1004998]]}},{"type":"Feature","properties":{"osm_id":303989998,"osm_type":"way","highway":"secondary","lanes":"2","lit":"yes","name":"Phố Kim Ngưu","name:en":"Kim Nguu Street","oneway":"yes","oneway:bicycle":"no","oneway:mofa":"no","oneway:moped":"no","oneway:motorcycle":"no","surface":"asphalt"},"geometry":{"type":"LineString","coordinates":[[105.8622047,20.9984039],[105.8621487,20.9990093],[105.8620279,21.0001335],[105.8619305,21.0009868],[105.8618216,21.002031],[105.861751,21.0026855],[105.8617157,21.0030001]]}},{"type":"Feature","properties":{"osm_id":640034003,"osm_type":"way","highway":"secondary","lanes":"3","lit":"yes","name":"Đường Lê Đức Thọ","oneway":"yes","surface":"asphalt"},"geometry":{"type":"LineString","coordinates":[[105.7717987,21.0378825],[105.7711367,21.0367327],[105.7709007,21.0363003],[105.7704208,21.0354683],[105.7702412,21.0351158],[105.7701033,21.0347618],[105.7699838,21.0343378],[105.7698339,21.0337343]]}},{"type":"Feature","properties":{"osm_id":611097250,"osm_type":"way","alt_name":"Ngõ 107 Lĩnh Nam","cycleway":"shared_lane","highway":"tertiary","horse":"no","lanes":"2","maxheight":"default","name":"Phố Tân Khai","name:en":"Tan Khai Street","surface":"concrete"},"geometry":{"type":"LineString","coordinates":[[105.8689813,20.9865912],[105.8693145,20.9867157],[105.8697378,20.9869142],[105.8701686,20.9872253],[105.8705097,20.9875524],[105.8708715,20.9879602],[105.8711885,20.9883882],[105.8714811,20.988763],[105.871894,20.9891904],[105.872359,20.9896316]]}},{"type":"Feature","properties":{"osm_id":601578052,"osm_type":"way","alt_name":"Phố Trần Đăng Ninh Kéo Dài","highway":"tertiary","lanes":"4","lit":"yes","name":"Phố Khúc Thừa Dụ","name:en":"Khuc Thua Du Street","sidewalk:both":"separate","surface":"asphalt"},"geometry":{"type":"LineString","coordinates":[[105.7913733,21.0311662],[105.7914498,21.031611],[105.7915174,21.0319651],[105.7916468,21.0326491],[105.7919928,21.0331373],[105.7922743,21.0335104],[105.7925628,21.0338955],[105.7932474,21.0348132],[105.7934805,21.0351534]]}},{"type":"Feature","properties":{"osm_id":163053434,"osm_type":"way","alleyResourceId":"1__1052","batch":"2","contributor":"GIS_OTS","hgv":"yes","highway":"secondary","lanes":"2","lit":"yes","maxspeed":"50","name":"Đường Nguyễn Khang","name:en":"395 Nguyen Khang Road","oneway":"yes","oneway:bicycle":"no","oneway:motorcycle":"no","process_id":"480_2","sidewalk":"both","sidewalk:both:surface":"paving_stones","smoothness":"good","surface":"asphalt"},"geometry":{"type":"LineString","coordinates":[[105.7980311,21.0268446],[105.7984869,21.0273917],[105.7989432,21.0278854],[105.7992198,21.0282088],[105.7995443,21.0285723],[105.8001146,21.0292307],[105.8006046,21.0298346],[105.8009526,21.0302522],[105.8010315,21.0303453]]}},{"type":"Feature","properties":{"osm_id":601421036,"osm_type":"way","highway":"tertiary","name":"Đường Yên Xá","name:en":"Yen Xa Road","surface":"asphalt"},"geometry":{"type":"LineString","coordinates":[[105.7967594,20.9680892],[105.7962916,20.9676477],[105.795933,20.9673034],[105.7953754,20.966789],[105.7946433,20.9661165],[105.7943039,20.9658046],[105.7940288,20.9655518],[105.7935,20.9650017],[105.7934225,20.9649205]]}},{"type":"Feature","properties":{"osm_id":708940568,"osm_type":"way","highway":"tertiary","lanes":"4","name":"Phố Phạm Khắc Hòe","surface":"asphalt"},"geometry":{"type":"LineString","coordinates":[[105.754872,20.9810802],[105.7557732,20.9804299],[105.7565667,20.9798573],[105.7569738,20.9795651],[105.7576142,20.9791108],[105.7579198,20.9788947],[105.7584263,20.9785373],[105.7586161,20.9784028]]}},{"type":"Feature","properties":{"osm_id":492297041,"osm_type":"way","highway":"secondary","lanes":"2","lit":"yes","name":"Đường Lạc Long Quân","name:en":"Lac Long Quan Road","oneway":"yes","surface":"asphalt"},"geometry":{"type":"LineString","coordinates":[[105.811665,21.0694581],[105.8118853,21.070264],[105.8123668,21.0719104],[105.812575,21.072606],[105.8127663,21.0731927],[105.81287,21.0735299],[105.8129894,21.0738641]]}},{"type":"Feature","properties":{"osm_id":711526326,"osm_type":"way","highway":"primary","lanes":"3","lanes:motorcycle":"1","lit":"yes","motorcycle:lanes":"designated|yes|yes","name":"Đường Lê Văn Lương","name:en":"Le Van Luong Road","oneway":"yes","surface":"asphalt"},"geometry":{"type":"LineString","coordinates":[[105.8009361,21.0025823],[105.801894,21.0032603],[105.802406,21.0036292],[105.8027486,21.0038673],[105.8034135,21.0043275],[105.8039149,21.0046698],[105.8045862,21.005141],[105.8047007,21.0052178]]}},{"type":"Feature","properties":{"osm_id":25954296,"osm_type":"way","highway":"tertiary","lanes":"2","maxweight":"4.99","maxweightrating:hgv":"2.5","name":"Phố Phú Đô","smoothness":"intermediate","surface":"asphalt"},"geometry":{"type":"LineString","coordinates":[[105.765238,21.0108684],[105.7652337,21.0104968],[105.7651936,21.009984],[105.765202,21.0096135],[105.7654396,21.0092244],[105.7657889,21.0089515],[105.7660555,21.008631],[105.766301,21.0083569],[105.7666846,21.0079144],[105.7669538,21.0076125],[105.7672856,21.0072712],[105.7674289,21.0071489]]}},{"type":"Feature","properties":{"osm_id":1029909398,"osm_type":"way","highway":"motorway_link","lanes":"2","lit":"no","maxspeed":"60","name":"Đi Vinhomes Ocean Park","oneway":"yes","surface":"asphalt"},"geometry":{"type":"LineString","coordinates":[[105.9457475,20.9809205],[105.9453447,20.981595],[105.9448508,20.9823231],[105.9438644,20.9837586],[105.943176,20.9847249]]}},{"type":"Feature","properties":{"osm_id":1228119384,"osm_type":"way","hgv":"no","highway":"secondary","lane_markings":"yes","lanes":"2","lit":"yes","maxspeed":"50","motor_vehicle:conditional":"no @ (Aug 29 21:30-23:59; Aug 30 00:00-13:30; Sep 1 17:00-23:59; Sep 2 00:00-16:00)","name":"Đường Thụy Khuê","name:en":"Thuy Khue Street","name:id":"Jalan Thuy Khue","name:zh":"瑞圭街","oneway":"no","smoothness":"intermediate","surface":"asphalt","wikidata":"Q61129233","wikimedia_commons":"Category:Thụy Khuê Street, Hanoi","wikipedia":"vi:Đường Thụy Khuê"},"geometry":{"type":"LineString","coordinates":[[105.8230963,21.0430757],[105.8226906,21.043155],[105.8223217,21.043212],[105.8218091,21.0432912],[105.821194,21.0433863],[105.8207886,21.0434522],[105.8202969,21.0435413],[105.8198683,21.0435899],[105.8194099,21.043609],[105.8188275,21.0435525],[105.8185603,21.0434901]]}},{"type":"Feature","properties":{"osm_id":178102544,"osm_type":"way","bridge":"yes","foot":"no","highway":"primary","lanes":"2","layer":"1","lit":"yes","maxweight:signed":"no","name":"Cầu vượt Ngã tư Vọng","name:en":"Nga Tu Vong Overpass","oneway":"yes","sidewalk":"no","smoothness":"excellent","surface":"asphalt"},"geometry":{"type":"LineString","coordinates":[[105.8412876,20.99541],[105.8413779,20.9999941]]}},{"type":"Feature","properties":{"osm_id":37877167,"osm_type":"way","highway":"tertiary","lanes":"2","lit":"yes","name":"Phố Ngụy Như Kon Tum","name:en":"Nguy Nhu Kon Tum Street","surface":"asphalt"},"geometry":{"type":"LineString","coordinates":[[105.8020453,20.9999631],[105.8024801,21.0002759],[105.8028576,21.0005403],[105.8033828,21.0009083],[105.8037579,21.0011698],[105.804502,21.0016806],[105.8048051,21.0018887],[105.8052543,21.0021977],[105.805617,21.0024598],[105.8058047,21.0025808]]}},{"type":"Feature","properties":{"osm_id":711382501,"osm_type":"way","highway":"secondary","lanes":"4","lanes:backward":"2","lanes:forward":"2","name":"Phố Lê Trọng Tấn","name:en":"Le Trong Tan Street","note":"Unofficial parking lane on both side of the street which may impact traffic flow","parking:both":"yes","parking:both:orientation":"parallel","surface":"asphalt"},"geometry":{"type":"LineString","coordinates":[[105.8330182,20.991465],[105.8332373,20.9911245],[105.8334432,20.9908029],[105.833665,20.9904565],[105.8338908,20.9901036],[105.8343061,20.9894272],[105.834531,20.9890649],[105.8347285,20.9887509],[105.8351142,20.988147],[105.8353239,20.987811],[105.8354576,20.9875934]]}},{"type":"Feature","properties":{"osm_id":497321303,"osm_type":"way","highway":"tertiary","lanes":"2","name":"Phố Việt Hưng","name:en":"Viet Hung Street","source":"AsiaGPS","surface":"asphalt"},"geometry":{"type":"LineString","coordinates":[[105.8991042,21.052619],[105.8977122,21.0518186],[105.8973921,21.0516345],[105.8969651,21.051389],[105.8954332,21.0505081],[105.8951382,21.0503374]]}},{"type":"Feature","properties":{"osm_id":848915391,"osm_type":"way","highway":"primary","lanes":"2","lit":"yes","name":"Đường Trường Chinh","name:en":"Truong Chinh Road","oneway":"yes","surface":"asphalt"},"geometry":{"type":"LineString","coordinates":[[105.8217973,21.0025778],[105.8223668,21.0024634],[105.8259134,21.0015675],[105.826217,21.0014287]]}},{"type":"Feature","properties":{"osm_id":228474145,"osm_type":"way","highway":"tertiary","lanes":"2","lit":"yes","motor_vehicle:conditional":"no @ (Aug 29 21:30-23:59; Aug 30 00:00-13:30; Sep 1 17:00-23:59; Sep 2 00:00-16:00)","name":"Phố Đội Cấn","name:en":"Doi Can Street","name:id":"Jalan Doi Can","name:ja":"ドイカン通り","name:zh":"队艮街","oneway":"no","surface":"asphalt"},"geometry":{"type":"LineString","coordinates":[[105.8105118,21.0378336],[105.8109722,21.0378562],[105.8113521,21.0378735],[105.8118216,21.0378959],[105.8122581,21.0379106],[105.8128164,21.0379305],[105.8131712,21.0379523],[105.8136517,21.0378716],[105.814107,21.0376116],[105.8144664,21.0374192],[105.8147906,21.0372696],[105.8149064,21.0372027]]}},{"type":"Feature","properties":{"osm_id":816861875,"osm_type":"way","highway":"primary","lanes":"6","lit":"yes","maxspeed":"60","name":"Đường Nguyễn Trãi","name:en":"Nguyen Trai Road","oneway":"yes","surface":"asphalt"},"geometry":{"type":"LineString","coordinates":[[105.809529,20.9955864],[105.8107212,20.9963851],[105.8111549,20.9966757],[105.8119445,20.9972047],[105.8124184,20.9975222],[105.8132275,20.9980633],[105.8133274,20.9981312]]}},{"type":"Feature","properties":{"osm_id":37926665,"osm_type":"way","highway":"secondary","lanes":"2","name":"Phố Ngô Thì Nhậm","surface":"asphalt"},"geometry":{"type":"LineString","coordinates":[[105.7677213,20.9704962],[105.7679668,20.9702128],[105.7682023,20.9699301],[105.7688402,20.9691449],[105.7694155,20.9684761],[105.7697172,20.9681468],[105.7699664,20.967861],[105.770571,20.9671594],[105.7706924,20.9670221]]}},{"type":"Feature","properties":{"osm_id":136266012,"osm_type":"way","highway":"primary","lanes":"3","lit":"yes","name":"Phố Đoàn Khuê","name:en":"Doan Khue Street","oneway":"yes","surface":"asphalt"},"geometry":{"type":"LineString","coordinates":[[105.9053549,21.0552162],[105.906773,21.0527141],[105.9069741,21.052359],[105.9076087,21.0512396]]}},{"type":"Feature","properties":{"osm_id":600115734,"osm_type":"way","highway":"secondary","lanes":"2","lit":"yes","motor_vehicle:conditional":"no @ (Aug 29 21:30-23:59; Aug 30 00:00-13:30; Sep 1 17:00-23:59; Sep 2 00:00-16:00)","name":"Đường Trần Khánh Dư","surface":"asphalt"},"geometry":{"type":"LineString","coordinates":[[105.8618095,21.0185353],[105.8619218,21.0178481],[105.8620318,21.0174765],[105.8621431,21.0170648],[105.8622581,21.0165578],[105.8623622,21.0160987],[105.8624717,21.0156284],[105.8626499,21.0147943],[105.8627968,21.0140766]]}},{"type":"Feature","properties":{"osm_id":709676992,"osm_type":"way","bus:lanes":"designated|yes|yes","highway":"primary","lanes":"3","lanes:bus":"1","lit":"yes","moped:lanes":"no|yes|yes","motor_vehicle:lanes":"no|yes|yes","motorcycle:lanes":"no|yes|yes","name":"Phố Nguyễn Thanh Bình","oneway":"yes","surface":"asphalt"},"geometry":{"type":"LineString","coordinates":[[105.7583816,20.9735205],[105.7595689,20.9744545],[105.7601153,20.9748986],[105.7610604,20.9755915],[105.761366,20.9758127],[105.7617015,20.9760803],[105.7619946,20.9763146]]}},{"type":"Feature","properties":{"osm_id":768069168,"osm_type":"way","highway":"tertiary","lanes":"2","lit":"yes","maxspeed":"50","name":"Đường Song Hành Cao Tốc Pháp Vân - Cầu Giẽ","surface":"asphalt"},"geometry":{"type":"LineString","coordinates":[[105.8493804,20.9653874],[105.8493817,20.9649917],[105.8493845,20.9641592],[105.8493792,20.963012],[105.8493685,20.9621003],[105.8493823,20.9612347],[105.8497963,20.961221]]}},{"type":"Feature","properties":{"osm_id":178102535,"osm_type":"way","bicycle":"no","bridge":"yes","foot":"no","highway":"primary","lanes":"2","layer":"1","lit":"yes","maxheight":"5","name":"Cầu vượt Ngã tư Vọng","name:en":"Nga Tu Vong Overpass","oneway":"yes","sidewalk":"no","smoothness":"excellent","surface":"asphalt"},"geometry":{"type":"LineString","coordinates":[[105.8412693,20.9999818],[105.8411662,20.9954182]]}},{"type":"Feature","properties":{"osm_id":136266028,"osm_type":"way","highway":"tertiary","lanes":"2","name":"Phố Ngô Huy Quỳnh","name:en":"Ngo Huy Quynh Street","surface":"asphalt"},"geometry":{"type":"LineString","coordinates":[[105.9076503,21.0579043],[105.9088619,21.0557767],[105.90911,21.0553439],[105.9093418,21.0549394],[105.9096709,21.0543652],[105.9098792,21.0540017],[105.9099133,21.0539423]]}},{"type":"Feature","properties":{"osm_id":617110597,"osm_type":"way","highway":"tertiary","lanes":"2","lit":"yes","motor_vehicle:conditional":"no @ (Aug 29 21:30-23:59; Aug 30 00:00-13:30; Sep 1 17:00-23:59; Sep 2 00:00-16:00)","name":"Phố Đội Cấn","name:en":"Doi Can Street","name:id":"Jalan Doi Can","name:ja":"ドイカン通り","name:zh":"队艮街","oneway":"yes","oneway:bicycle":"no","oneway:mofa":"no","oneway:moped":"no","oneway:motorcycle":"no","surface":"asphalt"},"geometry":{"type":"LineString","coordinates":[[105.8317055,21.0344357],[105.8308685,21.0344635],[105.8303974,21.0345022],[105.8298977,21.034544],[105.8294562,21.034578],[105.8290632,21.0346107],[105.8286993,21.0346403],[105.8282789,21.0346773],[105.8278468,21.0347139],[105.827481,21.0347475],[105.8271558,21.0347458]]}},{"type":"Feature","properties":{"osm_id":465069897,"osm_type":"way","highway":"tertiary","lanes":"2","name":"Phố Hà Kế Tấn","name:en":"Ha Ke Tan Street","sidewalk":"both","surface":"asphalt"},"geometry":{"type":"LineString","coordinates":[[105.8367327,20.9943312],[105.8367085,20.9950059],[105.836678,20.9956539],[105.8366304,20.9967747],[105.8366182,20.9971633],[105.8365828,20.9975881],[105.8364839,20.9979411],[105.8363132,20.9984421],[105.8362227,20.9988353]]}},{"type":"Feature","properties":{"osm_id":457756998,"osm_type":"way","highway":"tertiary","lanes":"2","name":"Phố Đại Linh","surface":"asphalt"},"geometry":{"type":"LineString","coordinates":[[105.7756528,20.9932595],[105.7747381,20.9935432],[105.7743124,20.9937703],[105.773841,20.9940593],[105.7734409,20.994409],[105.7731257,20.9947475],[105.772624,20.9951046],[105.7722244,20.9953891],[105.7718445,20.9956595]]}},{"type":"Feature","properties":{"osm_id":1483261516,"osm_type":"way","highway":"tertiary","name":"Ngõ 885 Đường Tam Trinh","name:en":"Lane 885 Tam Trinh Road"},"geometry":{"type":"LineString","coordinates":[[105.8750629,20.9681382],[105.8746711,20.9685613],[105.8735192,20.9698777],[105.873136,20.9704216],[105.8728582,20.9708149],[105.8722424,20.9717084]]}},{"type":"Feature","properties":{"osm_id":764132923,"osm_type":"way","highway":"secondary","lanes":"5","lit":"yes","name":"Phố Trần Hữu Dực","name:en":"Tran Huu Duc Street","oneway":"yes","surface":"asphalt"},"geometry":{"type":"LineString","coordinates":[[105.7592512,21.0306629],[105.7608467,21.0301635],[105.7613928,21.0299967],[105.7630949,21.0294601],[105.7636002,21.0293034]]}},{"type":"Feature","properties":{"osm_id":627950008,"osm_type":"way","fixme":"Đoạn đường ưu tiên phân cấp trunk vì là đại lộ liên tỉnh, là trục đường vận tải đông đúc của xe tải và nhiều phương tiện, vui lòng không hạ xuống primary chỉ vì đây được quy hoạch là đường tỉnh","highway":"trunk","lit":"yes","maxspeed":"80","name":"Đại lộ Ecopark","official_name":"Đường liên tỉnh Hà Nội - Hưng Yên","oneway":"yes","ref":"ĐT.379","sidewalk":"right","source":"DigitalGlobe-Premium","surface":"asphalt"},"geometry":{"type":"LineString","coordinates":[[105.9418773,20.9469863],[105.9417619,20.9475641],[105.941653,20.9481643],[105.9415945,20.9489641],[105.9415289,20.949861],[105.9414401,20.9505117],[105.9413328,20.9510234],[105.9411873,20.9514726]]}},{"type":"Feature","properties":{"osm_id":706486126,"osm_type":"way","bicycle":"yes","foot":"yes","highway":"tertiary","lanes":"2","lit":"yes","name":"Phố Núi Trúc","name:en":"Nui Truc Street","surface":"asphalt"},"geometry":{"type":"LineString","coordinates":[[105.8247374,21.0278021],[105.8243735,21.0282054],[105.8241432,21.0284735],[105.8236802,21.0289897],[105.8233917,21.0293121],[105.822679,21.0300568],[105.822386,21.0303629],[105.8219778,21.0307645],[105.821729,21.0310432],[105.8216837,21.0311603]]}},{"type":"Feature","properties":{"osm_id":384534327,"osm_type":"way","bridge":"yes","destination":"Hải Phòng","highway":"motorway_link","lanes":"2","layer":"2","lit":"no","maxspeed":"60","motorcycle":"no","name":"Cầu nhánh A","name:en":"Branch A Bridge","oneway":"yes","surface":"asphalt"},"geometry":{"type":"LineString","coordinates":[[105.9174808,21.0136059],[105.9170838,21.013341],[105.9168055,21.0130424],[105.9166053,21.0126492],[105.9165172,21.0122302],[105.9165636,21.0117454],[105.9167115,21.0113696],[105.9169263,21.0110719],[105.9172501,21.0107909],[105.917608,21.0105961],[105.9179415,21.0104699],[105.9182612,21.0103565]]}},{"type":"Feature","properties":{"osm_id":599524928,"osm_type":"way","highway":"tertiary","lane_markings":"no","name":"Đường Bờ Sông Sét","name:en":"Bo Song Set Road","surface":"asphalt"},"geometry":{"type":"LineString","coordinates":[[105.8457697,20.9817151],[105.8456504,20.9812299],[105.8455214,20.9807285],[105.845469,20.9803271],[105.8454296,20.9794605],[105.8454172,20.9790368],[105.8456327,20.9786297],[105.8459822,20.9781155],[105.8463537,20.9776793],[105.8464845,20.9775636]]}},{"type":"Feature","properties":{"osm_id":384534334,"osm_type":"way","destination":"Hải Phòng","highway":"motorway_link","lanes":"2","lit":"no","name":"Đi Hải Phòng","oneway":"yes","surface":"asphalt"},"geometry":{"type":"LineString","coordinates":[[105.9160278,21.0093245],[105.9166533,21.0098807],[105.9169963,21.010113],[105.9173513,21.0102267],[105.9178262,21.0102439],[105.9183694,21.0101287],[105.9187462,21.0100065],[105.9191802,21.0098205],[105.9195801,21.0095946],[105.9200636,21.009311]]}},{"type":"Feature","properties":{"osm_id":415813825,"osm_type":"way","highway":"primary","lit":"yes","name":"Đường Xuân Tảo","name:en":"Xuan Tao Road","oneway":"yes","source":"DigitalGlobe","surface":"asphalt"},"geometry":{"type":"LineString","coordinates":[[105.7977213,21.0628606],[105.7977385,21.0639495],[105.7977455,21.0643],[105.7977498,21.0649807],[105.7977449,21.0658405],[105.7977426,21.0662572],[105.7977304,21.067008],[105.7977275,21.0673765],[105.7977273,21.0673996]]}},{"type":"Feature","properties":{"osm_id":704569955,"osm_type":"way","highway":"secondary","lanes":"2","maxspeed":"50","name":"Phố Vũ Tông Phan","name:en":"Vu Tong Phan Street","sidewalk":"both","surface":"asphalt"},"geometry":{"type":"LineString","coordinates":[[105.8139226,20.99135],[105.8138162,20.9909096],[105.8137504,20.9905533],[105.8136553,20.9899818],[105.8135667,20.9894421],[105.8134515,20.9887567],[105.8134327,20.988331],[105.8134837,20.9879641],[105.8136228,20.9874468],[105.8137865,20.9869013]]}},{"type":"Feature","properties":{"osm_id":844678243,"osm_type":"way","highway":"primary","lit":"yes","name":"Đường Xuân Tảo","name:en":"Xuan Tao Road","oneway":"yes","source":"DigitalGlobe","surface":"asphalt"},"geometry":{"type":"LineString","coordinates":[[105.7975769,21.0673955],[105.7975755,21.0670066],[105.797574,21.0662597],[105.7975803,21.065843],[105.7975863,21.0652713],[105.7975867,21.0643037],[105.7975813,21.0639508],[105.7975546,21.0631668],[105.7975563,21.0628591]]}},{"type":"Feature","properties":{"osm_id":1138077103,"osm_type":"way","highway":"tertiary","lanes":"2","name":"Đường Thanh Liệt","oneway":"yes","surface":"asphalt"},"geometry":{"type":"LineString","coordinates":[[105.8112907,20.9610294],[105.8114638,20.9613417],[105.8116927,20.9617505],[105.8120886,20.9624379],[105.8123115,20.9628296],[105.8126389,20.963399],[105.8128932,20.9638525],[105.8132102,20.9644185],[105.8134156,20.9647601],[105.8135757,20.9649343]]}},{"type":"Feature","properties":{"osm_id":1337653658,"osm_type":"way","embankment":"yes","highway":"primary","name":"Đê Phương Trạch","ref":"ĐT.406","source":"AsiaGPS"},"geometry":{"type":"LineString","coordinates":[[105.8653318,21.0704361],[105.8661202,21.0706373],[105.8667015,21.0708903],[105.8672002,21.0710534],[105.8682629,21.0713054],[105.8686207,21.0713992],[105.8691821,21.0715492],[105.8696555,21.0717499]]}},{"type":"Feature","properties":{"osm_id":244655911,"osm_type":"way","highway":"tertiary","name":"Phố Chính Trung","name:en":"Chinh Trung Street","surface":"asphalt"},"geometry":{"type":"LineString","coordinates":[[105.938121,21.018379],[105.9379275,21.0180699],[105.9377651,21.0176533],[105.9376788,21.0172495],[105.937577,21.0162256],[105.9375417,21.0158404],[105.9374812,21.0154703],[105.9372792,21.0146475],[105.9371591,21.0141579],[105.9371216,21.0140051]]}},{"type":"Feature","properties":{"osm_id":627950006,"osm_type":"way","fixme":"Đoạn đường ưu tiên phân cấp trunk vì là đại lộ liên tỉnh, là trục đường vận tải đông đúc của xe tải và nhiều phương tiện, vui lòng không hạ xuống primary chỉ vì đây được quy hoạch là đường tỉnh","highway":"trunk","lit":"yes","maxspeed":"80","name":"Đại lộ Ecopark","official_name":"Đường liên tỉnh Hà Nội - Hưng Yên","oneway":"yes","ref":"ĐT.379","sidewalk":"right","source":"DigitalGlobe-Premium, GPS","surface":"asphalt"},"geometry":{"type":"LineString","coordinates":[[105.9409899,20.9513779],[105.9411126,20.9509488],[105.9412161,20.9504281],[105.9412971,20.9498187],[105.9413827,20.9485845],[105.9414229,20.9481525],[105.9414806,20.9477782],[105.9416112,20.9472531],[105.9416941,20.9469232]]}},{"type":"Feature","properties":{"osm_id":316013429,"osm_type":"way","highway":"tertiary","lit":"yes","maxspeed":"35","name":"Main Street","oneway":"yes","surface":"asphalt"},"geometry":{"type":"LineString","coordinates":[[105.7960939,21.0766443],[105.7987477,21.0756199],[105.8000797,21.0750914],[105.8002932,21.0749787]]}},{"type":"Feature","properties":{"osm_id":708928718,"osm_type":"way","highway":"tertiary","lit":"yes","name":"Phố Mai Anh Tuấn","name:en":"Mai Anh Tuan Street","surface":"asphalt"},"geometry":{"type":"LineString","coordinates":[[105.8172454,21.0172555],[105.817666,21.0177612],[105.8179318,21.0180361],[105.8182042,21.0183173],[105.8186668,21.0187051],[105.8192472,21.0190268],[105.8196938,21.0191323],[105.820736,21.0191407],[105.8210503,21.0190995]]}},{"type":"Feature","properties":{"osm_id":706764069,"osm_type":"way","embankment":"yes","highway":"primary","lanes":"2","name":"Đường Ngọc Thụy","name:en":"Ngoc Thuy Road","oneway":"no","surface":"asphalt","turn:lanes:backward":"through;right","turn:lanes:forward":"through"},"geometry":{"type":"LineString","coordinates":[[105.8670211,21.0640711],[105.8673305,21.064254],[105.8678162,21.0645684],[105.8685165,21.064959],[105.8693485,21.0654591],[105.870397,21.0660634],[105.8707496,21.0662396],[105.8709283,21.066323]]}},{"type":"Feature","properties":{"osm_id":219869448,"osm_type":"way","highway":"tertiary","lanes":"2","lit":"yes","motor_vehicle:conditional":"no @ (Aug 29 21:30-23:59; Aug 30 00:00-13:30; Sep 1 17:00-23:59; Sep 2 00:00-16:00)","name":"Đường Nguyễn Tri Phương","name:en":"Nguyen Tri Phuong Street","name:id":"Jalan Nguyen Tri Phuong","name:zh":"阮知方街","oneway":"yes","surface":"asphalt"},"geometry":{"type":"LineString","coordinates":[[105.8412363,21.036203],[105.8414277,21.0372751],[105.8416329,21.0384244],[105.8418084,21.0394077],[105.8418951,21.0398932],[105.8420063,21.0405161],[105.8420285,21.0406404]]}},{"type":"Feature","properties":{"osm_id":601549335,"osm_type":"way","highway":"tertiary","name":"Ngõ 296 Đường Phan Đăng Lưu"},"geometry":{"type":"LineString","coordinates":[[105.9055923,21.0835604],[105.9055285,21.0840387],[105.9054351,21.0843875],[105.9051883,21.0846402],[105.9051856,21.0851182],[105.9052822,21.0855061],[105.905468,21.0858191],[105.9056497,21.0861193],[105.9059014,21.0864511],[105.9061646,21.08684],[105.9064543,21.0871604],[105.9068374,21.0872737]]}},{"type":"Feature","properties":{"osm_id":1241605211,"osm_type":"way","bus:lanes":"designated|yes|yes","highway":"primary","lanes":"3","lit":"yes","maxheight:lanes":"3.7||","name":"Phố Văn Khê","oneway":"yes","surface":"asphalt"},"geometry":{"type":"LineString","coordinates":[[105.7724981,20.9544538],[105.7720764,20.9547123],[105.7715834,20.9550642],[105.7712912,20.9553346],[105.7709775,20.9556752],[105.7703528,20.9563937],[105.7700095,20.9567676],[105.7696603,20.9571575],[105.7693406,20.9574905],[105.7692754,20.9575589]]}},{"type":"Feature","properties":{"osm_id":848915392,"osm_type":"way","highway":"primary","lanes":"2","lit":"yes","name":"Đường Trường Chinh","name:en":"Truong Chinh Road","oneway":"yes","surface":"asphalt"},"geometry":{"type":"LineString","coordinates":[[105.8262785,21.0016881],[105.8220476,21.0026582],[105.821931,21.0027599]]}},{"type":"Feature","properties":{"osm_id":480686694,"osm_type":"way","highway":"tertiary","name":"Phố Nam Dư","name:en":"Nam Du Street","surface":"asphalt"},"geometry":{"type":"LineString","coordinates":[[105.8875931,20.9842965],[105.8873441,20.9838151],[105.8870456,20.9831852],[105.886834,20.9827016],[105.8866789,20.982292],[105.8866203,20.9817541],[105.8865619,20.9812166],[105.8865142,20.9808359],[105.886452,20.9804485],[105.8864549,20.9800194]]}},{"type":"Feature","properties":{"osm_id":106029720,"osm_type":"way","highway":"secondary","lanes":"3","lit":"yes","name":"Phố Dương Đình Nghệ","name:en":"Duong Dinh Nghe Street","oneway":"yes","surface":"asphalt"},"geometry":{"type":"LineString","coordinates":[[105.789353,21.0227944],[105.7889601,21.0225172],[105.7883944,21.0221229],[105.7878164,21.0217233],[105.7874601,21.0214716],[105.7870326,21.0211698],[105.7864854,21.0207771],[105.7861613,21.0205472],[105.7858191,21.0202919],[105.7856934,21.0202049]]}},{"type":"Feature","properties":{"osm_id":399566350,"osm_type":"way","highway":"secondary","lanes":"3","lit":"yes","name":"Phố Trần Vỹ","oneway":"yes","surface":"asphalt"},"geometry":{"type":"LineString","coordinates":[[105.7721936,21.0383636],[105.7724782,21.0391793],[105.7726789,21.0397449],[105.7728568,21.0402439],[105.7731216,21.0410254],[105.7733652,21.041714],[105.7735059,21.0421182],[105.7736732,21.0425953]]}},{"type":"Feature","properties":{"osm_id":848915394,"osm_type":"way","highway":"primary","lanes":"1","lit":"yes","name":"Đường Trường Chinh","name:en":"Truong Chinh Road","oneway":"yes","surface":"asphalt"},"geometry":{"type":"LineString","coordinates":[[105.8262785,21.0016881],[105.8258343,21.0018255],[105.8252013,21.0019872],[105.8245643,21.0021482],[105.823974,21.0023062],[105.8233018,21.0024802],[105.8226895,21.0026326],[105.8222649,21.0027235],[105.821931,21.0027599]]}},{"type":"Feature","properties":{"osm_id":356005197,"osm_type":"way","highway":"primary","lanes":"4","lit":"yes","name":"Đại lộ Thăng Long","name:en":"Thang Long Avenue","oneway":"yes","surface":"asphalt"},"geometry":{"type":"LineString","coordinates":[[105.7872484,21.002838],[105.7868495,21.002735],[105.7863172,21.0026235],[105.7855983,21.0025244],[105.7849244,21.0024864],[105.784214,21.0025059],[105.783639,21.0025481],[105.7828117,21.0026587]]}},{"type":"Feature","properties":{"osm_id":1232127785,"osm_type":"way","highway":"tertiary","lanes":"2","name":"Phố Quan Nhân","name:en":"Quan Nhan Street","surface":"asphalt"},"geometry":{"type":"LineString","coordinates":[[105.8106239,21.0023098],[105.8105319,21.0019196],[105.8103937,21.0014094],[105.8100835,21.0004997],[105.8099471,21.0000613],[105.8098145,20.9995517],[105.8097199,20.999134],[105.8094579,20.9984477],[105.8093066,20.9981094],[105.809277,20.998049]]}},{"type":"Feature","properties":{"osm_id":1230540065,"osm_type":"way","highway":"tertiary","lit":"yes","name":"Đường Âu Cơ","name:en":"Au Co Road","oneway":"no","surface":"asphalt"},"geometry":{"type":"LineString","coordinates":[[105.8257322,21.0729601],[105.825467,21.0733017],[105.8249467,21.0737881],[105.8242558,21.0743148],[105.8231333,21.0751874],[105.8225905,21.0756481],[105.8223549,21.0758699]]}},{"type":"Feature","properties":{"osm_id":857249766,"osm_type":"way","destination":"Trung Tâm Hà Nội","highway":"motorway_link","lanes":"2","lit":"no","maxheight":"4.75","name":"Đi Cổ Linh","oneway":"yes","surface":"asphalt","turn:lanes":"slight_right|slight_right"},"geometry":{"type":"LineString","coordinates":[[105.9182214,21.0124669],[105.9185549,21.0128118],[105.9188777,21.0129586],[105.9192596,21.0128712],[105.919529,21.0126014],[105.9196355,21.0122561],[105.9195549,21.011883],[105.919204,21.0116391],[105.9187659,21.0117225],[105.9183055,21.0121657],[105.917858,21.0125466]]}},{"type":"Feature","properties":{"osm_id":1452875311,"osm_type":"way","check_date":"2025-05-19","highway":"primary","lanes":"4","name":"Đường dẫn Cầu Tứ Liên","name:en":"Tu Lien Bridge Approach Road","name:vi":"Đường dẫn Cầu Tứ Liên","oneway":"no","opening_date":"2027-05-19"},"geometry":{"type":"LineString","coordinates":[[105.8707689,21.0866913],[105.8742258,21.089487]]}},{"type":"Feature","properties":{"osm_id":706498755,"osm_type":"way","highway":"secondary","lanes":"2","name":"Đường Tam Trinh","name:en":"Tam Trinh Road","surface":"asphalt"},"geometry":{"type":"LineString","coordinates":[[105.8648444,20.9793058],[105.8645137,20.9804939],[105.8641251,20.981923],[105.864016,20.9823622],[105.8639446,20.9827777],[105.863871,20.9835592],[105.863866,20.983626]]}},{"type":"Feature","properties":{"osm_id":226116845,"osm_type":"way","highway":"secondary","lanes":"3","lit":"yes","maxspeed":"60","name":"Đường Lê Đức Thọ","oneway":"yes","surface":"asphalt"},"geometry":{"type":"LineString","coordinates":[[105.7699858,21.0337305],[105.7701409,21.03438],[105.7703341,21.0349452],[105.7705228,21.0353518],[105.7709696,21.036139],[105.7712487,21.036637],[105.7715555,21.0371804],[105.7718614,21.0377254]]}},{"type":"Feature","properties":{"osm_id":11838073,"osm_type":"way","highway":"tertiary","name":"Phố Đốc Ngữ","name:en":"Doc Ngu Street","oneway":"no"},"geometry":{"type":"LineString","coordinates":[[105.813328,21.0379498],[105.812767,21.0383271],[105.8127006,21.0387141],[105.8128086,21.0394645],[105.8128763,21.0398896],[105.8130106,21.0408524],[105.8132482,21.0411333],[105.8136076,21.0412103],[105.8140056,21.0414615]]}},{"type":"Feature","properties":{"osm_id":28486515,"osm_type":"way","highway":"secondary","lanes":"2","name":"Đường Thạch Bàn","name:en":"Thach Ban Road","surface":"asphalt"},"geometry":{"type":"LineString","coordinates":[[105.9016112,21.0205803],[105.9019577,21.0208177],[105.9022964,21.021211],[105.9029896,21.0217202],[105.9036684,21.021836],[105.9040188,21.0219264],[105.9044646,21.0221824],[105.9050349,21.0226577],[105.9052656,21.0228869]]}},{"type":"Feature","properties":{"osm_id":1232411847,"osm_type":"way","alt_name":"Quốc lộ 5B","alt_name:en":"National Highway 5B","alt_ref":"QL.5B","embankment":"yes","highway":"motorway","lanes":"5","lit":"yes","maxheight":"4.75","maxspeed":"120","moped":"no","motorcycle":"no","name":"Đường cao tốc Hà Nội – Hải Phòng","name:en":"Hanoi – Haiphong Expressway","oneway":"yes","ref":"CT.04","surface":"asphalt"},"geometry":{"type":"LineString","coordinates":[[105.917046,21.0130743],[105.9181633,21.0118825],[105.9188492,21.0110909],[105.9200703,21.0098393]]}},{"type":"Feature","properties":{"osm_id":597138228,"osm_type":"way","highway":"tertiary","name":"Phố Hưng Thịnh","name:en":"Hung Thinh Street","surface":"asphalt"},"geometry":{"type":"LineString","coordinates":[[105.8658678,20.9594009],[105.8656982,20.9601597],[105.8654997,20.9608986],[105.8653744,20.9613332],[105.8652341,20.9617952],[105.8651543,20.962139],[105.8647348,20.9636779]]}},{"type":"Feature","properties":{"osm_id":242436105,"osm_type":"way","highway":"tertiary","lit":"yes","name":"Đường Nguyễn Khoái","name:en":"Nguyen Khoai Road"},"geometry":{"type":"LineString","coordinates":[[105.8915302,20.9967224],[105.8911914,20.9968481],[105.8906933,20.9970805],[105.8897179,20.9975076],[105.8887255,20.9979734],[105.8879659,20.9983167],[105.8876107,20.9985431],[105.8875584,20.9986255]]}},{"type":"Feature","properties":{"osm_id":198253958,"osm_type":"way","bridge":"yes","highway":"primary","lanes":"4","layer":"2","lit":"yes","maxweight:signed":"no","name":"Cầu vượt Nguyễn Chí Thanh - Trần Duy Hưng","name:en":"Nguyen Chi Thanh - Tran Duy Hung Overpass","overtaking":"no","surface":"asphalt"},"geometry":{"type":"LineString","coordinates":[[105.8065127,21.0169883],[105.8060644,21.0165483],[105.8051841,21.0157009],[105.8039579,21.0145364],[105.8032963,21.0139555]]}},{"type":"Feature","properties":{"osm_id":155925981,"osm_type":"way","highway":"primary","lanes":"2","lit":"yes","name":"Đường Bưởi","name:en":"Buoi Road","oneway":"yes","surface":"asphalt"},"geometry":{"type":"LineString","coordinates":[[105.8064882,21.0417548],[105.8063923,21.0423722],[105.806327,21.0429691],[105.806319,21.0433752],[105.8063276,21.0438341],[105.8063461,21.0442901],[105.8063192,21.0447636],[105.8062341,21.0453],[105.806264,21.0457936],[105.80631,21.0461517]]}},{"type":"Feature","properties":{"osm_id":857249764,"osm_type":"way","destination":"Cổ Linh","highway":"motorway_link","lanes":"2","lit":"no","name":"Đi Cổ Linh","oneway":"yes","surface":"asphalt"},"geometry":{"type":"LineString","coordinates":[[105.9197569,21.0153233],[105.919015,21.0146231],[105.918693,21.0143563],[105.918298,21.0141485],[105.9178772,21.0140403],[105.9174634,21.0140201],[105.9170086,21.0140874],[105.9166586,21.0142134],[105.9163392,21.0144088],[105.9159946,21.0147422]]}},{"type":"Feature","properties":{"osm_id":1264085501,"osm_type":"way","embankment":"yes","highway":"secondary","lanes":"2","lit":"yes","motor_vehicle:conditional":"no @ (Aug 29 21:30-23:59; Aug 30 00:00-13:30; Sep 1 17:00-23:59; Sep 2 00:00-16:00)","name":"Đường Hoàng Hoa Thám","name:en":"Hoang Hoa Tham Road","name:id":"Jalan Hoang Hoa Tham","name:ja":"ホアンホアタム通り","name:vi":"Đường Hoàng Hoa Thám","name:zh":"黄花探街","oneway":"yes","oneway:bicycle":"no","oneway:mofa":"no","oneway:moped":"no","oneway:motorcycle":"no","surface":"asphalt"},"geometry":{"type":"LineString","coordinates":[[105.811321,21.0459144],[105.8116563,21.0455902],[105.8120192,21.0452802],[105.8122685,21.0450198],[105.8125267,21.0447744],[105.8128029,21.0444779],[105.8131794,21.0440912],[105.813445,21.0438392],[105.8140307,21.0433961],[105.8143221,21.0431743],[105.8145983,21.0429872]]}},{"type":"Feature","properties":{"osm_id":194581841,"osm_type":"way","highway":"secondary","lanes":"3","lit":"yes","maxspeed":"50","name":"Phố Hào Nam","name:en":"Hao Nam Street","name:zh":"濠南街","oneway":"yes","surface":"asphalt"},"geometry":{"type":"LineString","coordinates":[[105.8260818,21.0213742],[105.8262373,21.0217541],[105.8264242,21.0221438],[105.8265781,21.0225031],[105.8266982,21.0228598],[105.8270572,21.024139],[105.827367,21.0251872],[105.8274597,21.0255485]]}},{"type":"Feature","properties":{"osm_id":208377520,"osm_type":"way","highway":"secondary","lanes":"3","lit":"yes","name":"Phố Chu Huy Mân","name:en":"Chu Huy Man Street","oneway":"yes","surface":"asphalt"},"geometry":{"type":"LineString","coordinates":[[105.9095246,21.0467455],[105.908841,21.0463948],[105.9083845,21.0461157],[105.9079652,21.0457854],[105.907483,21.0452983],[105.9064573,21.0437279]]}},{"type":"Feature","properties":{"osm_id":402385387,"osm_type":"way","highway":"secondary","lanes":"2","name":"Phố Vũ Xuân Thiều","name:en":"Vu Xuan Thieu Street","name:vi":"Phố Vũ Xuân Thiều","surface":"asphalt"},"geometry":{"type":"LineString","coordinates":[[105.9209715,21.0367295],[105.9220559,21.0379884],[105.9224175,21.0384083],[105.9238417,21.0400616]]}},{"type":"Feature","properties":{"osm_id":706765629,"osm_type":"way","highway":"tertiary","lane_markings":"no","lit":"yes","maxweight":"4.5","name":"Phố Nguyễn Đức Cảnh","name:en":"Nguyen Duc Canh Street","sidewalk":"both","surface":"asphalt"},"geometry":{"type":"LineString","coordinates":[[105.8469413,20.9876115],[105.8473296,20.9875635],[105.8478076,20.9875076],[105.8486793,20.9874082],[105.8492838,20.9873584],[105.8498082,20.9873193],[105.8502876,20.9872974],[105.8506991,20.9872657],[105.8511735,20.987241],[105.8512674,20.9871467]]}},{"type":"Feature","properties":{"osm_id":1509279164,"osm_type":"way","highway":"tertiary","lanes":"2","lit":"yes","motor_vehicle:conditional":"no @ (Aug 29 21:30-23:59; Aug 30 00:00-13:30; Sep 1 17:00-23:59; Sep 2 00:00-16:00)","name":"Đường Nguyễn Tri Phương","name:en":"Nguyen Tri Phuong Street","name:id":"Jalan Nguyen Tri Phuong","name:zh":"阮知方街","oneway":"yes","surface":"asphalt"},"geometry":{"type":"LineString","coordinates":[[105.8410612,21.0357608],[105.8409383,21.0350186],[105.840804,21.0342079],[105.8406494,21.0332742],[105.8405219,21.0325042],[105.8404489,21.0320635],[105.8403749,21.0316164],[105.8403466,21.0314387]]}},{"type":"Feature","properties":{"osm_id":601923273,"osm_type":"way","highway":"tertiary","lanes":"2","name":"Phố Nguyễn Huy Thảo","name:en":"Nguyen Huy Thao Street","source":"AsiaGPS","surface":"asphalt"},"geometry":{"type":"LineString","coordinates":[[105.8983085,21.0695389],[105.8977964,21.0699694],[105.8972981,21.0703884],[105.8967446,21.0708538],[105.8959589,21.0715168],[105.8956629,21.0718103],[105.8950995,21.0724984]]}},{"type":"Feature","properties":{"osm_id":1242183588,"osm_type":"way","highway":"secondary","lanes":"2","lit":"yes","name":"Phố Tôn Đức Thắng","name:en":"Ton Duc Thang Street","name:id":"Jalan Ton Duc Thang","name:zh":"孙德胜街","oneway":"yes","smoothness":"intermediate","surface":"asphalt"},"geometry":{"type":"LineString","coordinates":[[105.834098,21.0276774],[105.8337694,21.0269596],[105.8335689,21.0265292],[105.8333085,21.0259561],[105.8330075,21.0253066],[105.8327898,21.0248168],[105.8325803,21.0243628],[105.8322736,21.0236986]]}},{"type":"Feature","properties":{"osm_id":28690076,"osm_type":"way","highway":"tertiary","lanes":"1","lit":"yes","name":"Đường Hồng Hà","name:en":"Hong Ha Road","oneway":"no","surface":"asphalt"},"geometry":{"type":"LineString","coordinates":[[105.8550489,21.0353944],[105.8551565,21.0349301],[105.8554867,21.0342829],[105.855645,21.0339623],[105.8558002,21.0336282],[105.8559871,21.0331793],[105.8562096,21.0327391],[105.8564139,21.0323169],[105.8565977,21.0319001],[105.8568546,21.0314209]]}},{"type":"Feature","properties":{"osm_id":180131788,"osm_type":"way","contributor":"GIS_OTS","hgv":"yes","highway":"secondary","lit":"yes","name":"Đường Nguyễn Khánh Toàn","name:en":"Nguyen Khanh Toan Road","oneway":"yes","source":"AsiaGPS","surface":"asphalt"},"geometry":{"type":"LineString","coordinates":[[105.8019457,21.0369881],[105.8008834,21.0378334],[105.8000112,21.0385207],[105.7996682,21.0387962],[105.7993616,21.0389931],[105.7989596,21.0391161],[105.7986,21.0391256],[105.7982784,21.0391219]]}},{"type":"Feature","properties":{"osm_id":399844569,"osm_type":"way","highway":"tertiary","lanes":"2","name":"Phố Lệ Mật","name:en":"Le Mat Street","oneway":"no","surface":"asphalt"},"geometry":{"type":"LineString","coordinates":[[105.9006027,21.0529986],[105.9004194,21.0536418],[105.9002938,21.0541005],[105.9001429,21.0545616],[105.8999656,21.0549207],[105.899718,21.0555213],[105.8995485,21.0559858],[105.8993189,21.0564867],[105.8990015,21.0570368]]}},{"type":"Feature","properties":{"osm_id":12176575,"osm_type":"way","highway":"secondary","lanes":"2","name":"Phố Vĩnh Hưng","name:en":"Vinh Hung Street","surface":"asphalt"},"geometry":{"type":"LineString","coordinates":[[105.8750847,20.9837479],[105.8752969,20.9841769],[105.8754477,20.9845051],[105.8755928,20.9848388],[105.8758594,20.9854564],[105.8760566,20.9857966],[105.8762705,20.9861495],[105.8765214,20.9866026],[105.8768253,20.9871609],[105.877073,20.9876198]]}},{"type":"Feature","properties":{"osm_id":599508333,"osm_type":"way","bicycle":"yes","cycleway":"no","foot":"yes","highway":"primary","lanes":"2","lit":"yes","name":"Đường Phùng Hưng","name:en":"Phung Hung Road","oneway":"no","ref":"ĐT.70","surface":"asphalt"},"geometry":{"type":"LineString","coordinates":[[105.786621,20.9684066],[105.7874134,20.9680859],[105.7881008,20.967711],[105.7884395,20.9675423],[105.7889084,20.9672896],[105.7896256,20.9669142],[105.7900669,20.9666772],[105.7905005,20.9664485]]}},{"type":"Feature","properties":{"osm_id":601555492,"osm_type":"way","highway":"tertiary","lanes":"1","name":"Ngõ 587 Đường Tam Trinh","name:en":"Lane 587 Tam Trinh Road","oneway":"no","surface":"asphalt"},"geometry":{"type":"LineString","coordinates":[[105.8745546,20.9779238],[105.8754575,20.9774539],[105.8766686,20.9770755],[105.8771325,20.9769072],[105.8777138,20.9766858],[105.8785431,20.9764375],[105.878607,20.9764166]]}},{"type":"Feature","properties":{"osm_id":38134037,"osm_type":"way","contributor":"GIS_OTS","hgv":"yes","highway":"secondary","lanes":"4","lit":"yes","name":"Đường Hoàng Quốc Việt","name:en":"Hoang Quoc Viet Road","oneway":"yes","surface":"asphalt"},"geometry":{"type":"LineString","coordinates":[[105.7902894,21.0460782],[105.7906662,21.0460799],[105.791359,21.046082],[105.7918344,21.0460843],[105.7926597,21.0460863],[105.7932617,21.0460921],[105.7938643,21.0460948],[105.7944858,21.0460978],[105.7946194,21.0460985]]}},{"type":"Feature","properties":{"osm_id":702540655,"osm_type":"way","highway":"tertiary","lanes":"2","name":"Ngõ 42 Phố Thịnh Liệt","surface":"asphalt"},"geometry":{"type":"LineString","coordinates":[[105.8489767,20.9718113],[105.8484235,20.972003],[105.8480514,20.9721136],[105.8475955,20.9722707],[105.847226,20.9723992],[105.8467585,20.9725427],[105.8464063,20.9727227],[105.8460745,20.9729673],[105.8456627,20.9736375],[105.8454317,20.9739577]]}},{"type":"Feature","properties":{"osm_id":1234572269,"osm_type":"way","highway":"tertiary","lanes":"2","lit":"yes","motor_vehicle:conditional":"no @ (Aug 29 21:30-23:59; Aug 30 00:00-13:30; Sep 1 17:00-23:59; Sep 2 00:00-16:00)","name":"Đường Nguyễn Tri Phương","name:en":"Nguyen Tri Phuong Street","name:id":"Jalan Nguyen Tri Phuong","name:zh":"阮知方街","oneway":"yes","surface":"asphalt"},"geometry":{"type":"LineString","coordinates":[[105.840432,21.0313369],[105.8405906,21.0322941],[105.8406823,21.0328473],[105.8409049,21.0341906],[105.8411389,21.0356024]]}},{"type":"Feature","properties":{"osm_id":1204837532,"osm_type":"way","highway":"trunk","lanes":"4","lit":"yes","maxspeed":"60","maxspeed:type":"VN:urban","name":"Đường Quang Trung","name:en":"Quang Trung Road","oneway":"yes","ref":"QL.6","sidewalk":"right","sidewalk:right:surface":"paving_stones","surface":"asphalt","wikidata":"Q2006553","wikipedia":"vi:Quốc lộ 6"},"geometry":{"type":"LineString","coordinates":[[105.7615605,20.9595336],[105.7634175,20.960971],[105.7643286,20.9616763],[105.7649742,20.9621798]]}},{"type":"Feature","properties":{"osm_id":1453735880,"osm_type":"way","highway":"tertiary","name":"Đường Thành Phố 4","source":"AsiaGPS"},"geometry":{"type":"LineString","coordinates":[[105.8683317,21.0904934],[105.8694924,21.0886372],[105.8701447,21.0876106],[105.8706533,21.0868551]]}},{"type":"Feature","properties":{"osm_id":1204837531,"osm_type":"way","highway":"trunk","lanes":"4","lit":"yes","maxspeed":"60","name":"Đường Quang Trung","name:en":"Quang Trung Road","oneway":"yes","ref":"QL.6","surface":"asphalt","wikidata":"Q2006553","wikipedia":"vi:Quốc lộ 6"},"geometry":{"type":"LineString","coordinates":[[105.7647553,20.9623771],[105.7643351,20.9620482],[105.7629796,20.960999],[105.7613447,20.9597335]]}},{"type":"Feature","properties":{"osm_id":37447736,"osm_type":"way","contributor":"GIS_OTS","hgv":"yes","highway":"secondary","lanes":"2","lit":"yes","name":"Đường Nguyễn Khánh Toàn","name:en":"Nguyen Khanh Toan Road","oneway":"yes","source":"AsiaGPS","surface":"asphalt"},"geometry":{"type":"LineString","coordinates":[[105.7982782,21.0390173],[105.7988308,21.0390193],[105.7992413,21.0389275],[105.7995715,21.0387359],[105.8008454,21.0377148],[105.8017796,21.0369807],[105.8018753,21.0369046]]}},{"type":"Feature","properties":{"osm_id":449440725,"osm_type":"way","highway":"tertiary","name":"Đường 19 Tháng 5","surface":"asphalt"},"geometry":{"type":"LineString","coordinates":[[105.7916483,20.9779253],[105.7919406,20.9781346],[105.7927082,20.9786935],[105.7933579,20.9791798],[105.7937076,20.9794379],[105.794158,20.9797538],[105.7947345,20.9801982],[105.7950886,20.9804901]]}},{"type":"Feature","properties":{"osm_id":967878676,"osm_type":"way","foot":"yes","highway":"primary","lanes":"4","lit":"yes","maxspeed":"60","maxspeed:motorcar":"60","maxspeed:motorcycle":"50","maxspeed:type":"VN:urban","name":"Đường Phạm Văn Đồng","name:en":"Pham Van Dong Road","name:vi":"Đường Phạm Văn Đồng","oneway":"yes","surface":"asphalt","wikidata":"Q10841036","wikipedia":"vi:Đường vành đai 3 (Hà Nội)"},"geometry":{"type":"LineString","coordinates":[[105.7835488,21.0601892],[105.7837915,21.0609846],[105.7841954,21.0625749],[105.7846308,21.0643399]]}},{"type":"Feature","properties":{"osm_id":946030655,"osm_type":"way","highway":"tertiary","lanes":"2","lit":"yes","name":"Phố Thái Thịnh","name:en":"Thai Thinh Street","surface":"asphalt"},"geometry":{"type":"LineString","coordinates":[[105.817155,21.012083],[105.8169482,21.0124226],[105.816438,21.0128298],[105.8160525,21.0131066],[105.8156637,21.0133802],[105.8152857,21.0136475],[105.8149299,21.0139064],[105.81461,21.0141369],[105.8143016,21.0143618],[105.8138892,21.0146708],[105.8138094,21.014722]]}},{"type":"Feature","properties":{"osm_id":402425862,"osm_type":"way","highway":"tertiary","lanes":"2","name":"Phố Bà Triệu","oneway":"yes","oneway:bicycle":"no","oneway:mofa":"no","oneway:moped":"no","oneway:motorcycle":"no","surface":"asphalt"},"geometry":{"type":"LineString","coordinates":[[105.7809885,20.9693952],[105.7806724,20.9697705],[105.7803401,20.970165],[105.7800121,20.970552],[105.7797378,20.9708649],[105.7793148,20.9713666],[105.7788874,20.971861],[105.7784821,20.9723478],[105.7782083,20.9726526]]}},{"type":"Feature","properties":{"osm_id":701909305,"osm_type":"way","highway":"secondary","lanes":"2","lit":"yes","name":"Đường Hoàng Minh Thảo","name:en":"Hoang Minh Thao Road","oneway":"yes","surface":"asphalt"},"geometry":{"type":"LineString","coordinates":[[105.8045789,21.0627114],[105.8039803,21.0627215],[105.8031964,21.0627201],[105.8025424,21.0627222],[105.8018211,21.0627133],[105.8011065,21.0627198],[105.8006696,21.0627242],[105.8002969,21.0627249]]}},{"type":"Feature","properties":{"osm_id":893882396,"osm_type":"way","highway":"primary","lit":"yes","name":"Phố Minh Khai","name:en":"Minh Khai Street","oneway":"yes","surface":"asphalt"},"geometry":{"type":"LineString","coordinates":[[105.8598937,20.995687],[105.8593933,20.9955481],[105.8587604,20.9954104],[105.8582036,20.9953361],[105.8577382,20.9953086],[105.8572965,20.9953067],[105.8568734,20.9953381],[105.8562289,20.9954074],[105.8556667,20.995477]]}},{"type":"Feature","properties":{"osm_id":506335708,"osm_type":"way","highway":"trunk","int_ref":"AH14","lanes":"3","lit":"yes","name":"Đường Nguyễn Văn Linh","name:en":"Nguyen Van Linh Road","oneway":"yes","ref":"QL.5","surface":"asphalt"},"geometry":{"type":"LineString","coordinates":[[105.8997698,21.036709],[105.9013331,21.0360264],[105.9030445,21.0352007],[105.9036333,21.0348901]]}},{"type":"Feature","properties":{"osm_id":136266009,"osm_type":"way","highway":"tertiary","name":"Phố Phạm Khắc Quảng","name:en":"Pham Khac Quang Street","surface":"asphalt"},"geometry":{"type":"LineString","coordinates":[[105.9144844,21.0593415],[105.914617,21.0596788],[105.9148441,21.0602636],[105.9149948,21.0606519],[105.9151381,21.0610208],[105.9153659,21.0616077],[105.9155995,21.0622094],[105.9157179,21.062592],[105.915863,21.063206],[105.9158735,21.0633679]]}},{"type":"Feature","properties":{"osm_id":37802753,"osm_type":"way","highway":"tertiary","name":"Phố Trần Điền","name:en":"Tran Dien Street","surface":"asphalt"},"geometry":{"type":"LineString","coordinates":[[105.8302368,20.9892601],[105.8294156,20.9886027],[105.8291362,20.9883919],[105.8285522,20.9879698],[105.8276275,20.987376],[105.8271859,20.9870639],[105.8268538,20.9868056],[105.8267858,20.9867505]]}},{"type":"Feature","properties":{"osm_id":208377530,"osm_type":"way","highway":"secondary","lanes":"3","lit":"yes","name":"Phố Chu Huy Mân","name:en":"Chu Huy Man Street","oneway":"yes","surface":"asphalt"},"geometry":{"type":"LineString","coordinates":[[105.9068044,21.0434912],[105.9073361,21.0443186],[105.9076783,21.0448048],[105.9082491,21.0454394],[105.9085594,21.0457014],[105.9089874,21.0459882],[105.9095414,21.0462887],[105.9098273,21.046293]]}},{"type":"Feature","properties":{"osm_id":156427330,"osm_type":"way","highway":"tertiary","name":"Phố Giáp Nhị","name:en":"Giap Nhi Street","oneway":"no","surface":"asphalt"},"geometry":{"type":"LineString","coordinates":[[105.8419268,20.9774585],[105.8423489,20.9772887],[105.8431243,20.977002],[105.8435725,20.9768384],[105.8443232,20.9765589],[105.8447446,20.9763923],[105.8451196,20.9763019],[105.8454888,20.9761539],[105.8459425,20.9760297]]}},{"type":"Feature","properties":{"osm_id":705638390,"osm_type":"way","highway":"primary","lanes":"3","lit":"yes","name":"Phố Đoàn Khuê","name:en":"Doan Khue Street","oneway":"yes","surface":"asphalt"},"geometry":{"type":"LineString","coordinates":[[105.9077028,21.0510703],[105.9079354,21.0506314],[105.909013,21.048736],[105.9096018,21.0477004],[105.9097613,21.0473376]]}},{"type":"Feature","properties":{"osm_id":701392350,"osm_type":"way","highway":"primary","lanes":"4","lit":"yes","maxspeed":"60","name":"Đường Nghiêm Xuân Yêm","oneway":"yes","source":"grab_hanoi_2018_t5","surface":"asphalt"},"geometry":{"type":"LineString","coordinates":[[105.8163411,20.9744435],[105.816055,20.9747001],[105.8157849,20.9749481],[105.8155178,20.975245],[105.8148041,20.9761816],[105.8145706,20.976496],[105.8136507,20.9777365]]}},{"type":"Feature","properties":{"osm_id":813364991,"osm_type":"way","highway":"tertiary","lanes":"2","lit":"yes","name":"Phố Lò Đúc","name:en":"Lo Duc Street","old_name:fr":"Boulevard Armand Rousseau","surface":"asphalt"},"geometry":{"type":"LineString","coordinates":[[105.8582827,21.0127586],[105.8585569,21.012412],[105.8588168,21.0120837],[105.8590503,21.01178],[105.8593349,21.0114263],[105.859657,21.0110245],[105.8598821,21.0107341],[105.8601248,21.0104304],[105.8604478,21.0100284],[105.8607027,21.0097032],[105.8609009,21.0093976]]}},{"type":"Feature","properties":{"osm_id":701452890,"osm_type":"way","highway":"primary","lanes":"2","lit":"yes","name":"Đường Yên Phụ","name:en":"Yen Phu Road","oneway":"yes","surface":"asphalt"},"geometry":{"type":"LineString","coordinates":[[105.8436785,21.046633],[105.8442908,21.0460257],[105.8445791,21.0457616],[105.8448704,21.0455071],[105.8454912,21.0450357],[105.8459525,21.0446982],[105.8463477,21.0444049],[105.8468046,21.0440748],[105.8469642,21.0439334]]}},{"type":"Feature","properties":{"osm_id":251790798,"osm_type":"way","bridge":"viaduct","destination":"Cáu Thanh Trì","highway":"motorway_link","lanes":"2","layer":"2","lit":"yes","motorcycle":"no","name":"Đi Cầu Thanh Trì","name:en":"To Thanh Tri Bridge","oneway":"yes","surface":"asphalt"},"geometry":{"type":"LineString","coordinates":[[105.8478557,20.9649688],[105.8481653,20.965218],[105.848627,20.9654633],[105.8490498,20.9655773],[105.8499088,20.9656019],[105.8504314,20.9655894],[105.8510093,20.9655447],[105.8517335,20.9654784],[105.8519435,20.96548]]}},{"type":"Feature","properties":{"osm_id":457741990,"osm_type":"way","highway":"primary","lanes":"2","layer":"-1","lit":"yes","maxspeed":"60","name":"Hầm chui Thanh Xuân","name:en":"Thanh Xuan Underpass","name:ko":"타인쑤언지하차도","oneway":"yes","surface":"asphalt"},"geometry":{"type":"LineString","coordinates":[[105.8036982,20.9917015],[105.8063538,20.9935798],[105.8072398,20.9940526]]}},{"type":"Feature","properties":{"osm_id":722894415,"osm_type":"way","highway":"tertiary","lane_markings":"yes","maxspeed":"50","name":"Phố Trung Phụng","name:en":"Trung Phung Street","surface":"asphalt"},"geometry":{"type":"LineString","coordinates":[[105.8368257,21.0180745],[105.8365988,21.0176738],[105.8363991,21.017269],[105.8361228,21.0168729],[105.8355501,21.0161009],[105.8351638,21.0156491],[105.8347682,21.015183],[105.8344065,21.014692],[105.8343608,21.0146277]]}},{"type":"Feature","properties":{"osm_id":457741989,"osm_type":"way","highway":"primary","lanes":"2","layer":"-1","lit":"yes","maxspeed":"60","name":"Hầm chui Thanh Xuân","name:en":"Thanh Xuan Underpass","name:ko":"타인쑤언지하차도","note":"hàng rào lối vào hầm chui bắt đầu từ trước giao điểm với đường nguyễn tuân. Không nối hầm chui với đường nguyễn tuân.","oneway":"yes","surface":"asphalt"},"geometry":{"type":"LineString","coordinates":[[105.8070072,20.994364],[105.8062562,20.993697],[105.8036,20.9918318]]}},{"type":"Feature","properties":{"osm_id":36869877,"osm_type":"way","highway":"primary","lanes":"4","lit":"yes","maxspeed":"60","name":"Phố Xã Đàn","name:en":"Xa Dan Street","name:zh":"社坛街","oneway":"yes","surface":"asphalt"},"geometry":{"type":"LineString","coordinates":[[105.8309465,21.0170993],[105.8314786,21.0166584],[105.8318303,21.0163883],[105.8321379,21.0161283],[105.832419,21.015867],[105.8332616,21.015008],[105.8337813,21.0144608],[105.834042,21.014199]]}},{"type":"Feature","properties":{"osm_id":945322275,"osm_type":"way","highway":"primary","lanes":"4","lit":"yes","maxspeed":"60","name":"Phố Xã Đàn","name:en":"Xa Dan Street","name:zh":"社坛街","oneway":"yes","smoothness":"good","surface":"asphalt"},"geometry":{"type":"LineString","coordinates":[[105.8370685,21.0112582],[105.8368332,21.0115174],[105.8363468,21.0120401],[105.8357509,21.0126284],[105.8342566,21.0142381],[105.8341558,21.0143481]]}},{"type":"Feature","properties":{"osm_id":1214908615,"osm_type":"way","bicycle":"yes","cycleway":"no","foot":"yes","highway":"primary","lanes":"2","name":"Đường Phan Trọng Tuệ","oneway":"no","ref":"ĐT.70","surface":"asphalt"},"geometry":{"type":"LineString","coordinates":[[105.8052879,20.9584919],[105.8061009,20.9580646],[105.8064519,20.9578886],[105.8069315,20.9576295],[105.8075414,20.9573083],[105.8079652,20.9570899],[105.8083745,20.9568756],[105.8087791,20.9566639],[105.8090502,20.9565231]]}},{"type":"Feature","properties":{"osm_id":896577923,"osm_type":"way","highway":"tertiary","lit":"yes","name":"Biển Hồ 2","oneway":"yes","surface":"asphalt"},"geometry":{"type":"LineString","coordinates":[[105.9468587,21.0022062],[105.945896,21.0015386],[105.9455577,21.001304],[105.9444996,21.0005704],[105.9440947,21.0002896],[105.9436547,20.9999845],[105.9433692,20.9997864]]}},{"type":"Feature","properties":{"osm_id":599618293,"osm_type":"way","highway":"secondary","lanes":"2","lit":"yes","name":"Phố Bà Triệu","name:en":"Ba Trieu Street","oneway":"yes","surface":"asphalt"},"geometry":{"type":"LineString","coordinates":[[105.8491983,21.0152083],[105.8491587,21.0137094],[105.8491445,21.0132473],[105.8491179,21.0124376],[105.8491139,21.0119611],[105.8491003,21.0114259],[105.8490813,21.0109648]]}},{"type":"Feature","properties":{"osm_id":496002618,"osm_type":"way","highway":"secondary","lanes":"2","lit":"yes","name":"Đường Xuân Tảo","name:en":"Xuan Tao Road","oneway":"yes","source":"DigitalGlobe","surface":"asphalt"},"geometry":{"type":"LineString","coordinates":[[105.7974881,21.056496],[105.7974807,21.0556566],[105.7974649,21.0548355],[105.7974758,21.0543675],[105.7974748,21.0529319],[105.7974814,21.0523232],[105.7975143,21.0522592]]}},{"type":"Feature","properties":{"osm_id":965408116,"osm_type":"way","highway":"trunk","lanes":"4","lit":"yes","maxspeed":"60","name":"Đường Quang Trung","name:en":"Quang Trung Road","oneway":"yes","ref":"QL.6","surface":"asphalt","wikidata":"Q2006553","wikipedia":"vi:Quốc lộ 6"},"geometry":{"type":"LineString","coordinates":[[105.771064,20.966944],[105.7717274,20.9674631],[105.7724474,20.9680346],[105.7734263,20.9688115],[105.7741779,20.969408],[105.7743918,20.9695778]]}},{"type":"Feature","properties":{"osm_id":1255456395,"osm_type":"way","highway":"tertiary","motorcar":"destination","name":"Phố Viên","name:en":"Vien Street","name:zh":"园街"},"geometry":{"type":"LineString","coordinates":[[105.7724941,21.0715306],[105.7725001,21.0711477],[105.7725258,21.070523],[105.7725305,21.0699632],[105.7725516,21.0691135],[105.772543,21.0685928],[105.7726117,21.0680882],[105.7726015,21.0674079],[105.772601,21.0672983]]}},{"type":"Feature","properties":{"osm_id":37871586,"osm_type":"way","highway":"tertiary","lanes":"2","name":"Phố Nguyễn Khuyến","name:en":"Nguyen Khuyen Street","oneway":"yes","surface":"asphalt"},"geometry":{"type":"LineString","coordinates":[[105.7893845,20.9757858],[105.788876,20.9764285],[105.7880919,20.9774799],[105.7878758,20.9777559],[105.7872151,20.9785789],[105.78688,20.9789629],[105.7867977,20.9791328]]}},{"type":"Feature","properties":{"osm_id":602289116,"osm_type":"way","highway":"tertiary","lanes":"2","name":"Phố Ái Mộ","name:en":"Ai Mo Street","source":"AsiaGPS","surface":"asphalt"},"geometry":{"type":"LineString","coordinates":[[105.8743195,21.0408523],[105.8738462,21.0405865],[105.8733788,21.0403208],[105.8728729,21.0398659],[105.8724562,21.0395505],[105.8718765,21.0392018],[105.8712791,21.0388306],[105.8708257,21.0384821]]}},{"type":"Feature","properties":{"osm_id":402400378,"osm_type":"way","highway":"primary","lanes":"4","lit":"yes","maxspeed":"60","name":"Phố Xã Đàn","name:en":"Xa Dan Street","name:zh":"社坛街","oneway":"yes","smoothness":"good","surface":"asphalt"},"geometry":{"type":"LineString","coordinates":[[105.8341558,21.0143481],[105.8334204,21.0151197],[105.833037,21.0155152],[105.8327388,21.0158243],[105.832326,21.0162084],[105.831832,21.0166199],[105.8310576,21.0172221]]}},{"type":"Feature","properties":{"osm_id":1351987738,"osm_type":"way","highway":"secondary","lanes":"2","lit":"yes","name":"Đường Lạc Long Quân","name:en":"Lac Long Quan Road","oneway":"yes","smoothness":"good","surface":"asphalt"},"geometry":{"type":"LineString","coordinates":[[105.8088811,21.0568396],[105.8088967,21.0586644],[105.8089041,21.0595362],[105.8090814,21.0607811],[105.8091329,21.0610495]]}},{"type":"Feature","properties":{"osm_id":1361617377,"osm_type":"way","highway":"tertiary","name":"Đường KĐT Nam Thăng Long","oneway":"yes"},"geometry":{"type":"LineString","coordinates":[[105.7972182,21.0842785],[105.7957268,21.08442],[105.7948922,21.0844857],[105.7944999,21.0844963],[105.7938698,21.0844333],[105.7934031,21.0843377],[105.7930235,21.0843787]]}},{"type":"Feature","properties":{"osm_id":602359781,"osm_type":"way","highway":"tertiary","lanes":"2","name":"Phố Vo Trung","name:en":"Vo Trung Street","old_name":"Ngõ 279 đường Phúc Lợi","surface":"asphalt"},"geometry":{"type":"LineString","coordinates":[[105.9286086,21.039538],[105.9289662,21.0400513],[105.9292476,21.0404554],[105.9294845,21.0407438],[105.9297062,21.0410904],[105.9299261,21.0414228],[105.9301227,21.041841],[105.9302084,21.0422125],[105.9303879,21.0425397],[105.9308917,21.0425837],[105.9310869,21.0425922]]}},{"type":"Feature","properties":{"osm_id":1361617378,"osm_type":"way","highway":"tertiary","name":"Đường KĐT Nam Thăng Long","oneway":"yes"},"geometry":{"type":"LineString","coordinates":[[105.7930504,21.0840217],[105.7934515,21.084184],[105.7939022,21.0843128],[105.7944929,21.0843706],[105.7948905,21.0843616],[105.795705,21.0842946],[105.7970163,21.0841753],[105.7972048,21.0841595]]}},{"type":"Feature","properties":{"osm_id":1483477684,"osm_type":"way","highway":"tertiary","lanes":"2","lit":"yes","name":"Phố Nguyễn An Ninh","name:en":"Nguyen An Ninh Street","name:vi":"Phố Nguyễn An Ninh","oneway":"no","sidewalk":"separate","surface":"asphalt"},"geometry":{"type":"LineString","coordinates":[[105.8437706,20.9925135],[105.8440732,20.992063],[105.8442983,20.9917017],[105.8445872,20.9912382],[105.8448774,20.9907557],[105.8450912,20.9903987],[105.8454212,20.9898518],[105.8457841,20.9892711],[105.8459884,20.9889312]]}},{"type":"Feature","properties":{"osm_id":1329413089,"osm_type":"way","highway":"primary","lanes":"4","lit":"yes","name":"Phố Chu Huy Mân","name:en":"Chu Huy Man Street","oneway":"yes","surface":"asphalt"},"geometry":{"type":"LineString","coordinates":[[105.9066923,21.0435984],[105.9076187,21.0450073],[105.9078509,21.0452716],[105.908134,21.0455655],[105.908604,21.0459375],[105.9092121,21.0462982],[105.9096183,21.0465097]]}},{"type":"Feature","properties":{"osm_id":704060504,"osm_type":"way","highway":"tertiary","lanes":"2","lit":"yes","name":"Phố Lưu Khánh Đàm","name:en":"Luu Khanh Dam Street","oneway":"yes","surface":"asphalt"},"geometry":{"type":"LineString","coordinates":[[105.909722,21.0605603],[105.9118011,21.0596772],[105.9131092,21.0591216],[105.913475,21.0590166],[105.9136194,21.0589821]]}},{"type":"Feature","properties":{"osm_id":735118039,"osm_type":"way","highway":"secondary","lit":"yes","name":"Đường Xuân Tảo","name:en":"Xuan Tao Road","oneway":"yes","source":"DigitalGlobe","surface":"asphalt"},"geometry":{"type":"LineString","coordinates":[[105.7977789,21.0522865],[105.7978062,21.0529465],[105.7978035,21.0541318],[105.7978107,21.0548049],[105.7978058,21.0553812],[105.7978144,21.0558515],[105.7978103,21.056305],[105.7978142,21.0564924]]}},{"type":"Feature","properties":{"osm_id":37871704,"osm_type":"way","highway":"tertiary","name":"Phố Nhân Hòa","name:en":"Nhan Hoa Street","surface":"asphalt"},"geometry":{"type":"LineString","coordinates":[[105.8106239,21.0023098],[105.8102684,21.0022626],[105.8098299,21.0022165],[105.809404,21.0021681],[105.8088136,21.0021106],[105.808119,21.0020395],[105.8077205,21.0019981],[105.8067132,21.001913],[105.8064394,21.0018856]]}},{"type":"Feature","properties":{"osm_id":1125638471,"osm_type":"way","highway":"primary","lanes":"2","lit":"yes","motorcycle":"no","name":"Đường Xuân Tảo","name:en":"Xuan Tao Road","oneway":"yes","surface":"asphalt"},"geometry":{"type":"LineString","coordinates":[[105.7975572,21.0564553],[105.7975521,21.0556548],[105.7975485,21.0542338],[105.797549,21.052932],[105.7975493,21.0523302],[105.7975143,21.0522592]]}},{"type":"Feature","properties":{"osm_id":1519589192,"osm_type":"way","access":"yes","bicycle":"no","foot":"no","highway":"motorway","horse":"no","int_ref":"AH1","lanes":"5","lit":"no","maxspeed":"80","minspeed":"60","motor_vehicle":"yes","motorcycle":"no","name":"Đường cao tốc Pháp Vân - Cầu Giẽ","name:en":"Phap Van - Cau Gie Expressway","oneway":"yes","ref":"CT.01","shoulder":"yes","source":"GPS","surface":"asphalt","toll":"yes","wikidata":"Q10840982","wikipedia":"vi:Đường cao tốc Pháp Vân – Cầu Giẽ"},"geometry":{"type":"LineString","coordinates":[[105.8490886,20.9631043],[105.8490978,20.9612897],[105.849113,20.9608536],[105.8491775,20.9604926],[105.8493684,20.9589177]]}},{"type":"Feature","properties":{"osm_id":497400854,"osm_type":"way","highway":"tertiary","lanes":"2","name":"Phố Hoàng Như Tiếp","name:en":"Hoang Nhu Tiep Street","source":"grab_hanoi_2018_t5","surface":"asphalt"},"geometry":{"type":"LineString","coordinates":[[105.8786016,21.0396928],[105.8793352,21.0390117],[105.8800454,21.038362],[105.8803135,21.0380899],[105.8804759,21.037757],[105.8805858,21.0373341],[105.8806802,21.0369906],[105.8808393,21.0366075],[105.8810142,21.0363906]]}},{"type":"Feature","properties":{"osm_id":703961132,"osm_type":"way","bicycle:lanes":"no|no|no|no|yes","highway":"primary","lanes":"2","lit":"yes","moped:lanes":"no|no|no|designated|yes","motor_vehicle:lanes":"yes|yes|yes|no|no","motorcycle:lanes":"no|no|no|designated|yes","name":"Đường Võ Chí Công","oneway":"yes","surface":"asphalt"},"geometry":{"type":"LineString","coordinates":[[105.8043299,21.0619481],[105.8042884,21.0606994],[105.8042925,21.0603159],[105.8042638,21.0589109],[105.8042577,21.0577493]]}},{"type":"Feature","properties":{"osm_id":116436710,"osm_type":"way","highway":"secondary","lanes":"3","lit":"yes","maxspeed":"50","name":"Phố Trung Kính","name:en":"Trung Kinh Street","oneway":"yes","smoothness":"good","surface":"asphalt"},"geometry":{"type":"LineString","coordinates":[[105.7926225,21.0191739],[105.7921753,21.0198957],[105.7916715,21.0207087],[105.7912241,21.0214191],[105.7910078,21.0218027],[105.7907074,21.0223285],[105.7904367,21.0227589]]}},{"type":"Feature","properties":{"osm_id":1458914359,"osm_type":"way","highway":"primary","lanes":"4","lit":"yes","name":"Đường Phạm Hùng","name:en":"Pham Hung Road","oneway":"yes","smoothness":"good","surface":"asphalt"},"geometry":{"type":"LineString","coordinates":[[105.7797444,21.0210872],[105.7793485,21.0218497],[105.7791594,21.0223316],[105.7789928,21.0229492],[105.778913,21.0233681],[105.7788208,21.0242295],[105.7788087,21.0247006],[105.7788409,21.0251049]]}},{"type":"Feature","properties":{"osm_id":399842627,"osm_type":"way","highway":"primary","lanes":"3","lit":"yes","maxweight":"10","name":"Phố Đoàn Khuê","name:en":"Doan Khue Street","oneway":"yes","surface":"asphalt"},"geometry":{"type":"LineString","coordinates":[[105.9038855,21.0580713],[105.9032216,21.0592263],[105.9020594,21.0612478],[105.9018465,21.0616035],[105.9017899,21.0616845]]}},{"type":"Feature","properties":{"osm_id":684891840,"osm_type":"way","hgv":"no","highway":"trunk","lanes":"3","lit":"yes","maxspeed":"60","name":"Đại lộ Thăng Long","name:en":"Thang Long Avenue","oneway":"yes","ref":"CT.03","surface":"asphalt"},"geometry":{"type":"LineString","coordinates":[[105.7851748,21.0018572],[105.785866,21.0019154],[105.7868926,21.0020822],[105.7877578,21.0023168],[105.788362,21.0025275],[105.7891901,21.002897]]}},{"type":"Feature","properties":{"osm_id":208657329,"osm_type":"way","highway":"trunk","lanes":"4","lit":"yes","maxspeed":"60","maxspeed:type":"VN:urban","name":"Đường Quang Trung","name:en":"Quang Trung Road","oneway":"yes","ref":"QL.6","sidewalk":"right","sidewalk:right:surface":"paving_stones","surface":"asphalt","wikidata":"Q2006553","wikipedia":"vi:Quốc lộ 6"},"geometry":{"type":"LineString","coordinates":[[105.7676032,20.9642366],[105.768973,20.9653083],[105.769294,20.9655594],[105.7708917,20.9668093]]}},{"type":"Feature","properties":{"osm_id":599634399,"osm_type":"way","highway":"tertiary","lanes":"4","lit":"yes","name":"Đường Nguyễn Tuân","name:en":"Nguyen Tuan Road","surface":"asphalt"},"geometry":{"type":"LineString","coordinates":[[105.8067336,20.9941675],[105.8064866,20.9944704],[105.8061307,20.994904],[105.8057446,20.9953745],[105.8050301,20.9962452],[105.8047837,20.9965455],[105.8043741,20.9970447],[105.8040869,20.9973946]]}},{"type":"Feature","properties":{"osm_id":402425871,"osm_type":"way","highway":"secondary","lanes":"7","lit":"yes","maxspeed":"60","motor_vehicle:conditional":"no @ (Jan 8 07:00-12:30; Jan 10 07:00-12:30)","name":"Đường Lê Đức Thọ","oneway":"yes","surface":"asphalt"},"geometry":{"type":"LineString","coordinates":[[105.7664468,21.0234728],[105.7662412,21.0222067],[105.7661842,21.0217194],[105.766152,21.0208421],[105.766157,21.0201172],[105.7662544,21.0193311]]}},{"type":"Feature","properties":{"osm_id":1297102072,"osm_type":"way","highway":"primary","lanes":"5","lit":"yes","name":"Đại lộ Thăng Long","name:en":"Thang Long Avenue","oneway":"yes","surface":"asphalt"},"geometry":{"type":"LineString","coordinates":[[105.7532579,21.0079245],[105.7540388,21.0077399],[105.7558466,21.0073405],[105.7573238,21.0070316]]}},{"type":"Feature","properties":{"osm_id":705574246,"osm_type":"way","highway":"secondary","lanes":"2","lit":"yes","name":"Phố Kim Ngưu","name:en":"Kim Nguu Street","oneway":"yes","oneway:bicycle":"no","oneway:mofa":"no","oneway:moped":"no","oneway:motorcycle":"no","surface":"asphalt"},"geometry":{"type":"LineString","coordinates":[[105.8617157,21.0030001],[105.8616286,21.003823],[105.8615556,21.004523],[105.8614581,21.0053713],[105.861396,21.005935],[105.8613447,21.0064385],[105.8613065,21.0068041],[105.8612373,21.0071328]]}},{"type":"Feature","properties":{"osm_id":702856654,"osm_type":"way","highway":"tertiary","lit":"yes","name":"Đường Hồng Hà","name:en":"Hong Ha Road","oneway":"no","surface":"asphalt"},"geometry":{"type":"LineString","coordinates":[[105.8578998,21.0292106],[105.8581933,21.028611],[105.8584931,21.0280691],[105.8590046,21.0271956],[105.8594298,21.026577],[105.8600425,21.0256549]]}},{"type":"Feature","properties":{"osm_id":943577306,"osm_type":"way","highway":"primary","lanes":"4","lit":"yes","name":"Phố Huỳnh Thúc Kháng","name:en":"Huynh Thuc Khang Street","sidewalk:both":"separate","surface":"asphalt"},"geometry":{"type":"LineString","coordinates":[[105.8035963,21.0240397],[105.8035752,21.0245376],[105.8035548,21.0249016],[105.8035844,21.0252861],[105.8036619,21.0256524],[105.803818,21.026045],[105.8041008,21.026547],[105.8044995,21.0271794],[105.8047276,21.0275397],[105.8049193,21.0278456]]}},{"type":"Feature","properties":{"osm_id":221158908,"osm_type":"way","contributor":"GIS_OTS","hgv":"yes","highway":"secondary","lanes":"4","lit":"yes","name":"Đường Nguyễn Phong Sắc","name:en":"Nguyen Phong Sac Street","surface":"asphalt"},"geometry":{"type":"LineString","coordinates":[[105.7904034,21.0416374],[105.7903305,21.0421315],[105.7903273,21.0425087],[105.7903127,21.0429906],[105.7902941,21.0434699],[105.7902895,21.0448446],[105.7902939,21.0457869]]}},{"type":"Feature","properties":{"osm_id":600596158,"osm_type":"way","highway":"tertiary","lanes":"2","name":"Ngõ 885 Đường Tam Trinh","name:en":"Lane 885 Tam Trinh Road","surface":"asphalt"},"geometry":{"type":"LineString","coordinates":[[105.8724289,20.9718077],[105.8736845,20.9699779],[105.8741816,20.9694201],[105.8747215,20.9688324],[105.874991,20.9685493]]}},{"type":"Feature","properties":{"osm_id":896573245,"osm_type":"way","highway":"tertiary","lit":"yes","name":"Biển Hồ 2","oneway":"yes","surface":"asphalt"},"geometry":{"type":"LineString","coordinates":[[105.9435057,20.9997652],[105.9456163,21.0012286],[105.9459532,21.0014622],[105.9467298,21.0020007],[105.9469179,21.0021311]]}},{"type":"Feature","properties":{"osm_id":914099365,"osm_type":"way","access":"yes","bicycle":"no","bridge":"viaduct","foot":"no","highway":"motorway","horse":"no","lanes":"2","layer":"2","lit":"yes","maxspeed":"80","moped":"no","motorcar":"yes","motorcycle":"no","name":"Đường cao tốc Vành đai 3 TP. Hà Nội","name:en":"Ring Road 3 Expressway (Hanoi)","oneway":"yes","ref":"CT.37","surface":"asphalt"},"geometry":{"type":"LineString","coordinates":[[105.7967348,20.9995613],[105.7989805,20.9967281],[105.7993171,20.9963102]]}},{"type":"Feature","properties":{"osm_id":708968978,"osm_type":"way","highway":"primary","lanes":"3","lit":"yes","maxspeed":"50","name":"Đường Đỗ Mười","name:en":"Do Muoi Road","oneway":"yes","surface":"asphalt"},"geometry":{"type":"LineString","coordinates":[[105.8639903,20.9637188],[105.8647348,20.9636779],[105.8656818,20.9636264],[105.8662641,20.9636262],[105.8667925,20.9636495],[105.8681349,20.9637352]]}},{"type":"Feature","properties":{"osm_id":602863308,"osm_type":"way","highway":"tertiary","name":"Phố Vũ Đình Tụng","name:en":"Vu Dinh Tung Street","surface":"asphalt"},"geometry":{"type":"LineString","coordinates":[[105.9208724,21.0167311],[105.9205689,21.0169779],[105.9199997,21.0174407],[105.919655,21.017721],[105.9193377,21.017979],[105.9179939,21.0185219],[105.9173223,21.0187603]]}},{"type":"Feature","properties":{"osm_id":1107122299,"osm_type":"way","bicycle":"no","bridge":"yes","bus":"no","coach":"no","divider":"solid_line","foot":"no","highway":"primary","lanes":"2","layer":"3","lit":"yes","maxheight":"3.5","maxspeed":"30","maxweight:signed":"no","name":"Cầu vượt nút giao Chùa Bộc - Phạm Ngọc Thạch","name:en":"Chua Boc - Pham Ngoc Thach Intersection Overpass","note":"Trục đường Huỳnh Thúc Kháng - Thái Hà - Phạm Ngọc Thạch là một trong những trục đường chính quan trọng của thành phố Hà Nội với lưu lượng đông nên ưu tiên phân cấp highway=primary","parking:both":"no","sidewalk":"no","source:highway":"survey","surface":"asphalt"},"geometry":{"type":"LineString","coordinates":[[105.8296844,21.0069173],[105.830904,21.0063816],[105.8312948,21.0063451],[105.8316385,21.0065748],[105.8320642,21.0069052],[105.8325201,21.0072596],[105.8332186,21.0078036]]}},{"type":"Feature","properties":{"osm_id":708932477,"osm_type":"way","highway":"tertiary","lanes":"2","name":"Phố Nguyễn Khuyến","name:en":"Nguyen Khuyen Street","oneway":"yes","surface":"asphalt"},"geometry":{"type":"LineString","coordinates":[[105.7866917,20.9789664],[105.7869818,20.9786202],[105.7872604,20.9782716],[105.7875842,20.9778682],[105.7878102,20.9775744],[105.7880806,20.9772228],[105.7883505,20.976881],[105.7887141,20.9764236],[105.7891139,20.9758872],[105.7892702,20.9757318]]}},{"type":"Feature","properties":{"osm_id":333827554,"osm_type":"way","foot":"yes","highway":"primary","lanes":"2","lit":"yes","maxspeed":"60","maxspeed:motorcar":"60","maxspeed:motorcycle":"50","maxspeed:type":"VN:urban","name":"Đường Võ Chí Công","name:en":"Vo Chi Cong Road","name:vi":"Đường Võ Chí Công","oneway":"yes","sidewalk":"right","sidewalk:right:surface":"paving_stones","surface":"asphalt","wikidata":"Q10841033","wikipedia":"vi:Đường vành đai 2 (Hà Nội)"},"geometry":{"type":"LineString","coordinates":[[105.8095384,21.0711216],[105.8101921,21.0727074],[105.8105879,21.0736839],[105.811102,21.0749521]]}},{"type":"Feature","properties":{"osm_id":37567094,"osm_type":"way","highway":"primary","lanes":"2","lit":"yes","motor_vehicle:conditional":"no @ (Aug 29 21:30-23:59; Aug 30 00:00-13:30; Sep 1 17:00-23:59; Sep 2 00:00-16:00)","name":"Đường Văn Cao","name:en":"Van Cao Road","name:id":"Jalan Van Cao","name:zh":"文高街","oneway":"yes","surface":"asphalt"},"geometry":{"type":"LineString","coordinates":[[105.8151156,21.0370748],[105.8152145,21.0374458],[105.8155069,21.0384371],[105.8156187,21.0387878],[105.8157625,21.039273],[105.8159529,21.0398939],[105.8160864,21.0403339],[105.8161898,21.0406741],[105.8163,21.0410349]]}},{"type":"Feature","properties":{"osm_id":862457552,"osm_type":"way","highway":"secondary","lanes":"3","lit":"yes","motor_vehicle:conditional":"no @ (Jan 8 07:00-12:30; Jan 10 07:00-12:30)","name":"Đường Lê Quang Đạo","oneway":"yes","surface":"asphalt"},"geometry":{"type":"LineString","coordinates":[[105.7714669,21.011909],[105.7712069,21.0122308],[105.7709468,21.0125362],[105.769899,21.0138467],[105.76957,21.0142555],[105.7693117,21.014608],[105.7689366,21.0151629]]}},{"type":"Feature","properties":{"osm_id":1227174379,"osm_type":"way","highway":"secondary","lane_markings":"yes","lanes":"2","lit":"yes","maxspeed":"50","name":"Đường Thụy Khuê","name:en":"Thuy Khue Street","name:id":"Jalan Thuy Khue","name:zh":"瑞圭街","oneway":"yes","oneway:bicycle":"no","oneway:mofa":"no","oneway:moped":"no","oneway:motorcycle":"no","smoothness":"intermediate","surface":"asphalt","wikidata":"Q61129233","wikimedia_commons":"Category:Thụy Khuê Street, Hanoi","wikipedia":"vi:Đường Thụy Khuê"},"geometry":{"type":"LineString","coordinates":[[105.8104538,21.0476813],[105.8100556,21.0479248],[105.8096169,21.0481095],[105.8092186,21.0481726],[105.808653,21.0482509],[105.8082121,21.0483262],[105.807799,21.0484575],[105.8074008,21.0484509],[105.8069973,21.0485009],[105.8066563,21.0485929],[105.8065021,21.0486522]]}},{"type":"Feature","properties":{"osm_id":702522171,"osm_type":"way","embankment":"yes","foot":"no","highway":"primary","lanes":"2","lit":"yes","name":"Đường Âu Cơ","name:en":"Au Co Road","note":"'embankment' tag is suitable. Do not remove !","oneway":"yes","sidewalk":"no","surface":"asphalt"},"geometry":{"type":"LineString","coordinates":[[105.8182551,21.0808248],[105.8186286,21.0802186],[105.8188246,21.0799267],[105.8191079,21.0795071],[105.8193378,21.0791753],[105.819805,21.078506],[105.8202983,21.0777836],[105.8205527,21.0774063]]}},{"type":"Feature","properties":{"osm_id":480686477,"osm_type":"way","highway":"primary","lanes":"2","lit":"yes","name":"Đường Đỗ Mười","name:en":"Do Muoi Road","oneway":"yes","surface":"asphalt"},"geometry":{"type":"LineString","coordinates":[[105.8914789,20.9827684],[105.8909337,20.9821677],[105.8904597,20.981636],[105.8900544,20.9811819],[105.889288,20.9803104],[105.8889113,20.9798518],[105.8888285,20.979635]]}},{"type":"Feature","properties":{"osm_id":37906446,"osm_type":"way","highway":"tertiary","lit":"yes","name":"Phố Nguyễn Huy Tưởng","name:en":"Nguyen Huy Tuong Street","surface":"asphalt"},"geometry":{"type":"LineString","coordinates":[[105.8006622,20.9951087],[105.8013861,20.9955873],[105.8016846,20.995784],[105.8019867,20.9959831],[105.8025801,20.9963835],[105.8032235,20.9968152],[105.8040869,20.9973946]]}},{"type":"Feature","properties":{"osm_id":199924233,"osm_type":"way","highway":"tertiary","lit":"yes","name":"Phố Hoàng Ngân","name:en":"Hoang Ngan Street","oneway":"yes","surface":"asphalt"},"geometry":{"type":"LineString","coordinates":[[105.7976159,21.0054319],[105.7964612,21.0046121],[105.795903,21.0042124],[105.7952323,21.0037605],[105.7944697,21.0032035],[105.7942658,21.0030488]]}},{"type":"Feature","properties":{"osm_id":399842632,"osm_type":"way","highway":"tertiary","lanes":"2","lit":"yes","name":"Phố Lưu Khánh Đàm","name:en":"Luu Khanh Dam Street","oneway":"yes","surface":"asphalt"},"geometry":{"type":"LineString","coordinates":[[105.9135796,21.0591252],[105.9131429,21.0592277],[105.9116113,21.0598783],[105.9106701,21.060278],[105.9098992,21.0606055],[105.9097714,21.0606598]]}},{"type":"Feature","properties":{"osm_id":710333735,"osm_type":"way","highway":"trunk","lanes":"3","lit":"yes","name":"Đại lộ Thăng Long","name:en":"Thang Long Avenue","oneway":"yes","ref":"CT.03","surface":"asphalt"},"geometry":{"type":"LineString","coordinates":[[105.7890196,21.0032224],[105.7882059,21.0028721],[105.7876103,21.0026795],[105.7867599,21.0024563],[105.7858376,21.0023098],[105.7850543,21.0022385]]}},{"type":"Feature","properties":{"osm_id":179411790,"osm_type":"way","highway":"tertiary","lanes":"2","name":"Ngõ 300 Đường Nguyễn Xiển","surface":"asphalt"},"geometry":{"type":"LineString","coordinates":[[105.8066458,20.9797298],[105.8074058,20.9806042],[105.8078299,20.9808658],[105.8084125,20.9812442],[105.8092017,20.9817746],[105.8098715,20.9822248]]}},{"type":"Feature","properties":{"osm_id":1412958336,"osm_type":"way","bicycle":"no","foot":"no","highway":"trunk","horse":"no","lanes":"3","maxspeed":"60","maxspeed:motorcar":"60","mofa":"no","moped":"no","motorcycle":"no","name":"Đường Võ Chí Công","name:en":"Vo Chi Cong Road","name:vi":"Đường Võ Chí Công","oneway":"yes","surface":"asphalt","wikidata":"Q10841033","wikipedia":"vi:Đường vành đai 2 (Hà Nội)"},"geometry":{"type":"LineString","coordinates":[[105.8126661,21.0779555],[105.8129682,21.0785163],[105.8132878,21.0790378],[105.813509,21.0793953],[105.8138543,21.0799479],[105.81481,21.0814583]]}},{"type":"Feature","properties":{"osm_id":864640267,"osm_type":"way","bicycle":"no","bridge":"yes","foot":"no","highway":"primary","lanes":"2","layer":"1","lit":"yes","maxweight:signed":"no","motor_vehicle:conditional":"no @ (Aug 29 21:30-23:59; Aug 30 00:00-13:30; Sep 1 17:00-23:59; Sep 2 00:00-16:00)","name":"Cầu vượt Nguyễn Chí Thanh","name:en":"Nguyen Chi Thanh Overpass","surface":"asphalt"},"geometry":{"type":"LineString","coordinates":[[105.8124555,21.0287119],[105.8125678,21.0291789],[105.8126878,21.0296352],[105.8129262,21.0304037],[105.8130864,21.030936],[105.8135388,21.0323416],[105.8136305,21.0326433]]}},{"type":"Feature","properties":{"osm_id":157338919,"osm_type":"way","contributor":"GIS_OTS","hgv":"yes","highway":"tertiary","lanes":"2","lit":"yes","name":"Phố Tô Hiệu","name:en":"To Hieu Street","sidewalk:both":"separate","source":"grab_hanoi_2018_t2","surface":"asphalt"},"geometry":{"type":"LineString","coordinates":[[105.7945053,21.0416307],[105.7936197,21.041626],[105.7932463,21.0416223],[105.7925589,21.041633],[105.7917859,21.0416366],[105.7908361,21.0416393],[105.7904034,21.0416374]]}},{"type":"Feature","properties":{"osm_id":12176594,"osm_type":"way","highway":"tertiary","lanes":"2","name":"Phố Yên Sở","name:en":"Yen So Street","surface":"asphalt"},"geometry":{"type":"LineString","coordinates":[[105.8682678,20.9658128],[105.870569,20.9670342],[105.8709154,20.9672298],[105.8713288,20.9674637],[105.8718694,20.967774]]}},{"type":"Feature","properties":{"osm_id":1094428085,"osm_type":"way","foot":"yes","highway":"primary","lit":"yes","name":"Đường Phạm Văn Đồng","name:en":"Pham Van Dong Road","name:vi":"Đường Phạm Văn Đồng","oneway":"yes","surface":"asphalt"},"geometry":{"type":"LineString","coordinates":[[105.7822543,21.0547264],[105.7825986,21.0561889],[105.7828931,21.0573835],[105.7832206,21.0587121]]}},{"type":"Feature","properties":{"osm_id":773100468,"osm_type":"way","highway":"secondary","lanes":"2","lit":"yes","name":"Phố Kim Ngưu","name:en":"Kim Nguu Street","oneway":"yes","oneway:bicycle":"no","oneway:mofa":"no","oneway:moped":"no","oneway:motorcycle":"no","surface":"asphalt"},"geometry":{"type":"LineString","coordinates":[[105.8608768,21.0070744],[105.8609557,21.0062527],[105.861039,21.0055176],[105.8610969,21.0050114],[105.8611694,21.0043248],[105.8612172,21.0038564],[105.8612643,21.0033823],[105.8612991,21.0029993]]}},{"type":"Feature","properties":{"osm_id":180083167,"osm_type":"way","addr:street":"Đặng Tiến Đông","highway":"tertiary","lit":"yes","name":"Phố Đặng Tiến Đông","name:en":"Dang Tien Dong Street","oneway":"no","surface":"asphalt"},"geometry":{"type":"LineString","coordinates":[[105.8172454,21.0172555],[105.8176258,21.0166537],[105.8180561,21.0167073],[105.8186164,21.0170686],[105.8189634,21.0168833],[105.8192482,21.0165501],[105.8196244,21.0160317],[105.8200606,21.0154275],[105.8200999,21.015375]]}},{"type":"Feature","properties":{"osm_id":1113091524,"osm_type":"way","access":"yes","bicycle":"yes","bridge":"covered","highway":"secondary","lanes":"1","layer":"1","lit":"yes","maxspeed":"30","moped":"yes","motorcar":"no","motorcycle":"yes","name":"Cầu Thăng Long","oneway":"yes","surface":"asphalt","width":"3.5"},"geometry":{"type":"LineString","coordinates":[[105.7856863,21.0862646],[105.785668,21.086876],[105.7858026,21.0885157],[105.7858864,21.0895333],[105.7859186,21.0899354],[105.7859823,21.090344]]}},{"type":"Feature","properties":{"osm_id":1105753218,"osm_type":"way","embankment":"yes","highway":"primary","lanes":"2","lit":"yes","maxweight:conditional":"3.5 @ (6:00-9:00,16:30-19:30)","name":"Đường Nguyễn Khoái","name:en":"Nguyen Khoai Road","oneway":"yes","surface":"asphalt"},"geometry":{"type":"LineString","coordinates":[[105.8654065,21.0093139],[105.8651503,21.0096077],[105.8647967,21.010057],[105.8645779,21.0103957],[105.8643756,21.0107442],[105.8641237,21.0112063],[105.8639483,21.0115977],[105.8637679,21.0120371],[105.8636113,21.0124731],[105.8634841,21.0128872]]}},{"type":"Feature","properties":{"osm_id":596300521,"osm_type":"way","bridge":"yes","destination:street":"Châu Văn Liêm","highway":"secondary","lanes":"2","layer":"1","lit":"yes","name":"Cầu vượt Phú Đô","name:en":"Phu Do Overpass","oneway":"yes","surface":"asphalt"},"geometry":{"type":"LineString","coordinates":[[105.7649634,21.0051028],[105.7653393,21.0051906],[105.7657583,21.0053894],[105.7664238,21.0059949],[105.7670371,21.0066482],[105.7673073,21.0068979],[105.7681701,21.0075488]]}},{"type":"Feature","properties":{"osm_id":125838214,"osm_type":"way","bridge":"yes","highway":"motorway","int_ref":"AH1","lanes":"3","layer":"2","lit":"yes","motorcycle":"yes","name":"Cầu vượt Quốc lộ 5","name:en":"National Route 5 Overpass","oneway":"yes","ref":"CT.01;CT.37;QL.1","source":"GPS;Mapbox","surface":"asphalt"},"geometry":{"type":"LineString","coordinates":[[105.927258,21.0216024],[105.9276416,21.0220505],[105.9279662,21.0224722],[105.9283292,21.0229935],[105.9287091,21.0236727],[105.9290189,21.0243181],[105.9293574,21.025085]]}},{"type":"Feature","properties":{"osm_id":239370942,"osm_type":"way","highway":"trunk","lanes":"5","lit":"yes","maxspeed":"60","name":"Đường Trần Phú","name:en":"Tran Phu Road","oneway":"yes","ref":"QL.6","surface":"asphalt","wikidata":"Q2006553","wikipedia":"vi:Quốc lộ 6"},"geometry":{"type":"LineString","coordinates":[[105.7931422,20.9845014],[105.79243,20.9839947],[105.7920297,20.9836811],[105.7914732,20.9832451],[105.791154,20.9829951],[105.7908205,20.9827338],[105.7901041,20.9821724],[105.7898992,20.9820119]]}},{"type":"Feature","properties":{"osm_id":601450425,"osm_type":"way","highway":"secondary","lanes":"2","name":"Đường Tam Trinh","name:en":"Tam Trinh Road","surface":"asphalt"},"geometry":{"type":"LineString","coordinates":[[105.8636696,20.9854345],[105.8636216,20.9859249],[105.8635715,20.9863802],[105.8634919,20.9871659],[105.8634347,20.9877233],[105.8633963,20.9881073],[105.863322,20.9887654],[105.8632609,20.9892735],[105.8632375,20.9894997]]}},{"type":"Feature","properties":{"osm_id":599524497,"osm_type":"way","highway":"secondary","lit":"yes","name":"Đường Nguyễn Bặc","oneway":"yes"},"geometry":{"type":"LineString","coordinates":[[105.8489235,20.9479297],[105.8488843,20.9483032],[105.8487047,20.948715],[105.8484211,20.9492196],[105.8481287,20.9497905],[105.847933,20.9504859],[105.8477932,20.9512157],[105.8477141,20.9515912],[105.8476937,20.9517828]]}},{"type":"Feature","properties":{"osm_id":600494887,"osm_type":"way","highway":"secondary","lanes":"2","name":"Phố Nguyễn Hữu Thọ","name:en":"Nguyen Huu Tho Street","source":"grab_hanoi_2018_t5","surface":"asphalt"},"geometry":{"type":"LineString","coordinates":[[105.8256832,20.9648551],[105.8259976,20.9660834],[105.8262155,20.9668864],[105.8265578,20.9673253],[105.8270496,20.9678172],[105.8276079,20.9682935]]}},{"type":"Feature","properties":{"osm_id":883802906,"osm_type":"way","bridge":"yes","highway":"tertiary","lanes":"2","layer":"1","lit":"yes","name":"Cầu vượt Cầu Cốc","oneway":"yes","surface":"asphalt"},"geometry":{"type":"LineString","coordinates":[[105.7466222,21.0065866],[105.7470401,21.0066155],[105.7474077,21.0065472],[105.7482029,21.0063726],[105.7485596,21.0062921],[105.748941,21.0062375],[105.7493927,21.0062657],[105.749734,21.0063483],[105.7501955,21.0064884],[105.7506343,21.0065069]]}},{"type":"Feature","properties":{"osm_id":1218234419,"osm_type":"way","highway":"tertiary","lit":"yes","name":"Park Street","oneway":"yes","surface":"asphalt"},"geometry":{"type":"LineString","coordinates":[[105.8006122,21.082472],[105.8005497,21.0817842],[105.8005304,21.0812122],[105.8005868,21.0807739],[105.8007708,21.0800663],[105.8008676,21.0797017],[105.8009737,21.0792722],[105.8011029,21.0787715],[105.8011698,21.0784688]]}},{"type":"Feature","properties":{"osm_id":106053500,"osm_type":"way","highway":"primary","lanes":"5","lit":"yes","name":"Đường Nguyễn Trãi","oneway":"yes","surface":"asphalt"},"geometry":{"type":"LineString","coordinates":[[105.813767,20.998893],[105.8131679,20.9984916],[105.8127578,20.9982168],[105.8118026,20.9975768],[105.8114267,20.997325],[105.8109895,20.9970321],[105.8103759,20.996621]]}},{"type":"Feature","properties":{"osm_id":106053503,"osm_type":"way","highway":"primary","lanes":"4","lit":"yes","name":"Đường Trần Duy Hưng","name:en":"Tran Duy Hung Road","oneway":"yes","surface":"asphalt"},"geometry":{"type":"LineString","coordinates":[[105.7959188,21.0076968],[105.7963874,21.0080548],[105.7967908,21.0083543],[105.7974411,21.0088313],[105.7981269,21.0093354],[105.7987337,21.0097962],[105.7991778,21.0101338]]}},{"type":"Feature","properties":{"osm_id":599524498,"osm_type":"way","highway":"secondary","lit":"yes","name":"Đường Nguyễn Bặc","oneway":"yes"},"geometry":{"type":"LineString","coordinates":[[105.8475998,20.9517624],[105.8477936,20.9507318],[105.8479419,20.9500428],[105.8483443,20.9491836],[105.848582,20.948762],[105.8487557,20.9483999],[105.8488301,20.9480106],[105.8488391,20.9479287]]}},{"type":"Feature","properties":{"osm_id":98837093,"osm_type":"way","highway":"primary","lanes":"2","lit":"yes","motor_vehicle:conditional":"no @ (Aug 29 21:30-23:59; Aug 30 00:00-13:30; Sep 1 17:00-23:59; Sep 2 00:00-16:00)","name":"Đường Văn Cao","name:en":"Van Cao Road","name:id":"Jalan Van Cao","name:zh":"文高街","oneway":"yes","surface":"asphalt"},"geometry":{"type":"LineString","coordinates":[[105.8161021,21.0410852],[105.8159175,21.0404624],[105.8154305,21.0388913],[105.8152592,21.0383481],[105.8151441,21.0379425],[105.8150405,21.0375771],[105.8149064,21.0372027]]}},{"type":"Feature","properties":{"osm_id":158127762,"osm_type":"way","embankment":"yes","highway":"primary","lanes":"2","lit":"yes","name":"Đường Âu Cơ","name:en":"Au Co Road","name:ja":"アウコー通り","note":"Dùng thẻ 'embankment=yes' cho đường đê","oneway":"yes","surface":"asphalt"},"geometry":{"type":"LineString","coordinates":[[105.8256411,21.0729142],[105.8252457,21.0733903],[105.8249501,21.073636],[105.8245964,21.0739172],[105.8241923,21.074241],[105.8233392,21.0749332],[105.8225792,21.0755687]]}},{"type":"Feature","properties":{"osm_id":703971808,"osm_type":"way","highway":"tertiary","name":"Đường Bờ Sông Sét","name:en":"Bo Song Set Road","surface":"asphalt"},"geometry":{"type":"LineString","coordinates":[[105.845773,20.9792101],[105.8459719,20.9787073],[105.8463213,20.9782098],[105.8465874,20.9779121],[105.8470219,20.9775528],[105.8473746,20.9773875],[105.8477857,20.9771759],[105.8482499,20.9769441],[105.8486955,20.9767294],[105.848776,20.9767019]]}},{"type":"Feature","properties":{"osm_id":684496474,"osm_type":"way","highway":"tertiary","lanes":"2","name":"Ngõ 6 Phố Bùi Huy Bích","surface":"asphalt"},"geometry":{"type":"LineString","coordinates":[[105.8450459,20.9688247],[105.8458446,20.9688249],[105.8465246,20.9688251],[105.8472066,20.9688253],[105.8475647,20.9688254],[105.8482226,20.9688255],[105.8491044,20.9688257]]}},{"type":"Feature","properties":{"osm_id":36727135,"osm_type":"way","highway":"tertiary","lanes":"2","name":"Phố Hoa Lâm","name:en":"Hoa Lam Street","source":"AsiaGPS","surface":"asphalt"},"geometry":{"type":"LineString","coordinates":[[105.8960919,21.0560897],[105.8965949,21.0553716],[105.8968483,21.0549935],[105.8971175,21.0544712],[105.8973083,21.0540964],[105.8978233,21.0530914],[105.8981073,21.052578]]}},{"type":"Feature","properties":{"osm_id":1218234417,"osm_type":"way","highway":"tertiary","lit":"yes","name":"Park Street","oneway":"yes","surface":"asphalt"},"geometry":{"type":"LineString","coordinates":[[105.8013241,21.0784981],[105.8012022,21.0790142],[105.8010204,21.0797372],[105.8009229,21.080104],[105.8007524,21.0807367],[105.8006878,21.0812146],[105.8007066,21.0817721],[105.8007369,21.0821457],[105.8007702,21.0824706]]}},{"type":"Feature","properties":{"osm_id":883802909,"osm_type":"way","bridge":"yes","highway":"tertiary","lanes":"2","layer":"1","lit":"yes","name":"Cầu vượt Cầu Cốc","oneway":"yes","surface":"asphalt"},"geometry":{"type":"LineString","coordinates":[[105.7505962,21.0066073],[105.7502052,21.0065751],[105.7497295,21.0064359],[105.7493499,21.0063381],[105.7489321,21.0063151],[105.7483985,21.0064083],[105.7480436,21.0064911],[105.7474643,21.0066199],[105.7470539,21.0066993],[105.7466189,21.0067126]]}},{"type":"Feature","properties":{"osm_id":251613077,"osm_type":"way","highway":"secondary","lanes":"2","maxspeed":"50","name":"Đường Kim Giang","name:en":"Kim Giang Road","oneway":"yes","oneway:bicycle":"no","oneway:bus":"no","oneway:mofa":"no","oneway:moped":"no","oneway:motorcycle":"no","source":"grab_hanoi_2018_t5","surface":"asphalt"},"geometry":{"type":"LineString","coordinates":[[105.8124866,20.9601768],[105.8122003,20.9599493],[105.8119239,20.9597182],[105.8114071,20.9593009],[105.810996,20.9589544],[105.8105654,20.9583406],[105.8101505,20.957644],[105.8099662,20.9573345],[105.8098687,20.9571661]]}},{"type":"Feature","properties":{"osm_id":1292780147,"osm_type":"way","contributor":"GIS_OTS","hgv":"yes","highway":"tertiary","lanes":"2","lit":"yes","name":"Phố Trần Quốc Hoàn","name:en":"Tran Quoc Hoan Street","oneway":"no","sidewalk:both":"separate","surface":"asphalt"},"geometry":{"type":"LineString","coordinates":[[105.7904034,21.0416374],[105.7896483,21.0416383],[105.7889846,21.0416391],[105.7885519,21.0416396],[105.7877632,21.0416469],[105.7871534,21.0416426],[105.7867355,21.0416431],[105.7863706,21.0416423]]}},{"type":"Feature","properties":{"osm_id":29046492,"osm_type":"way","highway":"tertiary","lanes":"2","lit":"yes","name":"Phố Đặng Văn Ngữ","name:en":"Dang Van Ngu Street","oneway":"no","parking:both":"no","sidewalk:both":"separate","surface":"asphalt"},"geometry":{"type":"LineString","coordinates":[[105.8307524,21.0109727],[105.8309251,21.0105574],[105.8311112,21.0101008],[105.8313437,21.0095462],[105.8315328,21.0090824],[105.8317019,21.0086947],[105.8319822,21.0083554],[105.8322228,21.0080794],[105.8325515,21.0077279],[105.8327433,21.0075279]]}},{"type":"Feature","properties":{"osm_id":630082989,"osm_type":"way","highway":"tertiary","lanes":"2","lit":"yes","name":"Phố Đồng Me","surface":"asphalt"},"geometry":{"type":"LineString","coordinates":[[105.7785665,21.0102916],[105.7781774,21.0105063],[105.7775883,21.010933],[105.7772781,21.0111461],[105.7765835,21.0116461],[105.7762509,21.0118785],[105.775828,21.0121693],[105.7753507,21.0124848],[105.775242,21.0125596]]}},{"type":"Feature","properties":{"osm_id":675058195,"osm_type":"way","highway":"tertiary","name":"Phố Quảng Bá","name:ja":"クアンバー通り","surface":"asphalt"},"geometry":{"type":"LineString","coordinates":[[105.8198549,21.0641418],[105.8206186,21.0645321],[105.822225,21.0653827],[105.8226628,21.0656088],[105.8230294,21.0658086],[105.8234073,21.0660338]]}},{"type":"Feature","properties":{"osm_id":675212194,"osm_type":"way","highway":"tertiary","lanes":"2","name":"Phố Thịnh Liệt","name:en":"Thinh Liet Street","surface":"concrete"},"geometry":{"type":"LineString","coordinates":[[105.8454317,20.9739577],[105.8447239,20.9739593],[105.844339,20.9739668],[105.8439527,20.9739571],[105.8428996,20.9739757],[105.8423466,20.9739854],[105.8417303,20.9739879],[105.8414075,20.9739815]]}},{"type":"Feature","properties":{"osm_id":1422681918,"osm_type":"way","highway":"motorway","int_ref":"AH1","lanes":"3","lit":"yes","maxspeed":"90","maxspeed:lanes":"90|70|50","motorcycle":"yes","name":"Đường cao tốc Hà Nội - Bắc Giang","name:en":"Hanoi - Bac Giang Expressway","name:ko":"하노이 - 박장 고속도로","note:vi":"Quốc lộ 1 là tên chính thức của con đường này, theo Quyết định số 1454/QĐ-TTg ngày 1 tháng 9 năm 2021 của Thủ tướng Chính phủ Việt Nam. Đề nghị không sửa tên thành \"Quốc lộ 1A\".","oneway":"yes","ref":"CT.37;CT.01;QL.1","source":"GPS;Mapbox","surface":"asphalt","wikidata":"Q125019737","wikipedia":"vi:Đường cao tốc Hà Nội – Bắc Giang"},"geometry":{"type":"LineString","coordinates":[[105.9366443,21.0384211],[105.9356587,21.0370963],[105.9348976,21.036062],[105.9345095,21.0355169],[105.9342667,21.035176]]}},{"type":"Feature","properties":{"osm_id":1201416857,"osm_type":"way","embankment":"yes","highway":"primary","lanes":"2","name":"Đường Long Biên – Xuân Quan","name:en":"Long Bien – Xuan Quan Road","surface":"asphalt"},"geometry":{"type":"LineString","coordinates":[[105.8988926,21.0211746],[105.8984053,21.0212413],[105.8980469,21.0212074],[105.8973248,21.0212312],[105.8965851,21.0213188],[105.8959389,21.0214038],[105.895585,21.0214524],[105.8948998,21.021548]]}},{"type":"Feature","properties":{"osm_id":944100705,"osm_type":"way","highway":"secondary","lit":"yes","name":"Phố Trần Thủ Độ","surface":"asphalt"},"geometry":{"type":"LineString","coordinates":[[105.8450556,20.9653469],[105.8451629,20.9646672],[105.8454182,20.9634053],[105.8455033,20.9629387],[105.8456473,20.9622921],[105.8457586,20.9617262],[105.8458158,20.9614039]]}},{"type":"Feature","properties":{"osm_id":36727784,"osm_type":"way","highway":"tertiary","name":"Phố Trạm","name:en":"Tram Street","source":"AsiaGPS","surface":"asphalt"},"geometry":{"type":"LineString","coordinates":[[105.8916018,21.0271585],[105.8921762,21.0268792],[105.8929422,21.0265067],[105.893718,21.0261295],[105.8940942,21.0259466],[105.8944212,21.0257875],[105.8951327,21.0254419],[105.8952138,21.0254025]]}},{"type":"Feature","properties":{"osm_id":602001577,"osm_type":"way","highway":"primary","lanes":"2","lit":"yes","name":"Phố Trần Danh Tuyên","name:en":"Tran Danh Tuyen Street","oneway":"yes","surface":"asphalt"},"geometry":{"type":"LineString","coordinates":[[105.9104577,21.0462209],[105.910891,21.0454959],[105.9112033,21.0449066],[105.9116493,21.0441335],[105.9118584,21.0437851],[105.9120689,21.0434112],[105.9123526,21.0429099],[105.9124201,21.0427218]]}},{"type":"Feature","properties":{"osm_id":469660048,"osm_type":"way","highway":"primary","lanes":"3","lit":"yes","name":"Đường Đỗ Mười","name:en":"Do Muoi Road","oneway":"yes","surface":"asphalt"},"geometry":{"type":"LineString","coordinates":[[105.8803571,20.9717578],[105.879909,20.9711297],[105.8793459,20.9703407],[105.8789271,20.9697798],[105.8783899,20.9689858],[105.878084,20.9685802],[105.8780184,20.968495]]}},{"type":"Feature","properties":{"osm_id":701418687,"osm_type":"way","embankment":"yes","highway":"primary","lanes":"2","lit":"yes","name":"Đường Âu Cơ","name:en":"Au Co Road","note":"Dùng thẻ 'embankment=yes' cho đường đê","oneway":"yes","surface":"asphalt"},"geometry":{"type":"LineString","coordinates":[[105.8206169,21.0775016],[105.8198917,21.0785989],[105.8196495,21.0789408],[105.819413,21.0792647],[105.818475,21.0807271],[105.8184,21.0808476]]}},{"type":"Feature","properties":{"osm_id":1422681917,"osm_type":"way","highway":"motorway","int_ref":"AH1","lanes":"3","lit":"yes","maxspeed":"90","maxspeed:lanes":"90|70|50","motorcycle":"yes","name":"Đường cao tốc Hà Nội - Bắc Giang","name:en":"Hanoi - Bac Giang Expressway","name:ko":"하노이 - 박장 고속도로","note:vi":"Quốc lộ 1 là tên chính thức của con đường này, theo Quyết định số 1454/QĐ-TTg ngày 1 tháng 9 năm 2021 của Thủ tướng Chính phủ Việt Nam. Đề nghị không sửa tên thành \"Quốc lộ 1A\".","oneway":"yes","ref":"CT.37;CT.01;QL.1","source":"GPS;Mapbox","surface":"asphalt","wikidata":"Q125019737","wikipedia":"vi:Đường cao tốc Hà Nội – Bắc Giang"},"geometry":{"type":"LineString","coordinates":[[105.9344843,21.0350452],[105.9351089,21.0359227],[105.9358738,21.0369621],[105.9364524,21.0377185],[105.9368823,21.0382639]]}},{"type":"Feature","properties":{"osm_id":704479486,"osm_type":"way","highway":"primary","lanes":"2","lanes:motorcycle":"1","lit":"yes","motor_vehicle:conditional":"no @ (Aug 29 21:30-23:59; Aug 30 00:00-13:30; Sep 1 17:00-23:59; Sep 2 00:00-16:00)","motorcycle:lanes":"|designated","name":"Phố Kim Mã","name:en":"Kim Ma Street","name:ja":"キムマー通り","oneway":"yes","smoothness":"good","surface":"asphalt"},"geometry":{"type":"LineString","coordinates":[[105.8216837,21.0311603],[105.8221298,21.0312387],[105.822588,21.03132],[105.8229445,21.0313724],[105.8234225,21.0314398],[105.8238639,21.0314997],[105.8245147,21.0315869],[105.8249313,21.0316462],[105.8254108,21.0317228],[105.8256498,21.031761]]}},{"type":"Feature","properties":{"osm_id":223799968,"osm_type":"way","bicycle":"no","bridge":"yes","foot":"no","highway":"primary","horse":"no","lanes":"2","layer":"1","lit":"yes","name":"Cầu vượt An Dương","name:en":"An Duong Overpass","oneway":"no","overtaking":"no","surface":"asphalt"},"geometry":{"type":"LineString","coordinates":[[105.8387138,21.0521127],[105.8390299,21.0518211],[105.8396883,21.0512019],[105.8399758,21.0509059],[105.8401952,21.0505753],[105.8404637,21.0501892],[105.8407093,21.0499179],[105.8411236,21.0495234],[105.8414483,21.0492019]]}},{"type":"Feature","properties":{"osm_id":1483878841,"osm_type":"way","highway":"secondary","name":"Phố Nguyễn Cảnh Dị","name:en":"Nguyen Canh Di Street","note":"Unfinished, but asphalt has been laid, and locals can pass through. Might be blocked entry in the future","smoothness":"good","surface":"asphalt"},"geometry":{"type":"LineString","coordinates":[[105.8358355,20.9787669],[105.8357142,20.9796096],[105.8355198,20.9805316],[105.8354417,20.9809191],[105.8352844,20.9817008],[105.8351964,20.9821148],[105.8350721,20.9826993]]}},{"type":"Feature","properties":{"osm_id":156770493,"osm_type":"way","highway":"tertiary","lit":"yes","name":"Phố Nghĩa Đô","name:en":"Nghia Do Street","old_name":"Ngõ 100 Hoàng Quốc Việt","sidewalk":"both","surface":"asphalt"},"geometry":{"type":"LineString","coordinates":[[105.7955657,21.0462859],[105.7955672,21.0468781],[105.7955691,21.0475907],[105.7955714,21.048333],[105.7955722,21.0487894],[105.7955736,21.0493203],[105.7955746,21.0497287],[105.7955761,21.050289]]}},{"type":"Feature","properties":{"osm_id":896548811,"osm_type":"way","highway":"tertiary","lanes":"4","lanes:forward":"4","name":"Ngõ 727 Đường Tam Trinh","name:en":"Lane 727 Tam Trinh Road","surface":"asphalt"},"geometry":{"type":"LineString","coordinates":[[105.865872,20.9764162],[105.8662613,20.9764158],[105.866616,20.9764154],[105.8671582,20.9764149],[105.8675918,20.9764144],[105.8680601,20.976415],[105.8684691,20.9764135],[105.8688218,20.9764131],[105.869331,20.9764125],[105.869874,20.976412]]}},{"type":"Feature","properties":{"osm_id":613324910,"osm_type":"way","bicycle:lanes":"no|yes","highway":"primary","lanes":"2","lit":"yes","moped:lanes":"none|designated","motor_vehicle:lanes":"yes|none","motorcycle:lanes":"none|designated","name":"Đường Giải Phóng","name:en":"Giai Phong Road","oneway":"yes","sidewalk:left":"no","sidewalk:right":"separate","surface":"asphalt","width":"12"},"geometry":{"type":"LineString","coordinates":[[105.8411972,20.9855627],[105.8412101,20.9864429],[105.8412228,20.9872776],[105.8412329,20.9879976],[105.8412388,20.9883997],[105.8412558,20.9895631]]}},{"type":"Feature","properties":{"osm_id":602001575,"osm_type":"way","highway":"primary","lanes":"2","lit":"yes","name":"Phố Trần Danh Tuyên","name:en":"Tran Danh Tuyen Street","oneway":"yes","surface":"asphalt"},"geometry":{"type":"LineString","coordinates":[[105.9125992,21.04282],[105.9118856,21.0440888],[105.9106824,21.0461506],[105.9106052,21.0462827]]}},{"type":"Feature","properties":{"osm_id":602289117,"osm_type":"way","highway":"primary","lanes":"3","lit":"yes","name":"Phố Hồng Tiến","name:en":"Hong Tien Street","oneway":"yes","surface":"asphalt"},"geometry":{"type":"LineString","coordinates":[[105.8725618,21.0439789],[105.8729175,21.0433116],[105.8731735,21.0428547],[105.8733877,21.0424685],[105.8736079,21.0421419],[105.8740667,21.0413308],[105.8743195,21.0408523],[105.8745138,21.040495]]}},{"type":"Feature","properties":{"osm_id":1311958234,"osm_type":"way","highway":"secondary","lanes":"2","lit":"yes","name":"Đường Trương Định","name:en":"Truong Dinh Road","sidewalk":"separate","surface":"asphalt"},"geometry":{"type":"LineString","coordinates":[[105.8469413,20.9876115],[105.8467486,20.9867321],[105.8466215,20.9862776],[105.8465222,20.9858698],[105.8464287,20.9854863],[105.8462731,20.9848896],[105.846156,20.9843527],[105.8460488,20.9838267],[105.8460323,20.9837287]]}},{"type":"Feature","properties":{"osm_id":157394825,"osm_type":"way","highway":"secondary","lanes":"3","lit":"yes","name":"Phố Trần Thái Tông","oneway":"yes","surface":"asphalt"},"geometry":{"type":"LineString","coordinates":[[105.7890019,21.0344375],[105.7888159,21.0336818],[105.7887156,21.0332711],[105.7883994,21.0319653],[105.7880541,21.0305666]]}},{"type":"Feature","properties":{"osm_id":136184189,"osm_type":"way","highway":"tertiary","lit":"yes","name":"Main Street","oneway":"yes","surface":"asphalt"},"geometry":{"type":"LineString","coordinates":[[105.8043494,21.0736659],[105.802636,21.0742715],[105.8022181,21.0744315],[105.8010794,21.0748691],[105.80074,21.0749973],[105.8006421,21.0750893]]}},{"type":"Feature","properties":{"osm_id":711047894,"osm_type":"way","embankment":"yes","highway":"primary","lanes":"3","lit":"yes","maxweight":"3.5","name":"Đường Nguyễn Khoái","name:en":"Nguyen Khoai Road","oneway":"yes","smoothness":"good","surface":"asphalt"},"geometry":{"type":"LineString","coordinates":[[105.8688025,21.0058105],[105.8661058,21.0085792],[105.8660269,21.0086617]]}},{"type":"Feature","properties":{"osm_id":37876499,"osm_type":"way","highway":"primary","lanes":"3","lit":"yes","name":"Đường Lê Văn Lương","name:en":"Le Van Luong Road","oneway":"yes","surface":"asphalt"},"geometry":{"type":"LineString","coordinates":[[105.8093255,21.0087365],[105.8090381,21.0084379],[105.8085143,21.0080851],[105.8079902,21.0077306],[105.807069,21.0070881],[105.8067003,21.0068397],[105.8061012,21.006419]]}},{"type":"Feature","properties":{"osm_id":761986877,"osm_type":"way","highway":"tertiary","lit":"yes","name":"Đường Biển Hồ","oneway":"yes","surface":"asphalt"},"geometry":{"type":"LineString","coordinates":[[105.9433692,20.9997864],[105.9445052,20.9983374],[105.944722,20.998061],[105.9449357,20.9977573],[105.9450318,20.9973584],[105.9449927,20.9968592],[105.9449969,20.9964893],[105.9450215,20.9963691]]}},{"type":"Feature","properties":{"osm_id":384534309,"osm_type":"way","alt_name":"Quốc lộ 5B","alt_name:en":"National Highway 5B","alt_ref":"QL.5B","embankment":"yes","highway":"motorway","lanes":"3","lit":"no","maxspeed":"120","name":"Đường cao tốc Hà Nội – Hải Phòng","name:en":"Hanoi – Haiphong Expressway","oneway":"yes","ref":"CT.04","surface":"asphalt"},"geometry":{"type":"LineString","coordinates":[[105.9492528,20.9743986],[105.951139,20.9709137]]}},{"type":"Feature","properties":{"osm_id":316013432,"osm_type":"way","highway":"tertiary","lit":"yes","name":"Main Street","oneway":"yes","surface":"asphalt"},"geometry":{"type":"LineString","coordinates":[[105.8005614,21.0748801],[105.8013589,21.0746068],[105.8020869,21.0743281],[105.802545,21.0741548],[105.8031264,21.0739294],[105.8040866,21.0735572],[105.8042582,21.0734692]]}},{"type":"Feature","properties":{"osm_id":1361646383,"osm_type":"way","highway":"motorway","lanes":"2","lit":"yes","maxspeed":"80","moped":"no","motorcycle":"no","name":"Đường cao tốc Vành đai 3 TP. Hà Nội","name:en":"Ring Road 3 Expressway (Hanoi)","oneway":"yes","ref":"CT.37","surface":"asphalt"},"geometry":{"type":"LineString","coordinates":[[105.7803283,21.0355687],[105.7802247,21.0349242],[105.7800485,21.0339301],[105.7799423,21.0333469],[105.7796563,21.0316677]]}},{"type":"Feature","properties":{"osm_id":136176015,"osm_type":"way","alt_name":"Đường Vành đai 2.5","alt_name:en":"Ring Road 2.5","highway":"primary","lanes":"3","lit":"yes","name":"Phố Tân Mai","name:en":"Tan Mai Street","oneway":"yes","sidewalk":"separate","surface":"asphalt"},"geometry":{"type":"LineString","coordinates":[[105.8539841,20.9834591],[105.8544381,20.9834598],[105.8552669,20.9834628],[105.8563647,20.9834667],[105.8567313,20.983468],[105.8576513,20.9834712],[105.8579351,20.9834723]]}},{"type":"Feature","properties":{"osm_id":1361646384,"osm_type":"way","highway":"motorway","lanes":"2","lit":"yes","maxspeed":"80","moped":"no","motorcycle":"no","name":"Đường cao tốc Vành đai 3 TP. Hà Nội","name:en":"Ring Road 3 Expressway (Hanoi)","oneway":"yes","ref":"CT.37","surface":"asphalt"},"geometry":{"type":"LineString","coordinates":[[105.7798275,21.0316428],[105.7801119,21.0333136],[105.7802199,21.0339061],[105.7803962,21.034901],[105.780498,21.0355356]]}},{"type":"Feature","properties":{"osm_id":711101759,"osm_type":"way","highway":"primary","lanes":"4","lit":"yes","maxspeed":"60","name":"Phố Ô Chợ Dừa","name:en":"O Cho Dua Street","oneway":"yes","surface":"asphalt"},"geometry":{"type":"LineString","coordinates":[[105.8292097,21.0188568],[105.8287275,21.0191596],[105.8277795,21.0197225],[105.8272849,21.019967],[105.8261973,21.0205938],[105.8258022,21.0208473]]}},{"type":"Feature","properties":{"osm_id":116433532,"osm_type":"way","highway":"secondary","lanes":"5","lit":"yes","name":"Đường Lê Quang Đạo","oneway":"yes","surface":"asphalt"},"geometry":{"type":"LineString","coordinates":[[105.7737377,21.004903],[105.773863,21.0057251],[105.7740116,21.0066181],[105.7741559,21.007545],[105.7741451,21.0080871],[105.7740673,21.008497],[105.7739569,21.0087894]]}},{"type":"Feature","properties":{"osm_id":1131469493,"osm_type":"way","highway":"secondary","lanes":"3","lit":"yes","name":"Phố Trần Thái Tông","oneway":"yes","smoothness":"good","surface":"asphalt"},"geometry":{"type":"LineString","coordinates":[[105.7882125,21.0305697],[105.7884667,21.0316467],[105.7888106,21.033061],[105.7888844,21.0334186],[105.7891059,21.034337],[105.7891261,21.0344081]]}},{"type":"Feature","properties":{"osm_id":11002018,"osm_type":"way","highway":"tertiary","lanes":"2","name":"Phố Hoàng Minh Đạo","name:en":"Hoang Minh Dao Street","surface":"asphalt"},"geometry":{"type":"LineString","coordinates":[[105.8785976,21.0397659],[105.8790425,21.0401919],[105.8793515,21.0405039],[105.8799347,21.041041],[105.8802944,21.0413863],[105.8808908,21.0419487],[105.8812479,21.0422854],[105.8814538,21.0424796]]}},{"type":"Feature","properties":{"osm_id":445318933,"osm_type":"way","highway":"tertiary","lanes":"2","lit":"yes","name":"Phố Vũ Ngọc Phan","name:en":"Vu Ngoc Phan Street","oneway":"yes","oneway:bicycle":"no","oneway:mofa":"no","oneway:moped":"no","oneway:motorcycle":"no","source":"grab_hanoi_2018_t3","surface":"asphalt"},"geometry":{"type":"LineString","coordinates":[[105.8092376,21.0151535],[105.8095039,21.0149218],[105.8101611,21.0145266],[105.810533,21.0143125],[105.8110409,21.0140305],[105.811673,21.0136704],[105.8121243,21.013407],[105.8125401,21.0131669],[105.8126081,21.0131278]]}},{"type":"Feature","properties":{"osm_id":1177226280,"osm_type":"way","highway":"secondary","lanes":"2","maxspeed":"60","name":"Đường Lê Xá","name:en":"Le Xa Road","oneway":"yes","sidewalk":"right","surface":"asphalt"},"geometry":{"type":"LineString","coordinates":[[105.9304077,20.9957695],[105.9308386,20.9958977],[105.9313992,20.9959582],[105.931803,20.9958996],[105.9331484,20.9949664],[105.9338396,20.9944296]]}},{"type":"Feature","properties":{"osm_id":709000424,"osm_type":"way","highway":"tertiary","lanes":"2","lit":"yes","name":"Phố Đỗ Xuân Hợp","name:en":"Do Xuan Hop Street","oneway":"yes","surface":"asphalt"},"geometry":{"type":"LineString","coordinates":[[105.7627482,21.0250865],[105.7636561,21.0276739],[105.7640536,21.0287942]]}},{"type":"Feature","properties":{"osm_id":703521538,"osm_type":"way","highway":"secondary","lanes":"3","lit":"yes","name":"Phố Nguyễn Hoàng","oneway":"yes","surface":"asphalt"},"geometry":{"type":"LineString","coordinates":[[105.7790882,21.0288921],[105.7784065,21.0289936],[105.7775479,21.0291169],[105.7770177,21.0291889],[105.7764543,21.0292895],[105.7760907,21.0294159],[105.7756596,21.0296905],[105.775385,21.0299339]]}},{"type":"Feature","properties":{"osm_id":1233467540,"osm_type":"way","highway":"primary","lanes":"3","lit":"yes","name":"Phố Hồng Tiến","name:en":"Hong Tien Street","oneway":"yes","surface":"asphalt"},"geometry":{"type":"LineString","coordinates":[[105.8748541,21.0401655],[105.8744315,21.0409648],[105.8742249,21.0413646],[105.8740143,21.0417488],[105.8737601,21.0422128],[105.8734192,21.0428347],[105.8729928,21.0436206]]}},{"type":"Feature","properties":{"osm_id":37802532,"osm_type":"way","highway":"tertiary","lanes":"2","name":"Phố Định Công","name:en":"Dinh Cong Street","surface":"asphalt"},"geometry":{"type":"LineString","coordinates":[[105.8373621,20.9837989],[105.8378137,20.9840094],[105.838178,20.9841902],[105.8385429,20.98437],[105.8390023,20.9845697],[105.8394909,20.9847883],[105.8400532,20.9850303],[105.8405943,20.9852604],[105.840944,20.9853981]]}},{"type":"Feature","properties":{"osm_id":1506408947,"osm_type":"way","contributor":"GIS_OTS","hgv":"yes","highway":"secondary","lanes":"3","lit":"yes","name":"Đường Hoàng Quốc Việt","name:en":"Hoang Quoc Viet Road","oneway":"yes","smoothness":"good","surface":"asphalt"},"geometry":{"type":"LineString","coordinates":[[105.7902893,21.046245],[105.7893589,21.0462513],[105.7889898,21.04625],[105.7882472,21.0462535],[105.7876895,21.0462534],[105.7872459,21.0462567],[105.7867439,21.0462581],[105.7863676,21.0462624]]}},{"type":"Feature","properties":{"osm_id":399579365,"osm_type":"way","highway":"tertiary","lanes":"2","name":"Phố Phúc Tân","name:en":"Phuc Tan Street","name:zh":"福新街","surface":"asphalt"},"geometry":{"type":"LineString","coordinates":[[105.855808,21.0348872],[105.8560534,21.0343986],[105.8562604,21.0339769],[105.8565004,21.033561],[105.8575283,21.0328617],[105.857898,21.0326248],[105.8583561,21.0320441]]}},{"type":"Feature","properties":{"osm_id":881946997,"osm_type":"way","highway":"motorway","lanes":"2","lit":"yes","maxspeed":"80","motorcycle":"yes","name":"Quốc lộ 1","name:en":"National Route 1","note:vi":"Quốc lộ 1 là tên chính thức của con đường này, theo Quyết định số 1454/QĐ-TTg ngày 1 tháng 9 năm 2021 của Thủ tướng Chính phủ Việt Nam. Đề nghị không sửa tên thành \"Quốc lộ 1A\".","oneway":"yes","ref":"CT.01;CT.37;QL.1","surface":"asphalt","wikidata":"Q1372266","wikipedia":"vi:Quốc lộ 1"},"geometry":{"type":"LineString","coordinates":[[105.9148568,21.00823],[105.915867,21.0094428],[105.9164343,21.0102118],[105.9168116,21.0107136],[105.9170783,21.0110763],[105.9172587,21.0113233]]}},{"type":"Feature","properties":{"osm_id":602349624,"osm_type":"way","highway":"tertiary","lanes":"2","maxspeed":"50","name":"Phố Hoàng Minh Đạo","name:en":"Hoang Minh Dao Street","surface":"asphalt"},"geometry":{"type":"LineString","coordinates":[[105.8857506,21.0474245],[105.8853358,21.046796],[105.88515,21.0464531],[105.8849588,21.0460845],[105.8847639,21.0456991],[105.8845733,21.0453785],[105.8843043,21.0451253],[105.8837026,21.0445657],[105.883444,21.0443159]]}},{"type":"Feature","properties":{"osm_id":896572146,"osm_type":"way","highway":"tertiary","lit":"yes","name":"Đường Biển Hồ","oneway":"yes","surface":"asphalt"},"geometry":{"type":"LineString","coordinates":[[105.9451135,20.9963818],[105.9450709,20.9967382],[105.9451117,20.9972019],[105.9450866,20.9975995],[105.9449348,20.9979395],[105.94469,20.9982547],[105.9441362,20.998961],[105.9436597,20.9995688],[105.9435057,20.9997652]]}},{"type":"Feature","properties":{"osm_id":705793940,"osm_type":"way","highway":"primary","lanes":"3","lit":"yes","name":"Phố Đoàn Khuê","name:en":"Doan Khue Street","oneway":"yes","surface":"asphalt","turn:lanes":"left;through|through|through;right"},"geometry":{"type":"LineString","coordinates":[[105.9017665,21.0615188],[105.9019655,21.0611992],[105.9036569,21.0582136],[105.903704,21.0581304]]}},{"type":"Feature","properties":{"osm_id":1448008480,"osm_type":"way","highway":"tertiary","name":"Đường Thành Phố 1"},"geometry":{"type":"LineString","coordinates":[[105.8545583,21.1011861],[105.8535815,21.1004488],[105.8521538,21.0993698],[105.8519717,21.0989995],[105.8518914,21.0985855],[105.8518814,21.0985334]]}},{"type":"Feature","properties":{"osm_id":708966561,"osm_type":"way","highway":"primary","lit":"yes","name":"Đại lộ Thăng Long","name:en":"Thang Long Avenue","oneway":"yes","surface":"asphalt"},"geometry":{"type":"LineString","coordinates":[[105.7500733,21.0094849],[105.7487674,21.0096964],[105.7476141,21.009791],[105.747211,21.009824],[105.7463902,21.0098806],[105.7462023,21.0098904]]}},{"type":"Feature","properties":{"osm_id":1012665669,"osm_type":"way","highway":"secondary","lanes":"3","lit":"yes","maxspeed":"50","name":"Phố Trung Kính","name:en":"Trung Kinh Street","oneway":"yes","surface":"asphalt"},"geometry":{"type":"LineString","coordinates":[[105.7903307,21.0226936],[105.7908898,21.0217442],[105.7911177,21.0213666],[105.7918977,21.0200698],[105.7922545,21.0195113],[105.7923489,21.0193635]]}},{"type":"Feature","properties":{"osm_id":885744708,"osm_type":"way","highway":"tertiary","lanes":"4","lanes:backward":"2","lanes:forward":"2","lit":"yes","name":"Phố Vũ Phạm Hàm","name:en":"Vu Pham Ham Street","oneway":"no","sidewalk:both":"separate","smoothness":"good","surface":"asphalt"},"geometry":{"type":"LineString","coordinates":[[105.7959433,21.014461],[105.7963941,21.0147638],[105.7967651,21.0150253],[105.79712,21.0152722],[105.7974226,21.015524],[105.797721,21.0158401],[105.797967,21.0162469],[105.7982259,21.0168721],[105.7983806,21.0173283]]}},{"type":"Feature","properties":{"osm_id":1134092453,"osm_type":"way","highway":"tertiary","name":"Đường Đặng Xá 2","surface":"asphalt"},"geometry":{"type":"LineString","coordinates":[[105.948818,21.0147231],[105.9508677,21.0132069],[105.9519463,21.0124091]]}},{"type":"Feature","properties":{"osm_id":480686890,"osm_type":"way","highway":"tertiary","name":"Phố Nam Dư","name:en":"Nam Du Street","surface":"asphalt"},"geometry":{"type":"LineString","coordinates":[[105.8864549,20.9800194],[105.8864367,20.9796627],[105.8863116,20.9790788],[105.8862494,20.9786619],[105.8861029,20.9781376],[105.8860052,20.9777068],[105.8859161,20.9773457],[105.8858021,20.9768171],[105.8857157,20.9764386],[105.8856802,20.9762141]]}},{"type":"Feature","properties":{"osm_id":1094428084,"osm_type":"way","bicycle":"no","foot":"no","highway":"primary","horse":"no","lanes":"2","lit":"yes","motorcycle":"no","name":"Đường Phạm Văn Đồng","name:en":"Pham Van Dong Road","name:vi":"Đường Phạm Văn Đồng","oneway":"yes","surface":"asphalt"},"geometry":{"type":"LineString","coordinates":[[105.7822674,21.0552068],[105.7824616,21.0560868],[105.7825837,21.0565908],[105.7827345,21.0572287],[105.7831228,21.0587891],[105.7832245,21.0589547]]}},{"type":"Feature","properties":{"osm_id":703952679,"osm_type":"way","highway":"secondary","lanes":"3","lit":"yes","name":"Phố Hội Xá","name:en":"Hoi Xa Street","oneway":"yes","surface":"asphalt"},"geometry":{"type":"LineString","coordinates":[[105.9197803,21.0470626],[105.9180225,21.0501506],[105.9178627,21.0504312]]}},{"type":"Feature","properties":{"osm_id":184919490,"osm_type":"way","highway":"secondary","lanes":"2","lit":"yes","name":"Phố Trần Đăng Ninh","name:en":"Tran Dang Ninh Street","oneway":"yes","surface":"asphalt"},"geometry":{"type":"LineString","coordinates":[[105.7935993,21.0378675],[105.7931787,21.0381981],[105.7928294,21.0384859],[105.7923678,21.0388545],[105.7920376,21.0391304],[105.7917392,21.0393613],[105.7912991,21.0397031],[105.7906901,21.0401718],[105.7905613,21.040271]]}},{"type":"Feature","properties":{"osm_id":708932478,"osm_type":"way","highway":"tertiary","lanes":"2","name":"Phố Nguyễn Khuyến","oneway":"yes","surface":"asphalt"},"geometry":{"type":"LineString","coordinates":[[105.7918287,20.9702128],[105.7915524,20.97058],[105.7910677,20.9712325],[105.7907232,20.9717081],[105.7905542,20.9723017],[105.7901584,20.9734479],[105.7900988,20.9736181]]}},{"type":"Feature","properties":{"osm_id":706753162,"osm_type":"way","embankment":"yes","highway":"primary","lanes":"2","name":"Đường Ngọc Thụy","name:en":"Ngoc Thuy Road","oneway":"no","surface":"asphalt"},"geometry":{"type":"LineString","coordinates":[[105.8648193,21.0581746],[105.8642663,21.0589429],[105.8636552,21.0598168],[105.8626373,21.0612859],[105.8625979,21.061343]]}},{"type":"Feature","properties":{"osm_id":10232151,"osm_type":"way","highway":"primary","lanes":"4","lit":"yes","motor_vehicle:conditional":"no @ (Aug 29 21:30-23:59; Aug 30 00:00-13:30; Sep 1 17:00-23:59; Sep 2 00:00-16:00)","name":"Đường Trần Quang Khải","name:en":"Tran Quang Khai Road","name:zh":"陈光启路","oneway":"yes","surface":"asphalt"},"geometry":{"type":"LineString","coordinates":[[105.8559243,21.0326476],[105.8564172,21.0315626],[105.8567475,21.030865],[105.857199,21.0298779],[105.8573854,21.0294855],[105.857538,21.0291314]]}},{"type":"Feature","properties":{"osm_id":777614206,"osm_type":"way","highway":"tertiary","lit":"yes","name":"Đường 70 mới","oneway":"yes","surface":"asphalt"},"geometry":{"type":"LineString","coordinates":[[105.7488987,20.9903631],[105.7495115,20.9905682],[105.7505793,20.9909257],[105.7509394,20.9910462],[105.7516861,20.9912649],[105.7525782,20.9915552]]}},{"type":"Feature","properties":{"osm_id":407986630,"osm_type":"way","highway":"secondary","lanes":"2","lit":"yes","name":"Phố Hàm Nghi","oneway":"yes","surface":"asphalt"},"geometry":{"type":"LineString","coordinates":[[105.7618848,21.0357586],[105.7625817,21.0355359],[105.7636585,21.0351781],[105.7649063,21.0347834],[105.7655659,21.0345714]]}},{"type":"Feature","properties":{"osm_id":492297098,"osm_type":"way","bridge":"yes","bridge:name":"Cầu vượt Nút giao Cầu Giấy","foot":"no","highway":"trunk","lanes":"2","layer":"1","lit":"yes","maxheight":"4.5","maxspeed:motorcar":"80","maxweight:signed":"no","name":"Cầu vượt Nút giao Cầu Giấy","name:en":"Cau Giay Intersection Overpass","oneway":"yes","sidewalk":"no","surface":"asphalt"},"geometry":{"type":"LineString","coordinates":[[105.8027208,21.0311809],[105.8015923,21.0299211],[105.801086,21.029394],[105.8001171,21.0283234]]}},{"type":"Feature","properties":{"osm_id":838419184,"osm_type":"way","highway":"tertiary","lit":"yes","name":"Phố Tạ Quang Bửu","name:en":"Ta Quang Buu Street","surface":"asphalt"},"geometry":{"type":"LineString","coordinates":[[105.8480271,21.0032149],[105.8484352,21.0027955],[105.8489236,21.002297],[105.849349,21.0018796],[105.8494024,21.001531],[105.8495372,21.00108],[105.8498256,21.0008105],[105.8504604,21.0006509],[105.8505715,21.0006347]]}},{"type":"Feature","properties":{"osm_id":492297097,"osm_type":"way","bridge":"yes","bridge:name":"Cầu vượt Nút giao Cầu Giấy","foot":"no","highway":"trunk","lanes":"2","layer":"1","lit":"yes","maxheight":"4.5","maxspeed:motorcar":"80","maxweight:signed":"no","name":"Cầu vượt Nút giao Cầu Giấy","name:en":"Cau Giay Intersection Overpass","oneway":"yes","sidewalk":"no","surface":"asphalt"},"geometry":{"type":"LineString","coordinates":[[105.8001945,21.0282711],[105.800454,21.0285609],[105.8016875,21.0298855],[105.8021177,21.030374],[105.8027963,21.031127]]}},{"type":"Feature","properties":{"osm_id":1426200126,"osm_type":"way","highway":"trunk","lanes":"2","lit":"yes","maxspeed":"80","name":"Đường Trường Sa","name:en":"Truong Sa Road","oneway":"yes","ref":"QL.5","surface":"asphalt"},"geometry":{"type":"LineString","coordinates":[[105.8656311,21.0892142],[105.8652823,21.0897407],[105.8648076,21.0902613],[105.8637738,21.0913732],[105.8634001,21.0917839],[105.8630295,21.0920417]]}},{"type":"Feature","properties":{"osm_id":711028668,"osm_type":"way","highway":"primary","lanes":"4","lit":"yes","name":"Đường Trần Khát Chân","name:en":"Tran Khat Chan Road","name:zh":"陈渴真路","oneway":"yes","surface":"asphalt"},"geometry":{"type":"LineString","coordinates":[[105.8585379,21.0092217],[105.8579863,21.0092114],[105.8575716,21.0092147],[105.8572216,21.0092171],[105.8561553,21.0092517],[105.8557658,21.0092309],[105.8551041,21.0091312],[105.8546974,21.009046]]}},{"type":"Feature","properties":{"osm_id":464488491,"osm_type":"way","bridge":"yes","highway":"tertiary","lanes":"2","layer":"1","lit":"yes","maxweight:signed":"no","name":"Cầu vượt Hoàng Minh Giám - Nguyễn Chánh","name:en":"Hoang Minh Giam - Nguyen Chanh Overpass","surface":"asphalt"},"geometry":{"type":"LineString","coordinates":[[105.7970209,21.0062229],[105.7963514,21.0070593],[105.7960264,21.0074629],[105.7957328,21.0078364],[105.7954069,21.0082153],[105.7951256,21.0085438],[105.7948314,21.0088727],[105.7945565,21.00919]]}},{"type":"Feature","properties":{"osm_id":1184211734,"osm_type":"way","highway":"primary","lanes":"3","lit":"yes","name":"Đường Cổ Linh","name:en":"Co Linh Road","oneway":"yes","smoothness":"good","surface":"asphalt"},"geometry":{"type":"LineString","coordinates":[[105.9040044,21.0236665],[105.9030617,21.0241099],[105.902466,21.0243924],[105.9005192,21.0253155]]}},{"type":"Feature","properties":{"osm_id":1240127122,"osm_type":"way","highway":"secondary","lanes":"3","lit":"yes","name":"Phố Hoàng Cầu","name:en":"Hoang Cau Street","oneway":"yes","surface":"asphalt"},"geometry":{"type":"LineString","coordinates":[[105.8251233,21.0198656],[105.8249301,21.0194954],[105.8247558,21.0191646],[105.8245384,21.0187625],[105.8243228,21.0183481],[105.8241401,21.0179988],[105.8239134,21.0175679],[105.8235086,21.0168221],[105.8232619,21.0165588],[105.8232227,21.0165348]]}},{"type":"Feature","properties":{"osm_id":914299061,"osm_type":"way","highway":"primary","lanes":"3","lit":"yes","maxspeed:type":"VN:urban","name":"Đường Cổ Linh","name:en":"Co Linh Road","oneway":"yes","sidewalk":"right","sidewalk:right:surface":"paving_stones","smoothness":"excellent","surface":"asphalt"},"geometry":{"type":"LineString","coordinates":[[105.9129871,21.0178197],[105.9132991,21.0175115],[105.9135359,21.0172514],[105.9139361,21.0168666],[105.9144224,21.0163301],[105.9153801,21.015146],[105.9155336,21.0149401]]}},{"type":"Feature","properties":{"osm_id":221158909,"osm_type":"way","contributor":"GIS_OTS","hgv":"yes","highway":"secondary","lanes":"3","lit":"yes","name":"Đường Nguyễn Phong Sắc","name:en":"Nguyen Phong Sac Road","oneway":"yes","sidewalk:left":"no","sidewalk:right":"separate","surface":"asphalt"},"geometry":{"type":"LineString","coordinates":[[105.7904295,21.0401321],[105.7904322,21.0396836],[105.7904221,21.0390236],[105.7903783,21.0385813],[105.7902615,21.0380986],[105.7900499,21.0372736],[105.7899647,21.0368779],[105.7896511,21.0364347]]}},{"type":"Feature","properties":{"osm_id":497400856,"osm_type":"way","bridge":"yes","highway":"primary","lanes":"2","layer":"1","lit":"yes","name":"Cầu vượt Cổ Linh","name:en":"Co Linh Overpass","oneway":"no","surface":"asphalt"},"geometry":{"type":"LineString","coordinates":[[105.8946234,21.0276128],[105.8953513,21.0274161],[105.8959653,21.027244],[105.8964105,21.0271026],[105.8967628,21.0269653],[105.8971336,21.0268069],[105.898224,21.0262886]]}},{"type":"Feature","properties":{"osm_id":384534322,"osm_type":"way","highway":"primary","lanes":"3","lit":"yes","maxspeed:type":"VN:urban","name":"Đường Cổ Linh","name:en":"Co Linh Road","oneway":"yes","sidewalk":"right","sidewalk:right:surface":"paving_stones","smoothness":"excellent","surface":"asphalt"},"geometry":{"type":"LineString","coordinates":[[105.9104595,21.0203667],[105.9100434,21.0207517],[105.9094265,21.0213075],[105.9089283,21.0217718],[105.9085456,21.0220284],[105.9080765,21.0222385],[105.9073065,21.0224305]]}},{"type":"Feature","properties":{"osm_id":1426200139,"osm_type":"way","highway":"trunk","lanes":"2","lit":"yes","maxspeed":"80","name":"Đường Trường Sa","name:en":"Truong Sa Road","oneway":"yes","ref":"QL.5","surface":"asphalt"},"geometry":{"type":"LineString","coordinates":[[105.8576333,21.0979438],[105.8571521,21.0985787],[105.8563916,21.0994105],[105.8560688,21.0997908],[105.8552958,21.1007603],[105.8551468,21.1008644]]}},{"type":"Feature","properties":{"osm_id":709676994,"osm_type":"way","bus:lanes":"designated|yes|yes","highway":"primary","lanes":"3","lanes:bus":"1","lit":"yes","moped:lanes":"no|yes|yes","motor_vehicle:lanes":"no|yes|yes","motorcycle:lanes":"no|yes|yes","name":"Phố Nguyễn Thanh Bình","oneway":"yes","surface":"asphalt"},"geometry":{"type":"LineString","coordinates":[[105.7613344,20.9759872],[105.7607409,20.9755314],[105.7591078,20.9742325],[105.7585839,20.9738199],[105.7583066,20.9736201]]}},{"type":"Feature","properties":{"osm_id":1106273039,"osm_type":"way","highway":"tertiary","name":"Đường Bờ Sông Sét","name:en":"Bo Song Set Road","surface":"asphalt"},"geometry":{"type":"LineString","coordinates":[[105.8498344,20.9759461],[105.8500409,20.9755169],[105.8501819,20.9751506],[105.8504195,20.9748029],[105.8508268,20.9746175],[105.8512712,20.9744457],[105.8517227,20.9741127],[105.851926,20.9737966],[105.8522332,20.9733408],[105.8523147,20.9732238]]}},{"type":"Feature","properties":{"osm_id":125837698,"osm_type":"way","highway":"motorway","lanes":"3","lit":"yes","maxspeed":"80","motorcycle":"yes","name":"Quốc lộ 1","name:en":"National Route 1","note:vi":"Quốc lộ 1 là tên chính thức của con đường này, theo Quyết định số 1454/QĐ-TTg ngày 1 tháng 9 năm 2021 của Thủ tướng Chính phủ Việt Nam. Đề nghị không sửa tên thành \"Quốc lộ 1A\".","oneway":"yes","ref":"CT.01;CT.37;QL.1","surface":"asphalt","wikidata":"Q1372266","wikipedia":"vi:Quốc lộ 1"},"geometry":{"type":"LineString","coordinates":[[105.9255156,21.0202766],[105.9252345,21.0200639],[105.9228815,21.0182924],[105.9224807,21.017926]]}},{"type":"Feature","properties":{"osm_id":11839377,"osm_type":"way","highway":"tertiary","lanes":"2","lit":"yes","name":"Phố Đặng Tiến Đông","name:en":"Dang Tien Dong Street","surface":"asphalt"},"geometry":{"type":"LineString","coordinates":[[105.8250728,21.0106684],[105.8244837,21.0113735],[105.8239175,21.0119573],[105.8234373,21.0124676],[105.822827,21.0131538],[105.8225238,21.0135345]]}},{"type":"Feature","properties":{"osm_id":597660941,"osm_type":"way","highway":"tertiary","name":"Đường Tam Hiệp"},"geometry":{"type":"LineString","coordinates":[[105.8328024,20.9503117],[105.8333631,20.9505774],[105.8337544,20.9507116],[105.8341264,20.9507973],[105.8349252,20.9509571],[105.8353146,20.9509953],[105.8363878,20.9511128],[105.8365227,20.9511187]]}},{"type":"Feature","properties":{"osm_id":483022374,"osm_type":"way","foot":"yes","highway":"secondary","lanes":"2","lit":"yes","name":"Phố Quán Thánh","name:en":"Quan Thanh Street","name:id":"Jalan Quan Thanh","name:ja":"クアンタイン通り","name:zh":"馆圣街","oneway":"yes","surface":"asphalt"},"geometry":{"type":"LineString","coordinates":[[105.840151,21.0428157],[105.8395571,21.0428143],[105.8385432,21.0427821],[105.8381075,21.0427651],[105.8377536,21.042756],[105.836316,21.042721]]}},{"type":"Feature","properties":{"osm_id":600141974,"osm_type":"way","highway":"tertiary","name":"Phố Hà Trì","name:en":"Ha Tri Street","surface":"asphalt"},"geometry":{"type":"LineString","coordinates":[[105.7790698,20.9651883],[105.7784432,20.9648385],[105.778122,20.9646056],[105.7777562,20.9643216],[105.7774291,20.9640348],[105.7766453,20.9634151],[105.7759998,20.9629082]]}},{"type":"Feature","properties":{"osm_id":1010127289,"osm_type":"way","highway":"tertiary","lanes":"3","lit":"yes","name":"Đường Đại Việt","oneway":"yes","smoothness":"excellent","surface":"asphalt"},"geometry":{"type":"LineString","coordinates":[[105.7543068,21.0051532],[105.7528465,21.0057681],[105.7518003,21.0062072],[105.7514387,21.006359],[105.7511171,21.0065037],[105.7507648,21.0066004]]}},{"type":"Feature","properties":{"osm_id":912799431,"osm_type":"way","highway":"tertiary","motorcar":"yes","motorcycle":"yes","name":"Phố Hà Văn Chúc","surface":"asphalt"},"geometry":{"type":"LineString","coordinates":[[105.9192504,21.0325116],[105.9195021,21.0327907],[105.9218131,21.0353536]]}},{"type":"Feature","properties":{"osm_id":498615701,"osm_type":"way","highway":"primary","lanes":"3","lit":"yes","loc_name":"Quốc lộ 1A cũ","name":"Đường Nguyễn Văn Cừ","name:en":"Nguyen Van Cu Road","oneway":"yes","surface":"asphalt"},"geometry":{"type":"LineString","coordinates":[[105.8847396,21.0507516],[105.8856983,21.0520184],[105.8859916,21.0523872],[105.8862187,21.0526623],[105.8864888,21.0530158],[105.8867631,21.0533587],[105.8870167,21.0536803],[105.8870887,21.0537712]]}},{"type":"Feature","properties":{"osm_id":28486673,"osm_type":"way","highway":"tertiary","lanes":"2","name":"Phố Hoàng Thế Thiện","name:en":"Hoang The Thien Street","source":"AsiaGPS","surface":"asphalt"},"geometry":{"type":"LineString","coordinates":[[105.9070606,21.037404],[105.9077616,21.0370694],[105.9080865,21.0369144],[105.9090115,21.036474],[105.9095322,21.0362244],[105.9100113,21.0359958],[105.9103302,21.0358436],[105.9105133,21.0357562]]}},{"type":"Feature","properties":{"osm_id":208377531,"osm_type":"way","highway":"primary","lanes":"4","lit":"yes","name":"Phố Chu Huy Mân","name:en":"Chu Huy Man Street","oneway":"yes","surface":"asphalt"},"geometry":{"type":"LineString","coordinates":[[105.9091948,21.0463876],[105.9087521,21.0461533],[105.9083445,21.0458596],[105.908031,21.0455976],[105.9076678,21.0452303],[105.9065864,21.0436714]]}},{"type":"Feature","properties":{"osm_id":85739384,"osm_type":"way","highway":"trunk","lanes":"3","lit":"yes","name":"Phố Đàm Quang Trung","name:en":"Dam Quang Trung Street","oneway":"yes","surface":"asphalt"},"geometry":{"type":"LineString","coordinates":[[105.8994563,21.0309759],[105.8981723,21.0294978],[105.8977016,21.0288867],[105.8974405,21.0285763],[105.897003,21.0280452]]}},{"type":"Feature","properties":{"osm_id":600045084,"osm_type":"way","highway":"tertiary","name":"Đường Nguyễn Khoái","name:en":"Nguyen Khoai Road"},"geometry":{"type":"LineString","coordinates":[[105.8915302,20.9967224],[105.8919355,20.9964826],[105.8921984,20.9961408],[105.8923084,20.995655],[105.8922985,20.9949839],[105.8922976,20.9937969],[105.8922796,20.993233]]}},{"type":"Feature","properties":{"osm_id":28844248,"osm_type":"way","highway":"tertiary","lanes":"2","lit":"yes","name":"Đường Xuân La","oneway":"no","smoothness":"good","surface":"asphalt"},"geometry":{"type":"LineString","coordinates":[[105.808765,21.0612326],[105.8084031,21.0615853],[105.8081656,21.0618832],[105.8079105,21.0622115],[105.8076049,21.0626104],[105.8073387,21.0629522],[105.8069365,21.0634673],[105.8067178,21.0637434],[105.8064571,21.0640937],[105.8063652,21.0641987]]}},{"type":"Feature","properties":{"osm_id":1473626703,"osm_type":"way","highway":"tertiary","motorcar":"no","name":"Ngõ 192 Phố Lê Trọng Tấn","oneway":"no","surface":"asphalt","truck":"no"},"geometry":{"type":"LineString","coordinates":[[105.8238136,20.9842945],[105.8239721,20.9846175],[105.8243503,20.9853879],[105.8246712,20.9860846],[105.8248868,20.9865319],[105.8250412,20.9868769],[105.8253183,20.9873042],[105.8256471,20.9876126]]}},{"type":"Feature","properties":{"osm_id":962493730,"osm_type":"way","highway":"secondary","lanes":"2","lanes:motorcycle":"1","lit":"yes","motor_vehicle:conditional":"no @ (Aug 27 11:30-23:59; Aug 28 00:00-02:30; Aug 29 17:30-23:59; Aug 30 00:00-15:30; Sep 1 17:00-23:59; Sep 2 00:00-16:00)","motorcycle:lanes":"||yes","name":"Phố Phan Đình Phùng","name:en":"Phan Dinh Phung Street","name:zh":"潘庭逢街","name:zh-Latn-pinyin":"pān tíng féng jiē","old_name:fr":"Boulevard Carnot","oneway":"yes","surface":"asphalt"},"geometry":{"type":"LineString","coordinates":[[105.8362432,21.0416562],[105.8369377,21.0415334],[105.8377997,21.041381],[105.8383676,21.0412806],[105.8387453,21.0412138],[105.8392184,21.0411302],[105.8398257,21.0410228],[105.84,21.0410016]]}},{"type":"Feature","properties":{"osm_id":36727556,"osm_type":"way","highway":"tertiary","lanes":"2","name":"Phố Lâm Hạ","name:en":"Lam Ha Street","source":"AsiaGPS","surface":"asphalt"},"geometry":{"type":"LineString","coordinates":[[105.8814538,21.0424796],[105.8817989,21.0422095],[105.8823263,21.0417819],[105.8826852,21.0415161],[105.8830614,21.0411902],[105.8831488,21.0408441],[105.8825558,21.0398242],[105.8824581,21.0396397]]}},{"type":"Feature","properties":{"osm_id":397016905,"osm_type":"way","highway":"tertiary","lanes":"4","lit":"yes","maxspeed":"50","name":"Phố Hạ Yên Quyết","name:en":"Ha Yen Quyet Street","surface":"asphalt"},"geometry":{"type":"LineString","coordinates":[[105.7936146,21.0195877],[105.7941206,21.0198914],[105.7944846,21.0200877],[105.7947889,21.0202822],[105.7951653,21.0205118],[105.7957081,21.0208178],[105.7961671,21.021083],[105.796887,21.021515]]}},{"type":"Feature","properties":{"osm_id":613222877,"osm_type":"way","highway":"tertiary","name":"Đường Số 3 Times City","name:en":"Road Number 3 Times City","surface":"asphalt"},"geometry":{"type":"LineString","coordinates":[[105.8659783,20.9930777],[105.8659847,20.9934939],[105.8659883,20.9947604],[105.865989,20.9952149],[105.8659875,20.9960935],[105.8657312,20.9968327]]}},{"type":"Feature","properties":{"osm_id":1240218191,"osm_type":"way","bicycle":"yes","cycleway":"no","highway":"tertiary","lit":"yes","name":"Phố Nguyễn Đình Chiểu","name:en":"Nguyen Dinh Chieu Street","source":"AsiaGPS;grab_hanoi_2018_t2","surface":"asphalt"},"geometry":{"type":"LineString","coordinates":[[105.8478307,21.0170696],[105.8473116,21.0155046],[105.8471006,21.0148505],[105.8469715,21.0144893],[105.8468162,21.0140137],[105.846715,21.0136526],[105.8466479,21.0134641]]}},{"type":"Feature","properties":{"osm_id":705237601,"osm_type":"way","highway":"trunk","int_ref":"AH14","lanes":"3","lit":"yes","name":"Đường Nguyễn Văn Linh","name:en":"Nguyen Van Linh Road","oneway":"yes","ref":"QL.5","source":"Yahoo","surface":"asphalt"},"geometry":{"type":"LineString","coordinates":[[105.9048949,21.0342076],[105.9077148,21.0328208],[105.908287,21.0325372]]}},{"type":"Feature","properties":{"osm_id":498781752,"osm_type":"way","highway":"primary","lanes":"3","lit":"yes","maxspeed:type":"VN:urban","name":"Đường Cổ Linh","name:en":"Co Linh Road","oneway":"yes","sidewalk":"right","sidewalk:right:surface":"paving_stones","smoothness":"excellent","surface":"asphalt"},"geometry":{"type":"LineString","coordinates":[[105.9157503,21.0149631],[105.9146745,21.0162106],[105.9140568,21.0169224],[105.9136602,21.0173445],[105.9134089,21.0176063],[105.9132353,21.0177795]]}},{"type":"Feature","properties":{"osm_id":688080591,"osm_type":"way","highway":"primary","lanes":"3","lanes:psv":"1","lit":"yes","name":"Phố Tố Hữu","oneway":"yes","psv:lanes":"designated|yes|yes","surface":"asphalt"},"geometry":{"type":"LineString","coordinates":[[105.7853208,20.9919103],[105.7863112,20.992427],[105.7870227,20.9927837],[105.7873635,20.9929549],[105.7883169,20.9934402],[105.7886734,20.9936378]]}},{"type":"Feature","properties":{"osm_id":701380236,"osm_type":"way","highway":"tertiary","name":"Đường 2 Gamuda Garden","name:en":"Road 2 Gamuda Garden","oneway":"yes","surface":"asphalt"},"geometry":{"type":"LineString","coordinates":[[105.8785431,20.9764375],[105.8783943,20.9760873],[105.8782455,20.975737],[105.8780563,20.9751698],[105.8779821,20.9747354],[105.8779372,20.9743236],[105.8779544,20.973802],[105.8780608,20.9730858],[105.8781213,20.9727829]]}},{"type":"Feature","properties":{"osm_id":208377521,"osm_type":"way","highway":"tertiary","lanes":"2","lit":"yes","name":"Phố Huỳnh Văn Nghệ","name:en":"Huynh Van Nghe Street","surface":"asphalt"},"geometry":{"type":"LineString","coordinates":[[105.9104734,21.041515],[105.9100791,21.0413194],[105.909023,21.0407957],[105.9087412,21.040574],[105.9084496,21.0400781],[105.9080646,21.0393229],[105.907897,21.038996]]}},{"type":"Feature","properties":{"osm_id":700025093,"osm_type":"way","highway":"tertiary","lit":"yes","name":"Phố Nguyễn Công Trứ","name:en":"Nguyen Cong Tru Street","surface":"asphalt"},"geometry":{"type":"LineString","coordinates":[[105.8535582,21.0137765],[105.8541629,21.0138257],[105.8547475,21.0139277],[105.8553592,21.0140325],[105.8557128,21.0140975],[105.856075,21.0141546],[105.8566723,21.0142452],[105.8571296,21.0143314],[105.8572754,21.0143557]]}},{"type":"Feature","properties":{"osm_id":709288902,"osm_type":"way","highway":"primary","lanes":"3","lit":"yes","loc_name":"Quốc lộ 1A cũ","name":"Đường Nguyễn Văn Cừ","name:en":"Nguyen Van Cu Road","oneway":"yes","surface":"asphalt"},"geometry":{"type":"LineString","coordinates":[[105.8869932,21.0538096],[105.8863215,21.052958],[105.8859682,21.0525063],[105.8856987,21.0521699],[105.8853273,21.0517062],[105.8847982,21.0510547],[105.8846475,21.0508677]]}},{"type":"Feature","properties":{"osm_id":703159213,"osm_type":"way","highway":"tertiary","lanes":"2","name":"Phố Lệ Mật","name:en":"Le Mat Street","surface":"asphalt"},"geometry":{"type":"LineString","coordinates":[[105.8990015,21.0570368],[105.8986362,21.0576915],[105.8983537,21.0581503],[105.8981505,21.0584405],[105.8978727,21.0587548],[105.897589,21.0590179],[105.8973362,21.0594417],[105.8969032,21.0601378]]}},{"type":"Feature","properties":{"osm_id":477417897,"osm_type":"way","highway":"tertiary","lanes":"2","maxspeed":"40","name":"Ngõ 41 Phố Đông Tác","parking:both":"no","sidewalk":"left","surface":"asphalt"},"geometry":{"type":"LineString","coordinates":[[105.8327861,21.005915],[105.8327148,21.0052901],[105.8326219,21.0047283],[105.8325359,21.0043422],[105.8324546,21.0039447],[105.8324796,21.0035398],[105.8326379,21.0031848],[105.8328875,21.0028039],[105.8331162,21.0025052],[105.8332182,21.0024163]]}},{"type":"Feature","properties":{"osm_id":1148709682,"osm_type":"way","embankment":"yes","highway":"primary","lanes":"2","name":"Đường Long Biên – Xuân Quan","name:en":"Long Bien – Xuan Quan Road","name:vi":"Đường Long Biên – Xuân Quan","surface":"asphalt"},"geometry":{"type":"LineString","coordinates":[[105.902056,21.0197353],[105.9016268,21.0201019],[105.9014016,21.0204145],[105.901109,21.0208889],[105.9005854,21.0210654],[105.8999825,21.0210821],[105.8994953,21.0210785],[105.8988926,21.0211746]]}},{"type":"Feature","properties":{"osm_id":1138077102,"osm_type":"way","alt_name":"Yên Xá","highway":"tertiary","name":"Đường Thanh Liệt","surface":"asphalt"},"geometry":{"type":"LineString","coordinates":[[105.8216092,20.971524],[105.8214504,20.9710752],[105.8212842,20.9707089],[105.8209655,20.9702239],[105.8206009,20.9697142],[105.8203151,20.9693352],[105.8200979,20.96906],[105.8197926,20.9686757],[105.8195739,20.9683996]]}},{"type":"Feature","properties":{"osm_id":395874301,"osm_type":"way","highway":"primary","lanes":"3","lit":"yes","maxspeed:type":"VN:urban","name":"Đường Cổ Linh","name:en":"Co Linh Road","oneway":"yes","sidewalk":"right","sidewalk:right:surface":"paving_stones","smoothness":"excellent","surface":"asphalt"},"geometry":{"type":"LineString","coordinates":[[105.910105,21.0205254],[105.9105298,21.0201253],[105.9118831,21.018879],[105.9122259,21.018548],[105.912846,21.0179621]]}},{"type":"Feature","properties":{"osm_id":1517289852,"osm_type":"way","bicycle":"yes","cycleway":"no","foot":"yes","highway":"tertiary","name":"Đường Tựu Liệt","oneway":"no","sidewalk":"no","surface":"asphalt"},"geometry":{"type":"LineString","coordinates":[[105.832519,20.9526826],[105.8330132,20.9528223],[105.8335031,20.9529036],[105.8338936,20.9529272],[105.8343337,20.9529348],[105.8347493,20.9529225],[105.8352513,20.9530389],[105.8358925,20.9532584],[105.8361634,20.9533807]]}},{"type":"Feature","properties":{"osm_id":125837700,"osm_type":"way","highway":"motorway","lanes":"3","lit":"yes","maxspeed":"80","motorcycle":"yes","name":"Quốc lộ 1","name:en":"National Route 1","note:vi":"Quốc lộ 1 là tên chính thức của con đường này, theo Quyết định số 1454/QĐ-TTg ngày 1 tháng 9 năm 2021 của Thủ tướng Chính phủ Việt Nam. Đề nghị không sửa tên thành \"Quốc lộ 1A\".","oneway":"yes","ref":"CT.01;CT.37;QL.1","source":"Bing","surface":"asphalt","wikidata":"Q1372266","wikipedia":"vi:Quốc lộ 1"},"geometry":{"type":"LineString","coordinates":[[105.9212546,21.0166153],[105.9217556,21.0171186],[105.9222958,21.0176153],[105.9227007,21.0179547],[105.9230023,21.0181591],[105.9241289,21.0190074]]}},{"type":"Feature","properties":{"osm_id":838059690,"osm_type":"way","highway":"primary","lanes":"4","lit":"yes","name":"Đường Trần Khát Chân","name:en":"Tran Khat Chan Road","name:zh":"陈渴真路","oneway":"yes","surface":"asphalt"},"geometry":{"type":"LineString","coordinates":[[105.8546899,21.0088509],[105.8555713,21.0090207],[105.8559752,21.0090606],[105.8572365,21.0090551],[105.8584136,21.0090358]]}},{"type":"Feature","properties":{"osm_id":399835468,"osm_type":"way","highway":"primary","lanes":"2","lit":"yes","maxspeed":"60","name":"Phố Xã Đàn","name:en":"Xa Dan Street","name:zh":"社坛街","oneway":"yes","sidewalk":"right","smoothness":"excellent","surface":"asphalt"},"geometry":{"type":"LineString","coordinates":[[105.8412932,21.0078348],[105.8407498,21.0079405],[105.8403539,21.0080749],[105.8397249,21.0084037],[105.8391931,21.008832],[105.8388546,21.0091303],[105.8385642,21.0094227],[105.8381811,21.0097637]]}},{"type":"Feature","properties":{"osm_id":701380237,"osm_type":"way","highway":"tertiary","name":"Đường 2 Gamuda Garden","name:en":"Road 2 Gamuda Garden","oneway":"yes","surface":"asphalt"},"geometry":{"type":"LineString","coordinates":[[105.878268,20.972771],[105.8782057,20.9731408],[105.8781243,20.9735441],[105.8780905,20.9739925],[105.8780874,20.9745107],[105.8782094,20.9751799],[105.8783112,20.9755204],[105.878526,20.976037],[105.8786742,20.9763947]]}},{"type":"Feature","properties":{"osm_id":709000421,"osm_type":"way","highway":"tertiary","lanes":"2","lit":"yes","name":"Phố Đỗ Xuân Hợp","name:en":"Do Xuan Hop Street","oneway":"yes","surface":"asphalt"},"geometry":{"type":"LineString","coordinates":[[105.7638398,21.0287939],[105.763489,21.0277834],[105.762626,21.0253907],[105.7625954,21.0252716]]}},{"type":"Feature","properties":{"osm_id":703965599,"osm_type":"way","bicycle:lanes":"no|no|no|no|designated","highway":"primary","lanes":"2","lit":"yes","moped:lanes":"no|no|no|designated|designated","motor_vehicle:lanes":"yes|yes|yes|no|no","motorcycle:lanes":"no|no|no|designated|designated","name":"Đường Võ Chí Công","oneway":"yes","surface":"asphalt"},"geometry":{"type":"LineString","coordinates":[[105.8042639,21.0568295],[105.8042701,21.0562088],[105.8042769,21.0547827],[105.8042604,21.0530938]]}},{"type":"Feature","properties":{"osm_id":685159962,"osm_type":"way","highway":"secondary","lanes":"2","lit":"yes","maxspeed":"60","name":"Đường Chử Đồng Tử","name:en":"Chu Dong Tu Road","oneway":"yes","sidewalk":"both","surface":"asphalt"},"geometry":{"type":"LineString","coordinates":[[105.9295729,20.9990833],[105.9303518,20.9978356],[105.9306037,20.997432],[105.930954,20.9968709],[105.9309991,20.9965031],[105.9307413,20.9961657],[105.9304738,20.9959748]]}},{"type":"Feature","properties":{"osm_id":1511011863,"osm_type":"way","highway":"tertiary","name":"Ngõ 885 Đường Tam Trinh","name:en":"Lane 885 Tam Trinh Road"},"geometry":{"type":"LineString","coordinates":[[105.8722424,20.9717084],[105.8716,20.9728055],[105.871398,20.9731505],[105.87122,20.9734545],[105.8707741,20.974216],[105.8703578,20.974927]]}},{"type":"Feature","properties":{"osm_id":705856949,"osm_type":"way","highway":"trunk","int_ref":"AH14","lanes":"3","lit":"yes","name":"Đường Nguyễn Văn Linh","name:en":"Nguyen Van Linh Road","oneway":"yes","ref":"QL.5","source":"Yahoo","surface":"asphalt"},"geometry":{"type":"LineString","coordinates":[[105.8905011,21.0520526],[105.8910262,21.0512523],[105.8916523,21.0503185],[105.8919146,21.0499274],[105.8925314,21.0490076],[105.8925687,21.048952]]}},{"type":"Feature","properties":{"osm_id":630807053,"osm_type":"way","highway":"motorway_link","lanes":"3","lit":"yes","mofa":"no","motorcycle":"yes","name":"Đường gom Cao tốc Hà Nội - Bắc Giang","oneway":"yes","surface":"asphalt"},"geometry":{"type":"LineString","coordinates":[[105.9213934,21.0165059],[105.9217069,21.0169072],[105.9220109,21.017234],[105.9222937,21.017516],[105.9225996,21.0177843],[105.9230386,21.0181174],[105.9238656,21.0187438],[105.9241289,21.0190074]]}},{"type":"Feature","properties":{"osm_id":621974603,"osm_type":"way","highway":"primary","lanes":"2","lit":"yes","maxspeed":"60","name":"Hầm chui Thanh Xuân","name:en":"Thanh Xuan Underpass","name:ko":"타인쑤언지하차도","oneway":"yes","surface":"asphalt"},"geometry":{"type":"LineString","coordinates":[[105.8027339,20.9912172],[105.8000507,20.9893197],[105.7996568,20.9891354]]}},{"type":"Feature","properties":{"osm_id":1177226276,"osm_type":"way","highway":"secondary","lanes":"2","lit":"yes","maxspeed":"60","name":"Đường Tiên Dung","name:en":"Tien Dung Road","oneway":"yes","sidewalk":"both","smoothness":"excellent","surface":"asphalt"},"geometry":{"type":"LineString","coordinates":[[105.9337883,20.9977448],[105.9332563,20.9976783],[105.9328077,20.9976385],[105.9324595,20.9977326],[105.9312457,20.9986132],[105.9305644,20.9991583]]}},{"type":"Feature","properties":{"osm_id":1343705132,"osm_type":"way","highway":"tertiary","lit":"yes","name":"Đường An Dương Vương","name:en":"An Duong Vuong Road","oneway":"no","surface":"asphalt"},"geometry":{"type":"LineString","coordinates":[[105.8180416,21.0815949],[105.8174793,21.0825773],[105.8173578,21.0829138],[105.8170991,21.0836078],[105.8169228,21.0841557],[105.8167864,21.0845364],[105.8166361,21.0850219]]}},{"type":"Feature","properties":{"osm_id":35978173,"osm_type":"way","bridge":"yes","highway":"primary","lanes":"2","layer":"1","lit":"yes","name":"Cầu vượt Ngã Tư Sở","name:en":"Nga Tu So Overpass","oneway":"yes","surface":"asphalt"},"geometry":{"type":"LineString","coordinates":[[105.8190895,21.0022176],[105.8200037,21.0028938],[105.8208141,21.0035017],[105.8212739,21.0038345],[105.8216654,21.0041332],[105.8220258,21.0044915]]}},{"type":"Feature","properties":{"osm_id":1335915191,"osm_type":"way","highway":"tertiary","lanes":"2","name":"Ngách 49/1 Phố Đức Giang","surface":"asphalt"},"geometry":{"type":"LineString","coordinates":[[105.8926029,21.0641817],[105.892781,21.0637409],[105.8928754,21.0632588],[105.8927606,21.0625051],[105.8925096,21.0622044],[105.8922083,21.0619829],[105.8916628,21.0616771],[105.8911937,21.0614068],[105.8911436,21.0613841]]}},{"type":"Feature","properties":{"osm_id":704641291,"osm_type":"way","highway":"primary","lanes":"2","lit":"yes","name":"Đường Trường Chinh","name:en":"Truong Chinh Road","oneway":"yes","sidewalk:left":"no","sidewalk:right":"separate","surface":"asphalt"},"geometry":{"type":"LineString","coordinates":[[105.8400858,20.9982301],[105.8395695,20.9984203],[105.8391842,20.9985154],[105.8385315,20.998679],[105.8377772,20.9988484],[105.8373224,20.9989584],[105.8368294,20.9990819],[105.8364845,20.9991174]]}},{"type":"Feature","properties":{"osm_id":701370591,"osm_type":"way","highway":"tertiary","lanes":"2","name":"Ngõ 885 Đường Tam Trinh","name:en":"Lane 885 Tam Trinh Road","surface":"asphalt"},"geometry":{"type":"LineString","coordinates":[[105.8724289,20.9718077],[105.8709517,20.9742924],[105.870531,20.9750001]]}},{"type":"Feature","properties":{"osm_id":136161379,"osm_type":"way","bridge":"yes","highway":"primary","lanes":"2","layer":"1","lit":"yes","name":"Cầu vượt Ngã Tư Sở","name:en":"Nga Tu So Overpass","oneway":"yes","surface":"asphalt"},"geometry":{"type":"LineString","coordinates":[[105.8219435,21.0045686],[105.8216627,21.0042485],[105.8211615,21.0038575],[105.8207493,21.0035466],[105.8196072,21.0027005],[105.8190266,21.0022848]]}},{"type":"Feature","properties":{"osm_id":621974602,"osm_type":"way","highway":"primary","lanes":"2","layer":"0","lit":"yes","maxspeed":"60","name":"Hầm chui Thanh Xuân","name:en":"Thanh Xuan Underpass","name:ko":"타인쑤언지하차도","oneway":"yes","surface":"asphalt"},"geometry":{"type":"LineString","coordinates":[[105.7998329,20.9889055],[105.8001461,20.9892023],[105.8028365,20.9910814]]}},{"type":"Feature","properties":{"osm_id":764842478,"osm_type":"way","highway":"primary","lanes":"1","lit":"yes","name":"Đường Trường Chinh","name:en":"Truong Chinh Road","oneway":"yes","sidewalk":"right","surface":"asphalt"},"geometry":{"type":"LineString","coordinates":[[105.8400858,20.9982301],[105.8374806,20.9988543],[105.8368397,20.9989988],[105.8364845,20.9991174]]}},{"type":"Feature","properties":{"osm_id":570591936,"osm_type":"way","highway":"tertiary","lanes":"4","lit":"yes","name":"Phố Duy Tân","name:en":"Duy Tan Street","oneway":"no","sidewalk:both":"separate","surface":"asphalt"},"geometry":{"type":"LineString","coordinates":[[105.7835829,21.0309738],[105.7824326,21.0311543],[105.7819807,21.0312231],[105.7813336,21.0313239],[105.7806348,21.0314322],[105.7801174,21.0315085],[105.7799191,21.031536]]}},{"type":"Feature","properties":{"osm_id":842935944,"osm_type":"way","bicycle":"no","bridge":"yes","foot":"no","highway":"primary","horse":"no","lanes":"4","layer":"1","lit":"yes","name":"Cầu vượt Nguyễn Văn Huyên","name:en":"Nguyen Van Huyen Overpass","start_date":"2020-08-28","surface":"asphalt"},"geometry":{"type":"LineString","coordinates":[[105.7976388,21.044343],[105.7976419,21.0480462]]}},{"type":"Feature","properties":{"osm_id":37371053,"osm_type":"way","bicycle:lanes":"no|yes","foot":"yes","highway":"primary","lanes":"4","lit":"yes","moped:lanes":"none|designated","motor_vehicle:lanes":"yes|none","motorcycle:lanes":"none|designated","name":"Đường Giải Phóng","name:en":"Giai Phong Road","oneway":"yes","surface":"asphalt","width":"12"},"geometry":{"type":"LineString","coordinates":[[105.8408217,20.9769732],[105.8408151,20.9765574],[105.8407971,20.9752458],[105.8407719,20.973384],[105.8407703,20.9732745]]}},{"type":"Feature","properties":{"osm_id":1314806772,"osm_type":"way","highway":"tertiary","lanes":"2","lit":"yes","maxspeed":"50","name":"Đường Song Hành Cao Tốc Pháp Vân - Cầu Giẽ"},"geometry":{"type":"LineString","coordinates":[[105.8527699,20.952485],[105.8534914,20.9515006],[105.853883,20.950922],[105.8546343,20.9498864],[105.8547301,20.9495465],[105.8547965,20.9494181]]}},{"type":"Feature","properties":{"osm_id":708891237,"osm_type":"way","highway":"tertiary","lanes":"2","lit":"yes","name":"Đường La Thành","name:en":"La Thanh Road","name:zh":"罗城路","oneway":"no","surface":"asphalt"},"geometry":{"type":"LineString","coordinates":[[105.8262805,21.0209797],[105.8273084,21.0205083],[105.827734,21.0202393],[105.8284768,21.0198448],[105.8290111,21.0195084],[105.8295311,21.0192337]]}},{"type":"Feature","properties":{"osm_id":1253192578,"osm_type":"way","highway":"secondary","lanes":"2","name":"Đường Cổ Nhuế","name:en":"Co Nhue Street","name:id":"Jalan Co Nhue","name:ja":"コニュエ通り","name:zh":"古芮路","oneway":"yes","oneway:bicycle":"no","oneway:mofa":"no","oneway:moped":"no","oneway:motorcycle":"no","surface":"asphalt"},"geometry":{"type":"LineString","coordinates":[[105.7829047,21.0591802],[105.7824375,21.0597775],[105.7821342,21.0602104],[105.7817689,21.060613],[105.7815173,21.0608895],[105.7811848,21.0613844],[105.7809032,21.0617835],[105.7806751,21.0621189]]}},{"type":"Feature","properties":{"osm_id":946030638,"osm_type":"way","highway":"secondary","lanes":"2","lit":"yes","maxspeed":"50","name":"Phố Thanh Nhàn","name:en":"Thanh Nhan Street","oneway":"no","surface":"asphalt","warning_traffic_jam:content":"123"},"geometry":{"type":"LineString","coordinates":[[105.8547012,21.0028119],[105.8538097,21.0028876],[105.8530321,21.0029532],[105.8526601,21.0029844],[105.851983,21.0030453],[105.8513949,21.0030976],[105.8510241,21.0031371]]}},{"type":"Feature","properties":{"osm_id":1183300500,"osm_type":"way","highway":"tertiary","lanes":"2","maxspeed":"50","name":"Đường Lương Thế Vinh","name:en":"Luong The Vinh Road","surface":"asphalt"},"geometry":{"type":"LineString","coordinates":[[105.7901463,20.9948176],[105.7894483,20.9952631],[105.7888509,20.9959019],[105.7885,20.9963031],[105.7881018,20.9967618],[105.7875051,20.9973598]]}},{"type":"Feature","properties":{"osm_id":449259572,"osm_type":"way","highway":"tertiary","lanes":"2","name":"Phố Hoàng Ngân","name:en":"Hoang Ngan Street","oneway":"no","surface":"asphalt"},"geometry":{"type":"LineString","coordinates":[[105.8086824,21.0080303],[105.8090124,21.0078255],[105.8094017,21.0075564],[105.8100896,21.0071249],[105.8104782,21.0069494],[105.812051,21.0071526]]}},{"type":"Feature","properties":{"osm_id":892912618,"osm_type":"way","highway":"motorway_link","lanes":"2","lit":"no","motorcycle":"no","name":"Hướng Vào Đường Gom Chử Đồng Tử","oneway":"yes","surface":"asphalt"},"geometry":{"type":"LineString","coordinates":[[105.9200703,21.0098393],[105.9203981,21.0093776],[105.9216905,21.0077813],[105.9223427,21.0069471]]}},{"type":"Feature","properties":{"osm_id":399818717,"osm_type":"way","highway":"secondary","lanes":"2","lit":"yes","motor_vehicle:conditional":"no @ (Aug 29 21:30-23:59; Aug 30 00:00-13:30; Sep 1 17:00-23:59; Sep 2 00:00-16:00)","name":"Phố Quán Thánh","name:en":"Quan Thanh Street","name:id":"Jalan Quan Thanh","name:ja":"クアンタイン通り","name:zh":"馆圣街","oneway":"yes","surface":"asphalt"},"geometry":{"type":"LineString","coordinates":[[105.8455685,21.0405007],[105.8452169,21.0406891],[105.8448973,21.0409456],[105.8446083,21.0412085],[105.8443146,21.0416008],[105.844058,21.0419032],[105.8436622,21.0421567],[105.8433032,21.0422319],[105.8425574,21.0423547]]}},{"type":"Feature","properties":{"osm_id":1356904088,"osm_type":"way","bicycle":"no","highway":"primary","lit":"yes","motorcycle":"no","name":"Đường Phạm Văn Đồng","name:en":"Pham Van Dong Road","name:vi":"Đường Phạm Văn Đồng","oneway":"yes","surface":"asphalt"},"geometry":{"type":"LineString","coordinates":[[105.786556,21.0768221],[105.7870527,21.0776123],[105.7875668,21.0783941],[105.7878618,21.0788583],[105.7880349,21.0791814],[105.7882754,21.0796879],[105.7884467,21.0799639]]}},{"type":"Feature","properties":{"osm_id":1183444673,"osm_type":"way","highway":"motorway_link","motorcycle":"no","name":"Đi Đường Lĩnh Nam","oneway":"yes","surface":"asphalt"},"geometry":{"type":"LineString","coordinates":[[105.8914299,20.982219],[105.8903341,20.981165],[105.8896128,20.9805113],[105.8892524,20.9801364],[105.8889488,20.9797784],[105.8888285,20.979635]]}},{"type":"Feature","properties":{"osm_id":601870614,"osm_type":"way","highway":"secondary","lane_markings":"no","name":"Đường Yên Thường","name:en":"Yen Thuong Road","surface":"asphalt"},"geometry":{"type":"LineString","coordinates":[[105.9027368,21.0880988],[105.9034824,21.0886044],[105.9042884,21.0892495],[105.9045768,21.0894803],[105.9049108,21.0899039],[105.9053332,21.0904162],[105.9054569,21.0905245]]}},{"type":"Feature","properties":{"osm_id":402425917,"osm_type":"way","highway":"tertiary","name":"Phố Lê Lợi","oneway":"yes","oneway:bicycle":"no","oneway:mofa":"no","oneway:moped":"no","oneway:motorcycle":"no"},"geometry":{"type":"LineString","coordinates":[[105.7798119,20.968515],[105.780185,20.9680695],[105.7805919,20.967563],[105.7808816,20.9671817],[105.7811761,20.9668715],[105.781828,20.9662088],[105.7821671,20.9659115],[105.7822495,20.9657835]]}},{"type":"Feature","properties":{"osm_id":37926684,"osm_type":"way","highway":"trunk","lanes":"2","lit":"yes","name":"Phố Phúc La","oneway":"yes","ref":"QL.21C","surface":"asphalt"},"geometry":{"type":"LineString","coordinates":[[105.7941758,20.9620456],[105.7933001,20.9613671],[105.7928634,20.9610067],[105.7922553,20.9604959],[105.7919566,20.9602451],[105.791382,20.9597627],[105.7913401,20.9597214]]}},{"type":"Feature","properties":{"osm_id":627919886,"osm_type":"way","bus:forward":"no","highway":"tertiary","name":"Phố Nguyễn Sơn","name:en":"Nguyen Son Street","surface":"asphalt"},"geometry":{"type":"LineString","coordinates":[[105.8781367,21.0468604],[105.8777528,21.0470573],[105.8773514,21.0472458],[105.8770159,21.0473992],[105.8766973,21.047545],[105.8757386,21.047961],[105.8752471,21.0481495],[105.8747698,21.0483011]]}},{"type":"Feature","properties":{"osm_id":213159090,"osm_type":"way","destination":"Cầu Thanh Trì;Cầu Thăng Long","highway":"motorway_link","lanes":"2","lit":"yes","motorcycle":"no","name":"Đi Vành đai 3 trên cao","name:en":"To Ring Road No.3 Viaduct","oneway":"yes","surface":"asphalt"},"geometry":{"type":"LineString","coordinates":[[105.8490886,20.9631043],[105.8490072,20.9625131],[105.8489507,20.9620024],[105.8487975,20.961636],[105.8485179,20.9614163],[105.8480234,20.9613514],[105.8476317,20.9615497],[105.8474077,20.9619083],[105.8473166,20.9623413]]}},{"type":"Feature","properties":{"osm_id":1213891321,"osm_type":"way","highway":"tertiary","lanes":"4","lanes:backward":"2","lanes:forward":"2","name":"Phố Vũ Đức Thận","name:en":"Vu Duc Than Street","source":"AsiaGPS","surface":"asphalt"},"geometry":{"type":"LineString","coordinates":[[105.8951382,21.0503374],[105.8961282,21.04889],[105.8970584,21.0475298],[105.8972044,21.0473164]]}},{"type":"Feature","properties":{"osm_id":1152955250,"osm_type":"way","highway":"tertiary","lanes":"2","name":"Phố Hoàng Thế Thiện","name:en":"Hoang The Thien Street","source":"AsiaGPS","surface":"asphalt"},"geometry":{"type":"LineString","coordinates":[[105.9037034,21.0390077],[105.9042955,21.0387235],[105.9047371,21.0385127],[105.9050914,21.0383437],[105.9055363,21.0381314],[105.9061975,21.0378158],[105.9070049,21.0374306]]}},{"type":"Feature","properties":{"osm_id":704034755,"osm_type":"way","highway":"primary","lanes":"3","lit":"yes","maxweight":"10","name":"Phố Đoàn Khuê","name:en":"Doan Khue Street","oneway":"yes","surface":"asphalt"},"geometry":{"type":"LineString","coordinates":[[105.9099752,21.0474565],[105.9081564,21.0506309]]}},{"type":"Feature","properties":{"osm_id":1458206151,"osm_type":"way","alt_name":"Đông Dư - Dương Xá","highway":"primary","lanes":"3","lit":"yes","name":"Đường Lý Thánh Tông","name:en":"Ly Thanh Tong Road","oneway":"yes","turn:lanes":"left|left;right|right"},"geometry":{"type":"LineString","coordinates":[[105.9217306,20.9912668],[105.9209954,20.9908709],[105.9196233,20.990132],[105.9190389,20.9898173],[105.9185109,20.9895322]]}},{"type":"Feature","properties":{"osm_id":922422151,"osm_type":"way","highway":"trunk","lanes":"3","lit":"yes","name":"Đường Cầu Diễn","name:en":"Cau Dien Road","old_name":"Liên tỉnh lộ 11A","oneway":"yes","ref":"QL.32","surface":"asphalt"},"geometry":{"type":"LineString","coordinates":[[105.7529336,21.0447042],[105.7532862,21.0445591],[105.7548332,21.0439792],[105.7554829,21.0437356],[105.7563475,21.0434112]]}},{"type":"Feature","properties":{"osm_id":399593885,"osm_type":"way","contributor":"GIS_OTS","hgv":"yes","highway":"tertiary","name":"Đường Lê Văn Hiến","name:en":"Le Van Hien Street","name:zh":"黎文献街","uuid":"9f68485e-921a-4436-9570-8ec167fbfe57"},"geometry":{"type":"LineString","coordinates":[[105.7736408,21.0742392],[105.7742981,21.0741798],[105.7746868,21.0741888],[105.775053,21.0742015],[105.7754743,21.0742155],[105.7759632,21.074233],[105.7764634,21.0742516],[105.7770481,21.0742745],[105.7772867,21.0742853]]}},{"type":"Feature","properties":{"osm_id":1411062723,"osm_type":"way","foot":"yes","highway":"primary","lanes":"3","lit":"yes","maxspeed":"60","maxspeed:motorcar":"60","maxspeed:motorcycle":"50","maxspeed:type":"VN:urban","name":"Đường Phạm Văn Đồng","name:en":"Pham Van Dong Road","name:vi":"Đường Phạm Văn Đồng","oneway":"yes","surface":"asphalt","wikidata":"Q10841036","wikipedia":"vi:Đường vành đai 3 (Hà Nội)"},"geometry":{"type":"LineString","coordinates":[[105.7849309,21.067122],[105.7843846,21.065051],[105.7840405,21.0636969],[105.7840136,21.0635912]]}},{"type":"Feature","properties":{"osm_id":1204819896,"osm_type":"way","bridge":"yes","highway":"primary","lanes":"2","layer":"1","lit":"yes","name":"Cầu vượt Nguyễn Văn Cừ – Hồng Tiến","name:en":"Nguyen Van Cu – Hong Tien Overpass","surface":"asphalt"},"geometry":{"type":"LineString","coordinates":[[105.8735025,21.0424818],[105.8731239,21.0431734],[105.8729244,21.0435528],[105.8727041,21.0439591],[105.8719806,21.0455756],[105.8718923,21.0457495]]}},{"type":"Feature","properties":{"osm_id":1102892137,"osm_type":"way","bicycle":"no","foot":"no","highway":"primary","lanes":"2","maxspeed":"60","name":"Hầm chui Kim Đồng - Giải Phóng","name:en":"Kim Dong - Giai Phong Underpass","oneway":"yes","sidewalk":"no","surface":"asphalt"},"geometry":{"type":"LineString","coordinates":[[105.8415406,20.9836086],[105.8443899,20.9835976],[105.8451737,20.9835603]]}},{"type":"Feature","properties":{"osm_id":136268284,"osm_type":"way","highway":"trunk","lanes":"2","lit":"yes","name":"Đường Nguyễn Văn Linh","name:en":"Nguyen Van Linh Road","oneway":"yes","ref":"QL.5","surface":"asphalt"},"geometry":{"type":"LineString","coordinates":[[105.8927938,21.0490761],[105.8925978,21.049527],[105.8922542,21.0500394],[105.8917311,21.0508196],[105.891324,21.0514267],[105.8908192,21.0521132]]}},{"type":"Feature","properties":{"osm_id":1519589191,"osm_type":"way","access":"yes","bicycle":"no","foot":"no","highway":"motorway","horse":"no","int_ref":"AH1","lanes":"5","lit":"no","maxspeed":"80","minspeed":"60","motor_vehicle":"yes","motorcycle":"no","name":"Đường cao tốc Pháp Vân - Cầu Giẽ","name:en":"Phap Van - Cau Gie Expressway","oneway":"yes","ref":"CT.01;QL.1","shoulder":"yes","source":"GPS","surface":"asphalt","toll":"yes","wikidata":"Q10840982","wikipedia":"vi:Đường cao tốc Pháp Vân – Cầu Giẽ"},"geometry":{"type":"LineString","coordinates":[[105.8492742,20.9617014],[105.849272,20.9643122],[105.8492775,20.9646704],[105.8492898,20.9650713],[105.8493052,20.9653315]]}},{"type":"Feature","properties":{"osm_id":457903312,"osm_type":"way","highway":"secondary","lanes":"5","lit":"yes","name":"Đường Lê Quang Đạo","oneway":"yes","surface":"asphalt"},"geometry":{"type":"LineString","coordinates":[[105.7733897,21.0085997],[105.7735275,21.0081324],[105.7735681,21.007774],[105.7734833,21.0070778],[105.7731686,21.0053192],[105.7731127,21.0050297]]}},{"type":"Feature","properties":{"osm_id":659909920,"osm_type":"way","highway":"tertiary","name":"Ngõ 221 Đường Đình Xuyên"},"geometry":{"type":"LineString","coordinates":[[105.9347839,21.0784538],[105.9351678,21.0786283],[105.9356529,21.0788277],[105.9360875,21.0791529],[105.9365239,21.0795429],[105.9368236,21.0798213],[105.9370986,21.0802443],[105.9373329,21.0805164],[105.9374665,21.0807645]]}},{"type":"Feature","properties":{"osm_id":601457580,"osm_type":"way","highway":"tertiary","lane_markings":"no","name":"Đường Bát Tràng","surface":"concrete"},"geometry":{"type":"LineString","coordinates":[[105.9113068,20.9749769],[105.9115375,20.9752824],[105.9117413,20.975608],[105.9119176,20.9762222],[105.9120256,20.9766649],[105.9125991,20.9771169],[105.9128481,20.9781225]]}},{"type":"Feature","properties":{"osm_id":964872511,"osm_type":"way","highway":"tertiary","name":"Đường Đặng Xá 2","surface":"asphalt"},"geometry":{"type":"LineString","coordinates":[[105.9457635,21.0169825],[105.9462729,21.0166057],[105.9466102,21.0163562],[105.9472452,21.0158865],[105.9486786,21.0148262]]}},{"type":"Feature","properties":{"osm_id":1289419264,"osm_type":"way","bicycle":"no","foot":"no","highway":"primary","lanes":"2","maxspeed":"60","name":"Hầm chui Kim Đồng - Giải Phóng","name:en":"Kim Dong - Giai Phong Underpass","oneway":"yes","sidewalk":"no","surface":"asphalt"},"geometry":{"type":"LineString","coordinates":[[105.8451603,20.9837654],[105.8443914,20.9837509],[105.8440387,20.9837523],[105.8418107,20.9837609],[105.8415421,20.9837619]]}},{"type":"Feature","properties":{"osm_id":756584453,"osm_type":"way","highway":"primary","lanes":"3","lit":"yes","name":"Phố Hồng Tiến","name:en":"Hong Tien Street","oneway":"yes","surface":"asphalt"},"geometry":{"type":"LineString","coordinates":[[105.8798623,21.0353496],[105.8794789,21.0358121],[105.8790331,21.0361901],[105.8787459,21.0364251],[105.8784683,21.0366703],[105.8781139,21.0369767],[105.8777066,21.0373375],[105.8772461,21.0377783],[105.8772152,21.037806]]}},{"type":"Feature","properties":{"osm_id":814585068,"osm_type":"way","destination:lanes":"Hầm Chui Thanh Xuân;Hà Đông|Hầm Chui Thanh Xuân;Hà Đông|Huông Di Nut Giao|Huông Di Nut Giao|Huông Di Nut Giao","highway":"primary","lanes":"3","lit":"yes","maxspeed":"60","name":"Đường Nguyễn Trãi","name:en":"Nguyen Trai Road","oneway":"yes","surface":"asphalt"},"geometry":{"type":"LineString","coordinates":[[105.8067336,20.9941675],[105.8064083,20.9939246],[105.8043421,20.9924797],[105.8037806,20.9920855]]}},{"type":"Feature","properties":{"osm_id":966693603,"osm_type":"way","highway":"tertiary","lanes":"2","name":"Phố Mậu Lương","surface":"asphalt"},"geometry":{"type":"LineString","coordinates":[[105.7930802,20.9568039],[105.7924001,20.9568677],[105.7917521,20.9568813],[105.7912254,20.9571849],[105.7908082,20.9575068],[105.7904901,20.9577188],[105.7900041,20.95808],[105.7898784,20.9581687]]}},{"type":"Feature","properties":{"osm_id":838425491,"osm_type":"way","highway":"primary","lanes":"4","lit":"yes","maxheight":"4.5","maxspeed:type":"VN:urban","name":"Đường Giải Phóng","name:en":"Giai Phong Road","oneway":"yes","sidewalk":"right","sidewalk:right:surface":"paving_stones","smoothness":"excellent","surface":"asphalt"},"geometry":{"type":"LineString","coordinates":[[105.8414534,21.0035472],[105.8414763,21.0044271],[105.841507,21.0051027],[105.8415156,21.0071533]]}},{"type":"Feature","properties":{"osm_id":492297096,"osm_type":"way","embankment":"yes","foot":"no","highway":"trunk","lanes":"2","lit":"yes","maxspeed:motorcar":"80","name":"Đường Vành đai 2","name:en":"Ring Road 2","oneway":"yes","sidewalk":"no","surface":"asphalt"},"geometry":{"type":"LineString","coordinates":[[105.8027963,21.031127],[105.8032077,21.0315934],[105.8035841,21.0320371],[105.8039153,21.0324923],[105.8041124,21.0327914],[105.8044727,21.0333496],[105.8049396,21.0340203]]}},{"type":"Feature","properties":{"osm_id":706479589,"osm_type":"way","highway":"primary","lanes":"3","lit":"yes","name":"Đường Đỗ Mười","name:en":"Do Muoi Road","oneway":"yes","surface":"asphalt"},"geometry":{"type":"LineString","coordinates":[[105.8880956,20.9788694],[105.8877385,20.9785998],[105.8871675,20.9778573],[105.886757,20.9773453],[105.8865114,20.9770491],[105.8861789,20.9766859],[105.8858727,20.9763878],[105.8856802,20.9762141]]}},{"type":"Feature","properties":{"osm_id":295342240,"osm_type":"way","highway":"tertiary","lanes":"4","lanes:backward":"2","lanes:forward":"2","lit":"yes","name":"Phố Mạc Thái Tông","name:en":"Mac Thai Tong Street","oneway":"no","sidewalk:both":"separate","surface":"asphalt"},"geometry":{"type":"LineString","coordinates":[[105.7923805,21.0119247],[105.7932322,21.0125222],[105.7939871,21.0130562],[105.7943369,21.0133084],[105.7946413,21.0135183],[105.7949828,21.0137596],[105.7953154,21.0140106]]}},{"type":"Feature","properties":{"osm_id":25933905,"osm_type":"way","check_date":"May 21 2026","highway":"tertiary","lanes":"4","lit":"yes","maxspeed:type":"VN:urban","name":"Ngõ 15 Đường Ngọc Hồi","surface":"asphalt"},"geometry":{"type":"LineString","coordinates":[[105.8422455,20.9609519],[105.8426872,20.9610135],[105.843082,20.9610696],[105.8437249,20.9611469],[105.8442351,20.9612041],[105.8446076,20.961246],[105.8449785,20.9612696],[105.8456371,20.9613732],[105.8458158,20.9614039]]}},{"type":"Feature","properties":{"osm_id":73814334,"osm_type":"way","highway":"tertiary","lit":"yes","name":"Promenade Road","oneway":"yes","surface":"asphalt"},"geometry":{"type":"LineString","coordinates":[[105.7915176,21.0788625],[105.7918533,21.0787348],[105.7921359,21.0785153],[105.7927166,21.0780717],[105.793035,21.0778902],[105.7936201,21.0775964],[105.7943546,21.0773143],[105.7946737,21.0771906]]}},{"type":"Feature","properties":{"osm_id":37731777,"osm_type":"way","highway":"tertiary","lanes":"2","lit":"yes","name":"Phố Trần Đại Nghĩa","name:en":"Tran Dai Nghia Street","sidewalk:both":"separate","surface":"asphalt"},"geometry":{"type":"LineString","coordinates":[[105.8456502,21.0050332],[105.8456056,21.0046043],[105.8454383,21.004262],[105.8451651,21.0039695],[105.8448777,21.0036982],[105.8446991,21.0033784],[105.8446758,21.0030107],[105.8447285,21.0025977],[105.8447894,21.0022024],[105.8449504,21.0018846],[105.8449863,21.0018106]]}},{"type":"Feature","properties":{"osm_id":599160896,"osm_type":"way","bicycle":"yes","foot":"yes","highway":"secondary","lanes":"2","maxspeed":"50","maxweight":"10","name":"Ngõ 8 Cầu Bươu","name:en":"Kim Giang Road","source":"grab_hanoi_2018_t5","surface":"asphalt"},"geometry":{"type":"LineString","coordinates":[[105.8075674,20.9532483],[105.8078193,20.9536221],[105.8084484,20.9546937],[105.8090797,20.9557702],[105.8093953,20.9563448]]}},{"type":"Feature","properties":{"osm_id":685048918,"osm_type":"way","highway":"tertiary","lanes":"2","name":"Phố Thượng Thanh","name:en":"Thuong Thanh Street","source":"AsiaGPS","surface":"asphalt"},"geometry":{"type":"LineString","coordinates":[[105.8860396,21.0589804],[105.8862234,21.0586286],[105.8865439,21.0581372],[105.8868085,21.0577784],[105.8871201,21.0573848],[105.8875404,21.0568112],[105.8877491,21.0565278],[105.888104,21.0560411]]}},{"type":"Feature","properties":{"osm_id":35972592,"osm_type":"way","highway":"secondary","lanes":"2","lit":"yes","name":"Phố Cầu Mới","name:en":"Cau Moi Street","oneway":"yes","surface":"asphalt"},"geometry":{"type":"LineString","coordinates":[[105.8169541,21.005215],[105.8171325,21.0046119],[105.8172555,21.0042574],[105.8175419,21.0034996],[105.8182342,21.0020049],[105.8182888,21.0018862]]}},{"type":"Feature","properties":{"osm_id":1336683574,"osm_type":"way","highway":"secondary","lanes":"3","lit":"yes","motor_vehicle:conditional":"no @ (Jan 8 07:00-12:30; Jan 10 07:00-12:30)","name":"Đường Lê Quang Đạo","oneway":"yes","surface":"asphalt"},"geometry":{"type":"LineString","coordinates":[[105.7690163,21.0145828],[105.7695787,21.0139241],[105.7699218,21.0134886],[105.7702649,21.0130532],[105.7706167,21.0126293],[105.7708675,21.0123079],[105.7712683,21.0117854]]}},{"type":"Feature","properties":{"osm_id":1357700073,"osm_type":"way","highway":"tertiary","lanes":"2","lit":"yes","name":"Đường Âu Cơ","name:en":"Au Co Road","name:ja":"アウコー通り","oneway":"yes","oneway:bicycle":"no","oneway:foot":"no","oneway:motorcycle":"no","surface":"asphalt"},"geometry":{"type":"LineString","coordinates":[[105.8257701,21.0720173],[105.8258602,21.0716075],[105.8259244,21.0712595],[105.8259364,21.0708351],[105.8259293,21.07034],[105.8259406,21.0699837],[105.8259559,21.0696087],[105.8259712,21.0691591],[105.8259757,21.0687576],[105.8260353,21.0684484]]}},{"type":"Feature","properties":{"osm_id":972783380,"osm_type":"way","highway":"tertiary","lanes":"2","lit":"yes","name":"Phố Vạn Hạnh","name:en":"Van Hanh Street","oneway":"yes","surface":"asphalt"},"geometry":{"type":"LineString","coordinates":[[105.9062847,21.0662931],[105.9072233,21.067285],[105.9075304,21.0676094],[105.9077927,21.0678866],[105.9080988,21.06821],[105.9084043,21.0685328],[105.9087566,21.0688962]]}},{"type":"Feature","properties":{"osm_id":492297094,"osm_type":"way","embankment":"yes","foot":"no","highway":"trunk","lanes":"2","lit":"yes","maxspeed:motorcar":"80","name":"Đường Vành đai 2","name:en":"Ring Road 2","oneway":"yes","sidewalk":"no","surface":"asphalt"},"geometry":{"type":"LineString","coordinates":[[105.8048473,21.0340674],[105.8045731,21.0336853],[105.8039971,21.0328076],[105.8037011,21.0323959],[105.8034601,21.0320579],[105.803189,21.0317153],[105.8027208,21.0311809]]}},{"type":"Feature","properties":{"osm_id":706783195,"osm_type":"way","alt_name":"Đường Vành đai 2.5","alt_name:en":"Ring Road 2.5","highway":"primary","lanes":"3","lit":"yes","name":"Phố Tân Mai","name:en":"Tan Mai Street","oneway":"yes","sidewalk":"separate","surface":"asphalt"},"geometry":{"type":"LineString","coordinates":[[105.8579374,20.9836525],[105.8572402,20.9836503],[105.8567335,20.9836488],[105.8563663,20.9836477],[105.8554488,20.9836449],[105.8544837,20.9836402],[105.8543482,20.9836395]]}},{"type":"Feature","properties":{"osm_id":1119201349,"osm_type":"way","highway":"tertiary","lanes":"4","name":"Đường Ban Trắng","sidewalk":"both","surface":"asphalt"},"geometry":{"type":"LineString","coordinates":[[105.9463731,21.0055182],[105.9471751,21.0064754],[105.9479089,21.0073511],[105.9485867,21.00816],[105.9486763,21.008267]]}},{"type":"Feature","properties":{"osm_id":38136703,"osm_type":"way","alt_name":"Đường Vành đai 2.5","alt_name:en":"Ring Road 2.5","highway":"primary","lanes":"2","lit":"yes","name":"Phố Kim Đồng","name:en":"Kim Dong Street","oneway":"yes","sidewalk:left":"no","sidewalk:right":"separate","surface":"asphalt"},"geometry":{"type":"LineString","coordinates":[[105.8452314,20.9837675],[105.8443904,20.9838126],[105.8438699,20.9838136],[105.8431752,20.9838172],[105.8424579,20.9838209],[105.8419733,20.983822],[105.8416471,20.9838216]]}},{"type":"Feature","properties":{"osm_id":295514386,"osm_type":"way","highway":"tertiary","lanes":"4","lit":"yes","name":"Phố Duy Tân","name:en":"Duy Tan Street","oneway":"no","sidewalk:both":"separate","surface":"asphalt"},"geometry":{"type":"LineString","coordinates":[[105.7874562,21.030375],[105.7868588,21.0304636],[105.7864013,21.0305315],[105.7859963,21.0305944],[105.7852695,21.0307027],[105.7846612,21.0307989],[105.7840879,21.0308905],[105.7839135,21.030919]]}},{"type":"Feature","properties":{"osm_id":1459868970,"osm_type":"way","highway":"tertiary","name":"Đường Thành Phố 5"},"geometry":{"type":"LineString","coordinates":[[105.860434,21.0948888],[105.8609142,21.0952666],[105.8616384,21.0958616],[105.8623254,21.0964284],[105.8626342,21.096678],[105.8632016,21.0971613]]}},{"type":"Feature","properties":{"osm_id":1052604934,"osm_type":"way","highway":"secondary","lit":"yes","name":"Đường Hoàng Minh Thảo","name:en":"Hoang Minh Thao Road","oneway":"yes","source":"DigitalGlobe","surface":"asphalt"},"geometry":{"type":"LineString","coordinates":[[105.7858364,21.0624672],[105.7888988,21.0624584],[105.7894173,21.0624592]]}},{"type":"Feature","properties":{"osm_id":1098003248,"osm_type":"way","bicycle":"no","bridge":"viaduct","foot":"no","highway":"motorway","horse":"no","lanes":"2","layer":"2","lit":"yes","maxspeed":"80","minspeed":"60","motorcar":"yes","motorcycle":"no","name":"Đường cao tốc Vành đai 3 TP. Hà Nội","name:en":"Ring Road 3 Expressway (Hanoi)","oneway":"yes","ref":"CT.37","start_date":"2020-10-11","surface":"asphalt"},"geometry":{"type":"LineString","coordinates":[[105.78103,21.0416541],[105.7810806,21.0423543],[105.7811591,21.0434241],[105.7812088,21.0441295],[105.781286,21.0452231]]}},{"type":"Feature","properties":{"osm_id":1098003246,"osm_type":"way","bicycle":"no","bridge":"viaduct","foot":"no","highway":"motorway","horse":"no","lanes":"2","layer":"2","lit":"yes","maxspeed":"80","minspeed":"60","motorcar":"yes","motorcycle":"no","name":"Đường cao tốc Vành đai 3 TP. Hà Nội","name:en":"Ring Road 3 Expressway (Hanoi)","oneway":"yes","ref":"CT.37","start_date":"2020-10-11","surface":"asphalt"},"geometry":{"type":"LineString","coordinates":[[105.781113,21.0452318],[105.7810356,21.0441344],[105.780986,21.0434328],[105.7809076,21.042363],[105.7808814,21.0420011],[105.780857,21.0416628]]}},{"type":"Feature","properties":{"osm_id":600619925,"osm_type":"way","highway":"tertiary","name":"Đường Chiến Thắng","surface":"asphalt"},"geometry":{"type":"LineString","coordinates":[[105.7946026,20.9754588],[105.7953613,20.9759904],[105.7959446,20.9764721],[105.7962734,20.9767408],[105.796596,20.9770101],[105.7970167,20.9773233],[105.7974108,20.9776706]]}},{"type":"Feature","properties":{"osm_id":1169767227,"osm_type":"way","contributor":"GIS_OTS","hgv":"yes","highway":"secondary","lanes":"4","lit":"yes","name":"Đường Hoàng Quốc Việt","name:en":"Hoang Quoc Viet Road","oneway":"yes","surface":"asphalt"},"geometry":{"type":"LineString","coordinates":[[105.786369,21.0460778],[105.7874716,21.0460779],[105.788744,21.046078],[105.7899439,21.0460781]]}},{"type":"Feature","properties":{"osm_id":601990638,"osm_type":"way","highway":"tertiary","lit":"no","name":"Đường Nguyễn Khoái","name:en":"Nguyen Khoai Road"},"geometry":{"type":"LineString","coordinates":[[105.8925015,20.9792771],[105.8928435,20.97955],[105.8932257,20.9800259],[105.8934617,20.980359],[105.8936682,20.9806495],[105.8939123,20.9810326],[105.8942852,20.9817414],[105.894638,20.9821044]]}},{"type":"Feature","properties":{"osm_id":465069889,"osm_type":"way","alt_name":"Ngõ 155 Trường Chinh","highway":"tertiary","lanes":"2","name":"Phố Nguyễn Lân","name:en":"Nguyen Lan Street","sidewalk":"both","surface":"asphalt"},"geometry":{"type":"LineString","coordinates":[[105.8357071,20.9989243],[105.8359768,20.9982346],[105.8362172,20.9975263],[105.8362767,20.9968218],[105.8363003,20.9962215],[105.8363258,20.9955717],[105.8363308,20.9954445]]}},{"type":"Feature","properties":{"osm_id":395930237,"osm_type":"way","destination":"Bắc Ninh","highway":"motorway_link","lanes":"2","lit":"no","motorcycle":"yes","name":"Đi Bắc Ninh","oneway":"yes","surface":"asphalt"},"geometry":{"type":"LineString","coordinates":[[105.9128543,21.0053576],[105.9134223,21.0053821],[105.9139218,21.0054463],[105.9141818,21.0057122],[105.9142066,21.0061399],[105.9141116,21.0065947],[105.9141529,21.0070995],[105.9142914,21.0075023],[105.9144233,21.0077746]]}},{"type":"Feature","properties":{"osm_id":333415913,"osm_type":"way","highway":"trunk","lanes":"3","lit":"yes","name":"Đường Cầu Diễn","name:en":"Cau Dien Road","old_name":"Liên tỉnh lộ 11A","oneway":"yes","ref":"QL.32","surface":"asphalt"},"geometry":{"type":"LineString","coordinates":[[105.7564321,21.0436101],[105.755886,21.0438113],[105.755407,21.0439888],[105.7550478,21.0441219],[105.7544755,21.044334],[105.7540043,21.0445086],[105.7530855,21.0448491]]}},{"type":"Feature","properties":{"osm_id":601965749,"osm_type":"way","highway":"tertiary","lanes":"2","lit":"yes","maxweight":"5","name":"Ngõ 1 Phố Thúy Lĩnh","surface":"asphalt"},"geometry":{"type":"LineString","coordinates":[[105.8928193,20.9791759],[105.8931023,20.9794373],[105.8934081,20.9798042],[105.8936816,20.9801937],[105.8939874,20.980647],[105.8941886,20.9809525],[105.8943911,20.9812981],[105.8945604,20.981612],[105.8947172,20.9819618],[105.8947719,20.9821245]]}},{"type":"Feature","properties":{"osm_id":774597879,"osm_type":"way","highway":"primary","lanes":"1","lit":"yes","name":"Đường Trường Chinh","name:en":"Truong Chinh Road","oneway":"yes","surface":"asphalt"},"geometry":{"type":"LineString","coordinates":[[105.8227606,21.0022542],[105.8232917,21.0021187],[105.8241532,21.0018904],[105.8251723,21.001639],[105.8255691,21.0015357],[105.826016,21.0014305],[105.826217,21.0014287]]}},{"type":"Feature","properties":{"osm_id":605128434,"osm_type":"way","highway":"tertiary","lanes":"2","lit":"yes","name":"Phố Chùa Láng","name:en":"Chua Lang Street","sidewalk:both":"separate","sidewalk:both:width":"3.50","surface":"asphalt"},"geometry":{"type":"LineString","coordinates":[[105.8001907,21.0225723],[105.8006189,21.0227283],[105.8011333,21.0229053],[105.801734,21.0231205],[105.8023808,21.0232391],[105.8027521,21.023295],[105.8034247,21.0234016],[105.8036281,21.0234259]]}},{"type":"Feature","properties":{"osm_id":1298033578,"osm_type":"way","highway":"secondary","lanes":"2","name":"Ngõ 216 Phố Định Công","surface":"asphalt"},"geometry":{"type":"LineString","coordinates":[[105.8358649,20.9869364],[105.8354358,20.9864986],[105.8351883,20.986207],[105.8349823,20.9858384],[105.8348352,20.9853508],[105.8346819,20.9847485],[105.8346805,20.9842653],[105.8347602,20.983747]]}},{"type":"Feature","properties":{"osm_id":179990709,"osm_type":"way","highway":"secondary","lanes":"3","lit":"yes","name":"Phố Hoàng Cầu","name:en":"Hoang Cau Street","oneway":"yes","surface":"asphalt"},"geometry":{"type":"LineString","coordinates":[[105.8232227,21.0165348],[105.8222667,21.0164636],[105.8217641,21.0164718],[105.8213773,21.0164667],[105.8210325,21.0163245],[105.8207744,21.0160627],[105.8200999,21.015375]]}},{"type":"Feature","properties":{"osm_id":955842613,"osm_type":"way","highway":"tertiary","name":"Đường Hồ Đền Lừ","name:en":"Den Lu Lake Road","surface":"asphalt"},"geometry":{"type":"LineString","coordinates":[[105.8544385,20.9866075],[105.8549318,20.9864921],[105.8558924,20.9862511],[105.856625,20.9860673],[105.8569884,20.9859773],[105.8574062,20.9858773],[105.8578164,20.9857791],[105.8578837,20.985763]]}},{"type":"Feature","properties":{"osm_id":735118040,"osm_type":"way","highway":"primary","lit":"yes","name":"Đường Xuân Tảo","name:en":"Xuan Tao Road","oneway":"yes","surface":"asphalt"},"geometry":{"type":"LineString","coordinates":[[105.7975121,21.0519367],[105.7975135,21.0515737],[105.7975338,21.0503465],[105.7975373,21.0499793],[105.7975351,21.049223],[105.7975653,21.0483911]]}},{"type":"Feature","properties":{"osm_id":706716339,"osm_type":"way","highway":"primary","lanes":"3","lit":"yes","loc_name":"Quốc lộ 1A cũ","name":"Đường Nguyễn Văn Cừ","name:en":"Nguyen Van Cu Road","oneway":"yes","surface":"asphalt"},"geometry":{"type":"LineString","coordinates":[[105.8727547,21.0440955],[105.8739517,21.0446976],[105.8746437,21.0450437],[105.8751927,21.0453025],[105.875936,21.0456558]]}},{"type":"Feature","properties":{"osm_id":682239136,"osm_type":"way","highway":"tertiary","lanes":"2","lit":"yes","name":"Phố Bùi Thiện Ngộ","name:en":"Bui Thien Ngo Street","surface":"asphalt"},"geometry":{"type":"LineString","coordinates":[[105.909722,21.0605603],[105.9093426,21.0598068],[105.909144,21.0594124],[105.9087068,21.0584416],[105.9078345,21.057998],[105.9076503,21.0579043]]}},{"type":"Feature","properties":{"osm_id":148202856,"osm_type":"way","contributor":"GIS_OTS","hgv":"yes","highway":"secondary","lanes":"3","lit":"yes","name":"Đường Nguyễn Phong Sắc","name:en":"Nguyen Phong Sac Road","oneway":"yes","sidewalk:left":"no","sidewalk:right":"separate","surface":"asphalt"},"geometry":{"type":"LineString","coordinates":[[105.7898509,21.0364114],[105.7900373,21.0367081],[105.7901516,21.0371414],[105.7902432,21.037493],[105.7904835,21.0382922],[105.7905455,21.0386632],[105.7905619,21.0393874],[105.7905663,21.039821]]}},{"type":"Feature","properties":{"osm_id":704933930,"osm_type":"way","highway":"primary","lanes":"2","lit":"yes","name":"Đường Bưởi","name:en":"Buoi Road","oneway":"yes","sidewalk":"right","smoothness":"good","surface":"asphalt"},"geometry":{"type":"LineString","coordinates":[[105.8030503,21.0311027],[105.8033606,21.0315208],[105.8041721,21.0326729],[105.8044357,21.0330736],[105.8047869,21.0336219],[105.8050388,21.0340173]]}},{"type":"Feature","properties":{"osm_id":627918374,"osm_type":"way","highway":"primary","lanes":"3","lit":"yes","loc_name":"Quốc lộ 1A cũ","name":"Đường Nguyễn Văn Cừ","name:en":"Nguyen Van Cu Road","name:id":"Jalan Nguyen Van Cu","oneway":"yes","surface":"asphalt"},"geometry":{"type":"LineString","coordinates":[[105.8758777,21.0457582],[105.8753454,21.0454999],[105.8743622,21.0450265],[105.8736028,21.044655],[105.8730136,21.0443579],[105.8727129,21.0441993]]}},{"type":"Feature","properties":{"osm_id":155790506,"osm_type":"way","highway":"tertiary","name":"Phố Nhật Chiêu","oneway":"no","surface":"asphalt"},"geometry":{"type":"LineString","coordinates":[[105.8197134,21.0740943],[105.8189157,21.0734809],[105.8183085,21.0729897],[105.8175544,21.0723863],[105.8173131,21.0721309],[105.8169856,21.0719958],[105.8169206,21.0720088]]}},{"type":"Feature","properties":{"osm_id":1240344628,"osm_type":"way","highway":"primary","lanes":"6","lit":"yes","name":"Đường Phạm Hùng","name:en":"Pham Hung Road","oneway":"yes","surface":"asphalt"},"geometry":{"type":"LineString","coordinates":[[105.7798257,21.0330638],[105.7797131,21.0324323],[105.7795458,21.0314594],[105.7794333,21.0308128],[105.7793383,21.0302466],[105.7792338,21.0297097],[105.7792115,21.029594]]}},{"type":"Feature","properties":{"osm_id":1290379902,"osm_type":"way","highway":"secondary","lanes":"2","lit":"yes","name":"Đường Trương Định","name:en":"Truong Dinh Road","sidewalk":"separate","surface":"asphalt"},"geometry":{"type":"LineString","coordinates":[[105.849114,20.9916603],[105.8488521,20.9914063],[105.8485166,20.9911048],[105.8481948,20.9908056],[105.8478497,20.9904776],[105.8475665,20.990179],[105.8473986,20.9898497],[105.8472733,20.9892745],[105.8471896,20.9888637]]}},{"type":"Feature","properties":{"osm_id":428691379,"osm_type":"way","highway":"tertiary","maxspeed":"50","name":"Phố Triều Khúc","name:en":"Trieu Khuc Street","oneway":"no","surface":"concrete"},"geometry":{"type":"LineString","coordinates":[[105.8001791,20.9837383],[105.8005881,20.9833786],[105.8007317,20.9828541],[105.8007125,20.9823569],[105.8007735,20.981942],[105.8008772,20.9813972],[105.8009392,20.9810318],[105.8008582,20.9806124],[105.8008399,20.980454]]}},{"type":"Feature","properties":{"osm_id":1021139577,"osm_type":"way","highway":"tertiary","lanes":"2","name":"Phố Mậu Lương","surface":"asphalt"},"geometry":{"type":"LineString","coordinates":[[105.7965654,20.9563858],[105.7961935,20.9563956],[105.79571,20.9564567],[105.7951961,20.9565195],[105.794639,20.9565927],[105.794211,20.9566432],[105.7933722,20.9567622],[105.7930802,20.9568039]]}},{"type":"Feature","properties":{"osm_id":953158817,"osm_type":"way","highway":"secondary","lanes":"3","lit":"yes","name":"Phố Hoàng Đạo Thúy","name:en":"Hoang Dao Thuy Street","oneway":"yes","surface":"asphalt"},"geometry":{"type":"LineString","coordinates":[[105.8003747,21.0094597],[105.8011642,21.008687],[105.8014435,21.0084068],[105.8022334,21.0076351],[105.8027273,21.0071493],[105.8028721,21.0069953]]}},{"type":"Feature","properties":{"osm_id":601895141,"osm_type":"way","embankment":"yes","highway":"secondary","lanes":"2","lit":"yes","name":"Đường Gia Thượng","name:en":"Gia Thuong Road","oneway":"no","surface":"concrete"},"geometry":{"type":"LineString","coordinates":[[105.9071528,21.0767463],[105.9042244,21.0770117],[105.9036595,21.0769648]]}},{"type":"Feature","properties":{"osm_id":964872502,"osm_type":"way","highway":"primary","lanes":"3","lit":"yes","name":"Phố Hồng Tiến","name:en":"Hong Tien Street","oneway":"yes","surface":"asphalt"},"geometry":{"type":"LineString","coordinates":[[105.8794767,21.0320272],[105.8795779,21.0324117],[105.8798836,21.0330678],[105.8801326,21.0337663],[105.8801842,21.0341292],[105.8801588,21.0345622],[105.8800165,21.0350253],[105.8798623,21.0353496]]}},{"type":"Feature","properties":{"osm_id":498615709,"osm_type":"way","highway":"secondary","lanes":"2","lit":"yes","name":"Phố Long Biên 1","name:en":"Long Bien 1 Street","oneway":"yes","source":"AsiaGPS","surface":"asphalt"},"geometry":{"type":"LineString","coordinates":[[105.8695461,21.0456114],[105.8691484,21.0456044],[105.8685751,21.0456748],[105.8680741,21.0457569],[105.8672707,21.0459064],[105.8665188,21.046048],[105.8660848,21.046096]]}},{"type":"Feature","properties":{"osm_id":179993959,"osm_type":"way","highway":"secondary","lanes":"3","lit":"yes","name":"Phố Yên Lãng","old_name":"Ngõ Thái Thịnh II","oneway":"yes","surface":"asphalt"},"geometry":{"type":"LineString","coordinates":[[105.817155,21.012083],[105.8166773,21.0114805],[105.8164081,21.0111327],[105.8161596,21.0108197],[105.8159375,21.0105436],[105.8156933,21.0102375],[105.8154653,21.009957],[105.8151875,21.0096782],[105.8149107,21.0094103]]}},{"type":"Feature","properties":{"osm_id":1227955094,"osm_type":"way","alt_name":"Quốc lộ 5B","alt_name:en":"National Highway 5B","alt_ref":"QL.5B","destination:ref":"CT.04","highway":"motorway_link","lit":"no","maxspeed":"60","motorcycle":"no","name":"Đường cao tốc Hà Nội – Hải Phòng","name:en":"Hanoi – Haiphong Expressway","oneway":"yes","ref":"CT.04","surface":"asphalt"},"geometry":{"type":"LineString","coordinates":[[105.9232088,21.005994],[105.9243851,21.0049068],[105.9253241,21.0040146],[105.9257772,21.0036253]]}},{"type":"Feature","properties":{"osm_id":914299063,"osm_type":"way","highway":"primary","lanes":"3","lit":"yes","maxspeed:type":"VN:urban","name":"Đường Cổ Linh","name:en":"Co Linh Road","oneway":"yes","sidewalk":"right","sidewalk:right:surface":"paving_stones","smoothness":"excellent","surface":"asphalt"},"geometry":{"type":"LineString","coordinates":[[105.9130157,21.0179854],[105.9125888,21.0183892],[105.9123275,21.018637],[105.9120507,21.0189],[105.9112657,21.0196211],[105.9104595,21.0203667]]}},{"type":"Feature","properties":{"osm_id":136557866,"osm_type":"way","highway":"secondary","lanes":"2","lit":"yes","maxspeed":"50","name":"Phố Thanh Nhàn","name:en":"Thanh Nhan Street","oneway":"no","surface":"asphalt"},"geometry":{"type":"LineString","coordinates":[[105.8586668,21.0027918],[105.8582386,21.0027568],[105.8577968,21.0027249],[105.8574418,21.002725],[105.8568141,21.0027438],[105.8563376,21.0027509],[105.8559643,21.0027668],[105.8551784,21.0027894]]}},{"type":"Feature","properties":{"osm_id":813363002,"osm_type":"way","highway":"primary","lanes":"3","lit":"yes","maxspeed":"60","maxspeed:type":"VN:urban","name":"Đường Đại Cồ Việt","name:en":"Dai Co Viet Road","name:zh":"大瞿越路","oneway":"yes","sidewalk":"right","sidewalk:right:surface":"paving_stones","smoothness":"excellent","surface":"asphalt"},"geometry":{"type":"LineString","coordinates":[[105.8449471,21.0079814],[105.843758,21.0079211],[105.8430657,21.0078477],[105.8424483,21.0077966],[105.8418746,21.0078013],[105.8414691,21.0078117]]}},{"type":"Feature","properties":{"osm_id":220689027,"osm_type":"way","highway":"tertiary","lit":"yes","name":"Đường KĐT Nam Thăng Long","oneway":"yes","surface":"asphalt"},"geometry":{"type":"LineString","coordinates":[[105.7925475,21.084273],[105.7922093,21.0837913],[105.7918402,21.0833784],[105.7913693,21.0827922],[105.7910689,21.0822316],[105.7909241,21.0819013],[105.7908494,21.0814501],[105.7908115,21.0813231]]}},{"type":"Feature","properties":{"osm_id":956129604,"osm_type":"way","highway":"trunk","lanes":"4","lit":"yes","name":"Đường Ngọc Hồi","name:en":"Ngoc Hoi Road","note:vi":"Quốc lộ 1 là tên chính thức của con đường này, theo Quyết định số 1454/QĐ-TTg ngày 1 tháng 9 năm 2021 của Thủ tướng Chính phủ Việt Nam. Đề nghị không sửa tên thành \"Quốc lộ 1A\".","oneway":"yes","ref":"QL.1","surface":"asphalt","wikidata":"Q1372266","wikipedia":"vi:Quốc lộ 1"},"geometry":{"type":"LineString","coordinates":[[105.8430117,20.9573125],[105.842741,20.958592],[105.8426058,20.9592312],[105.8424055,20.960178],[105.8423129,20.9606092],[105.8422941,20.9607044]]}},{"type":"Feature","properties":{"osm_id":706764073,"osm_type":"way","embankment":"yes","highway":"primary","lanes":"2","name":"Đường Ngọc Thụy","name:en":"Ngoc Thuy Road","oneway":"no","surface":"asphalt"},"geometry":{"type":"LineString","coordinates":[[105.8627968,21.0619301],[105.8638876,21.0623902],[105.8642729,21.0625748],[105.8646587,21.0627727],[105.8655631,21.0632647],[105.8659065,21.063452]]}},{"type":"Feature","properties":{"osm_id":408823241,"osm_type":"way","highway":"secondary","lanes":"3","lit":"yes","name":"Phố Hoàng Đạo Thúy","name:en":"Hoang Dao Thuy Street","oneway":"yes","surface":"asphalt"},"geometry":{"type":"LineString","coordinates":[[105.8022672,21.0077748],[105.8016721,21.008357],[105.8013771,21.00865],[105.8004702,21.009542],[105.8001874,21.0098137],[105.799793,21.0101979]]}},{"type":"Feature","properties":{"osm_id":956489652,"osm_type":"way","highway":"trunk","lanes":"4","lit":"yes","maxspeed:type":"VN:urban","name":"Đường Ngọc Hồi","name:en":"Ngoc Hoi Road","note:vi":"Quốc lộ 1 là tên chính thức của con đường này, theo Quyết định số 1454/QĐ-TTg ngày 1 tháng 9 năm 2021 của Thủ tướng Chính phủ Việt Nam. Đề nghị không sửa tên thành \"Quốc lộ 1A\".","oneway":"yes","ref":"QL.1","surface":"asphalt","wikidata":"Q1372266","wikipedia":"vi:Quốc lộ 1"},"geometry":{"type":"LineString","coordinates":[[105.8420415,20.9606602],[105.8421245,20.9602668],[105.842564,20.958183],[105.8426957,20.9575586],[105.8427559,20.9572732]]}},{"type":"Feature","properties":{"osm_id":965548422,"osm_type":"way","highway":"primary","lanes":"2","lit":"yes","name":"Đường Bưởi","name:en":"Buoi Road","oneway":"yes","surface":"asphalt"},"geometry":{"type":"LineString","coordinates":[[105.8059386,21.0410711],[105.8061786,21.0406524],[105.8064473,21.0401649],[105.8065675,21.0397586],[105.8066671,21.0392069],[105.8067142,21.038777],[105.8066964,21.0384054],[105.8066612,21.0378441],[105.8066578,21.0377734]]}},{"type":"Feature","properties":{"osm_id":1227766743,"osm_type":"way","highway":"motorway","int_ref":"AH1","lanes":"3","lit":"yes","maxspeed":"90","maxspeed:lanes":"90|70|50","motorcycle":"yes","name":"Đường cao tốc Hà Nội - Bắc Giang","name:en":"Hanoi - Bac Giang Expressway","name:ko":"하노이 - 박장 고속도로","note:vi":"Quốc lộ 1 là tên chính thức của con đường này, theo Quyết định số 1454/QĐ-TTg ngày 1 tháng 9 năm 2021 của Thủ tướng Chính phủ Việt Nam. Đề nghị không sửa tên thành \"Quốc lộ 1A\".","oneway":"yes","ref":"CT.37;CT.01;QL.1","source":"GPS;Mapbox","surface":"asphalt","wikidata":"Q125019737","wikipedia":"vi:Đường cao tốc Hà Nội – Bắc Giang"},"geometry":{"type":"LineString","coordinates":[[105.9517038,21.0588355],[105.9496453,21.0560556]]}},{"type":"Feature","properties":{"osm_id":955842615,"osm_type":"way","highway":"tertiary","lanes":"2","name":"Đường Hoàng Mai","name:en":"Hoang Mai Road","surface":"asphalt"},"geometry":{"type":"LineString","coordinates":[[105.8602154,20.9870679],[105.8609002,20.9865424],[105.8614939,20.9861124],[105.86181,20.9858853],[105.8621961,20.9856104],[105.8625,20.9853965],[105.8629999,20.9850216]]}},{"type":"Feature","properties":{"osm_id":704054142,"osm_type":"way","highway":"secondary","lanes":"2","lit":"yes","name":"Đường Tân Xuân","name:en":"Tan Xuan Road","oneway":"yes","surface":"asphalt"},"geometry":{"type":"LineString","coordinates":[[105.7853507,21.082382],[105.7853995,21.0829547],[105.7854294,21.0833326],[105.7855624,21.0846818],[105.7855969,21.0851472],[105.7856453,21.0856804],[105.7856821,21.0858144]]}},{"type":"Feature","properties":{"osm_id":708993704,"osm_type":"way","highway":"primary","lanes":"3","lit":"yes","name":"Phố Hồng Tiến","name:en":"Hong Tien Street","oneway":"yes","surface":"asphalt"},"geometry":{"type":"LineString","coordinates":[[105.8747023,21.0401542],[105.8750444,21.0396148],[105.8754051,21.0392042],[105.8759684,21.0386935],[105.8764565,21.0382792],[105.8769698,21.0378221],[105.8770986,21.0377073]]}},{"type":"Feature","properties":{"osm_id":37801740,"osm_type":"way","highway":"tertiary","lanes":"2","name":"Phố Quan Nhân","name:en":"Quan Nhan Street","surface":"asphalt"},"geometry":{"type":"LineString","coordinates":[[105.812051,21.0071526],[105.8118928,21.0066926],[105.8117308,21.0062167],[105.8116307,21.0058541],[105.8115349,21.0054409],[105.8113928,21.0049324],[105.8112477,21.004296],[105.811167,21.0039182],[105.8111488,21.003833]]}},{"type":"Feature","properties":{"osm_id":1246265594,"osm_type":"way","highway":"tertiary","lit":"yes","name":"Phố Mai Anh Tuấn","name:en":"Mai Anh Tuan Street","surface":"asphalt"},"geometry":{"type":"LineString","coordinates":[[105.8210503,21.0190995],[105.8215575,21.0189588],[105.8225503,21.0186339],[105.8229511,21.0184931],[105.8236406,21.0182246],[105.8241401,21.0179988],[105.8242829,21.0179336]]}},{"type":"Feature","properties":{"osm_id":601906391,"osm_type":"way","highway":"secondary","lanes":"5","lit":"yes","name":"Phố Trần Hữu Dực","name:en":"Tran Huu Duc Street","oneway":"yes","surface":"asphalt"},"geometry":{"type":"LineString","coordinates":[[105.7645444,21.0290073],[105.7654158,21.0287298],[105.7675537,21.0280667],[105.7678255,21.0279787]]}},{"type":"Feature","properties":{"osm_id":601956114,"osm_type":"way","highway":"motorway_link","lanes":"2","lit":"no","maxspeed":"60","motorcycle":"yes","name":"Đi Đường cao tốc Hà Nội - Bắc Giang, Vành đai 3, Quốc lộ 1","oneway":"yes","surface":"asphalt"},"geometry":{"type":"LineString","coordinates":[[105.9259529,21.0037685],[105.9256891,21.00412],[105.9251064,21.0048641],[105.923834,21.006474]]}},{"type":"Feature","properties":{"osm_id":885892457,"osm_type":"way","highway":"trunk","lanes":"4","lit":"yes","maxspeed":"60","name":"Đường Quang Trung","name:en":"Quang Trung Road","oneway":"yes","ref":"QL.6","surface":"asphalt","wikidata":"Q2006553","wikipedia":"vi:Quốc lộ 6"},"geometry":{"type":"LineString","coordinates":[[105.7613447,20.9597335],[105.7601648,20.9588202],[105.7586281,20.9576307]]}},{"type":"Feature","properties":{"osm_id":708918485,"osm_type":"way","highway":"secondary","lanes":"2","lanes:motorcycle":"1","lit":"yes","motor_vehicle:conditional":"no @ (Aug 29 21:30-23:59; Aug 30 00:00-13:30; Sep 1 17:00-23:59; Sep 2 00:00-16:00)","motorcycle:lanes":"||yes","name":"Phố Phan Đình Phùng","name:en":"Phan Dinh Phung Street","name:zh":"潘庭逢街","name:zh-Latn-pinyin":"pān tíng féng jiē","old_name:fr":"Boulevard Carnot","oneway":"yes","surface":"asphalt"},"geometry":{"type":"LineString","coordinates":[[105.8420285,21.0406404],[105.8426454,21.0405307],[105.8430366,21.0404628],[105.8435413,21.0403753],[105.843887,21.0403153],[105.8447813,21.0401602],[105.8452652,21.0400762],[105.8454121,21.0400507]]}},{"type":"Feature","properties":{"osm_id":883126620,"osm_type":"way","highway":"primary","lit":"yes","name":"Đường Xuân Tảo","name:en":"Xuan Tao Road","oneway":"yes","surface":"asphalt"},"geometry":{"type":"LineString","coordinates":[[105.797746,21.0483795],[105.7977519,21.0488792],[105.7977711,21.0498751],[105.7977709,21.050289],[105.7977693,21.0513075],[105.7977702,21.0517186],[105.7977703,21.0518092]]}},{"type":"Feature","properties":{"osm_id":28945482,"osm_type":"way","highway":"primary","lanes":"2","lit":"yes","name":"Phố Giảng Võ","name:en":"Giang Vo Street","surface":"asphalt"},"geometry":{"type":"LineString","coordinates":[[105.8273507,21.0295689],[105.8280212,21.0300788],[105.8283137,21.03029],[105.8287269,21.030582],[105.8294735,21.0311542],[105.8297515,21.0313818],[105.8298755,21.0317839]]}},{"type":"Feature","properties":{"osm_id":399856727,"osm_type":"way","highway":"tertiary","lanes":"2","name":"Phố Tân Thụy","name:en":"Tan Thuy Street","surface":"asphalt"},"geometry":{"type":"LineString","coordinates":[[105.8969203,21.0424472],[105.8972746,21.0427556],[105.8975653,21.0429826],[105.8979207,21.0432978],[105.8981874,21.0435535],[105.8985496,21.0438838],[105.8988147,21.0441244],[105.8991312,21.0444051],[105.8994048,21.0446351],[105.8994959,21.04471]]}},{"type":"Feature","properties":{"osm_id":1273237088,"osm_type":"way","highway":"tertiary","lanes":"2","maxspeed":"50","name":"Đường Lương Thế Vinh","name:en":"Luong The Vinh Road","surface":"asphalt"},"geometry":{"type":"LineString","coordinates":[[105.7962666,20.99088],[105.7966508,20.9904953],[105.7970518,20.9900708],[105.7977617,20.9893027],[105.7985929,20.9884824],[105.7986545,20.9884225]]}},{"type":"Feature","properties":{"osm_id":37567095,"osm_type":"way","highway":"primary","lanes":"2","lit":"yes","motor_vehicle:conditional":"no @ (Aug 29 21:30-23:59; Aug 30 00:00-13:30; Sep 1 17:00-23:59; Sep 2 00:00-16:00)","name":"Phố Liễu Giai","name:en":"Lieu Giai Street","name:ja":"リューザイ通り","oneway":"yes","surface":"asphalt"},"geometry":{"type":"LineString","coordinates":[[105.8149064,21.0372027],[105.814719,21.0365883],[105.8145833,21.0361526],[105.8144585,21.0357243],[105.8141731,21.0347958],[105.8140494,21.0343615],[105.8139284,21.0339223]]}},{"type":"Feature","properties":{"osm_id":460259869,"osm_type":"way","highway":"tertiary","lanes":"2","lit":"yes","name":"Phố Nguyễn Du","name:en":"Nguyen Du Street","name:zh":"阮攸街","sidewalk:both":"separate","surface":"asphalt"},"geometry":{"type":"LineString","coordinates":[[105.8476612,21.0190967],[105.8473042,21.019172],[105.8462157,21.0193914],[105.8456923,21.0195002],[105.8445115,21.0197532],[105.8443164,21.0198187]]}},{"type":"Feature","properties":{"osm_id":489106103,"osm_type":"way","highway":"tertiary","lanes":"2","maxweight":"10","name":"Phố Hoàng Như Tiếp","name:en":"Hoang Nhu Tiep Street","surface":"asphalt"},"geometry":{"type":"LineString","coordinates":[[105.8768494,21.0414246],[105.8766747,21.0417627],[105.8764322,21.0422207],[105.8761877,21.0427059],[105.8759095,21.0432258],[105.875712,21.0436428],[105.8755396,21.0440206],[105.8753613,21.0443661],[105.8753096,21.044474]]}},{"type":"Feature","properties":{"osm_id":1462755089,"osm_type":"way","highway":"motorway_link","lanes":"2","maxspeed":"60","motorcycle":"no","name":"Nhánh kết nối ngõ 15 Ngọc Hồi vào cao tốc","name:en":"Lane 15 Ngoc Hoi Road to Phap Van - Cau Gie Expressway","oneway":"yes"},"geometry":{"type":"LineString","coordinates":[[105.8471543,20.9612691],[105.8477384,20.960887],[105.8480949,20.9607388],[105.8484654,20.9605498],[105.8489044,20.9601457],[105.8491814,20.9595613],[105.8493684,20.9589177]]}},{"type":"Feature","properties":{"osm_id":36082532,"osm_type":"way","contributor":"GIS_OTS","hgv":"yes","highway":"primary","lanes":"3","lit":"yes","name":"Đường Nguyễn Văn Huyên","name:en":"Nguyen Van Huyen Road","oneway":"yes","surface":"asphalt"},"geometry":{"type":"LineString","coordinates":[[105.7975378,21.0342801],[105.7976608,21.0350567],[105.7977868,21.0358574],[105.7978488,21.0363245],[105.7978656,21.0367181],[105.7978448,21.0372588],[105.7978225,21.0376663]]}},{"type":"Feature","properties":{"osm_id":711701023,"osm_type":"way","bus:lanes":"designated|yes|yes","highway":"primary","lanes":"3","lit":"yes","maxheight:lanes":"3.7||","name":"Đường Lê Trọng Tấn","oneway":"yes","surface":"asphalt"},"geometry":{"type":"LineString","coordinates":[[105.758737,20.9659511],[105.7574782,20.9666458],[105.756515,20.967168],[105.7557435,20.9675864]]}},{"type":"Feature","properties":{"osm_id":384534316,"osm_type":"way","highway":"tertiary","lanes":"2","name":"Phố Ngọc Trì","name:en":"Ngoc Tri Street","surface":"asphalt"},"geometry":{"type":"LineString","coordinates":[[105.9056529,21.022541],[105.9060349,21.0223206],[105.9072311,21.0221126],[105.9081022,21.0218903],[105.90852,21.0217491],[105.9089283,21.0217718]]}},{"type":"Feature","properties":{"osm_id":684108771,"osm_type":"way","cycleway":"shared_lane","highway":"tertiary","horse":"no","lanes":"2","maxheight":"default","name":"Phố Tân Khai","name:en":"Tan Khai Street","surface":"asphalt"},"geometry":{"type":"LineString","coordinates":[[105.872359,20.9896316],[105.8727301,20.9903699],[105.8731758,20.9913261],[105.8733206,20.9916646],[105.8736248,20.9923179],[105.8736912,20.9927433]]}},{"type":"Feature","properties":{"osm_id":884611116,"osm_type":"way","destination":"Ninh Bình","destination:ref":"QL.1","highway":"motorway_link","lanes":"2","lit":"no","motorcycle":"yes","name":"Đi Pháp Vân","oneway":"yes","surface":"asphalt"},"geometry":{"type":"LineString","coordinates":[[105.9162561,21.0117059],[105.9162787,21.0111991],[105.9162462,21.0107853],[105.9161514,21.0104281],[105.9160076,21.0100604],[105.9157792,21.009716],[105.9153566,21.009145],[105.9150011,21.0086754]]}},{"type":"Feature","properties":{"osm_id":1349483151,"osm_type":"way","contributor":"GIS_OTS","hgv":"yes","highway":"secondary","lanes":"2","lit":"yes","name":"Đường Nguyễn Khánh Toàn","name:en":"Nguyen Khanh Toan Road","oneway":"yes","source":"AsiaGPS","surface":"asphalt"},"geometry":{"type":"LineString","coordinates":[[105.8018753,21.0369046],[105.8026357,21.0363057],[105.8036146,21.0355256],[105.8044046,21.0349055],[105.8045424,21.0347992]]}},{"type":"Feature","properties":{"osm_id":28295221,"osm_type":"way","highway":"tertiary","lanes":"2","lit":"yes","name":"Phố Yên Phụ","oneway":"yes","oneway:bicycle":"no","oneway:mofa":"no","oneway:moped":"no","oneway:motorcycle":"no","surface":"asphalt"},"geometry":{"type":"LineString","coordinates":[[105.8357174,21.0553529],[105.8358753,21.0549949],[105.8360407,21.0546792],[105.8361991,21.0543625],[105.8364099,21.0539968],[105.836628,21.0536418],[105.8368686,21.0533144],[105.837187,21.0529543],[105.837592,21.0525554]]}},{"type":"Feature","properties":{"osm_id":1349483150,"osm_type":"way","contributor":"GIS_OTS","hgv":"yes","highway":"secondary","lane_markings":"yes","lanes":"3","lit":"yes","name":"Đường Nguyễn Khánh Toàn","name:en":"Nguyen Khanh Toan Road","oneway":"yes","source":"AsiaGPS","surface":"asphalt"},"geometry":{"type":"LineString","coordinates":[[105.804618,21.0348943],[105.8039294,21.0354334],[105.8031824,21.0360121],[105.8027351,21.0363638],[105.8024229,21.0366104],[105.802044,21.036911],[105.8019457,21.0369881]]}},{"type":"Feature","properties":{"osm_id":408805492,"osm_type":"way","hgv:conditional":"no @ (06:00-09:00; 16:30-19:30)","highway":"tertiary","maxspeed":"50","name":"Phố Triều Khúc","name:en":"Trieu Khuc Street","surface":"asphalt"},"geometry":{"type":"LineString","coordinates":[[105.7973263,20.9871225],[105.7977778,20.9866048],[105.7981383,20.9861887],[105.7983947,20.9859055],[105.7987369,20.9855345],[105.7992255,20.9850012],[105.7995752,20.9845855]]}},{"type":"Feature","properties":{"osm_id":892912619,"osm_type":"way","destination":"Đường cao tốc Hà Nội – Hải Phòng","highway":"motorway_link","lanes":"2","lit":"no","motorcycle":"no","name":"Đi Cổ Linh","oneway":"yes","surface":"asphalt"},"geometry":{"type":"LineString","coordinates":[[105.9227242,21.0076633],[105.922096,21.0082471],[105.9214601,21.0088312],[105.9206223,21.0096246],[105.9202249,21.0099451]]}},{"type":"Feature","properties":{"osm_id":1426152845,"osm_type":"way","highway":"secondary","lanes":"2","lit":"yes","name":"Đường Lạc Long Quân","name:en":"Lac Long Quan Road","oneway":"yes","surface":"asphalt"},"geometry":{"type":"LineString","coordinates":[[105.8129894,21.0738641],[105.8135552,21.0749121],[105.8137739,21.0752311],[105.8141041,21.0757169],[105.8147364,21.0766495],[105.8147861,21.0767234]]}},{"type":"Feature","properties":{"osm_id":601539483,"osm_type":"way","highway":"tertiary","name":"Đường Nguyễn Khoái","name:en":"Nguyen Khoai Road","oneway":"no"},"geometry":{"type":"LineString","coordinates":[[105.8942852,20.9817414],[105.8945585,20.98249],[105.8947555,20.9834019],[105.8948476,20.9840504],[105.8948791,20.9845509],[105.8948359,20.9850371]]}},{"type":"Feature","properties":{"osm_id":710332807,"osm_type":"way","highway":"trunk","lanes":"3","lit":"yes","maxspeed":"60","name":"Đường Nguyễn Trãi","name:en":"Nguyen Trai Road","oneway":"yes","ref":"QL.6","surface":"asphalt","wikidata":"Q2006553","wikipedia":"vi:Quốc lộ 6"},"geometry":{"type":"LineString","coordinates":[[105.7998329,20.9889055],[105.8002093,20.9891199],[105.800697,20.9894606],[105.8013086,20.9898877],[105.8018632,20.990275],[105.8024139,20.9906596],[105.8026195,20.9908032]]}},{"type":"Feature","properties":{"osm_id":709258482,"osm_type":"way","highway":"tertiary","lanes":"2","name":"Phố Lâm Hạ","name:en":"Lam Ha Street","source":"AsiaGPS","surface":"asphalt"},"geometry":{"type":"LineString","coordinates":[[105.882409,21.0392741],[105.8823665,21.0386246],[105.8823186,21.0380759],[105.8821647,21.0376676],[105.8819819,21.0373517],[105.8817383,21.0370899],[105.8813177,21.0366896],[105.8810142,21.0363906]]}},{"type":"Feature","properties":{"osm_id":898262239,"osm_type":"way","highway":"primary","lit":"yes","name":"Đường Phạm Hùng","name:en":"Pham Hung Road","oneway":"yes","surface":"asphalt","turn:lanes":"left|left;through|through|through|through"},"geometry":{"type":"LineString","coordinates":[[105.7790991,21.0215921],[105.779264,21.02125],[105.7795332,21.0207769],[105.7797466,21.0204667],[105.7804682,21.0195367],[105.7807247,21.0192201],[105.7810248,21.0188455]]}},{"type":"Feature","properties":{"osm_id":464097835,"osm_type":"way","highway":"tertiary","lanes":"2","lit":"yes","name":"Phố Lò Đúc","name:en":"Lo Duc Street","old_name:fr":"Boulevard Armand Rousseau","surface":"asphalt"},"geometry":{"type":"LineString","coordinates":[[105.8556233,21.0172861],[105.8559032,21.0167858],[105.8561017,21.0164053],[105.8562876,21.0160716],[105.8564742,21.0157404],[105.8567269,21.0152951],[105.8572118,21.0144607],[105.8572754,21.0143557]]}},{"type":"Feature","properties":{"osm_id":252400871,"osm_type":"way","highway":"primary","lanes":"2","lit":"yes","motor_vehicle:conditional":"no @ (Aug 29 21:30-23:59; Aug 30 00:00-13:30; Sep 1 17:00-23:59; Sep 2 00:00-16:00)","name":"Phố Liễu Giai","name:en":"Lieu Giai Street","name:ja":"リューザイ通り","oneway":"yes","surface":"asphalt"},"geometry":{"type":"LineString","coordinates":[[105.814126,21.0338598],[105.8143797,21.0347047],[105.8144966,21.0350823],[105.8146269,21.0355139],[105.8147948,21.0360879],[105.8150617,21.0369023],[105.8151156,21.0370748]]}},{"type":"Feature","properties":{"osm_id":399825450,"osm_type":"way","highway":"secondary","lanes":"3","name":"Phố Vũ Trọng Khánh","oneway":"yes","surface":"asphalt"},"geometry":{"type":"LineString","coordinates":[[105.7834085,20.9823099],[105.7830902,20.9826682],[105.7825088,20.9833227],[105.7822046,20.9836489],[105.7819219,20.9839835],[105.7811874,20.9848271]]}},{"type":"Feature","properties":{"osm_id":458067172,"osm_type":"way","highway":"secondary","lanes":"3","name":"Phố Vũ Trọng Khánh","oneway":"yes","surface":"asphalt"},"geometry":{"type":"LineString","coordinates":[[105.7810268,20.984698],[105.7817621,20.9838584],[105.7823496,20.9831975],[105.7832492,20.9821855]]}},{"type":"Feature","properties":{"osm_id":1317516879,"osm_type":"way","highway":"secondary","lanes":"2","lit":"yes","maxspeed":"60","name":"Phố Tôn Đức Thắng","name:en":"Ton Duc Thang Street","name:id":"Jalan Ton Duc Thang","name:zh":"孙德胜街","oneway":"yes","smoothness":"intermediate","surface":"asphalt"},"geometry":{"type":"LineString","coordinates":[[105.8324017,21.023802],[105.8326055,21.0242368],[105.8327579,21.0245727],[105.8329536,21.0249989],[105.8331229,21.0253659],[105.8333798,21.0259305],[105.8336391,21.0265029],[105.8338027,21.0268477]]}},{"type":"Feature","properties":{"osm_id":701190601,"osm_type":"way","embankment":"yes","highway":"primary","lanes":"2","lit":"yes","name":"Đường An Dương Vương","name:en":"An Duong Vuong Road","oneway":"yes","sidewalk":"right","surface":"asphalt"},"geometry":{"type":"LineString","coordinates":[[105.8048914,21.0897957],[105.8056785,21.0897768],[105.8060504,21.0897744],[105.8067983,21.0897687],[105.8076819,21.0897604],[105.8082433,21.0897632]]}},{"type":"Feature","properties":{"osm_id":37972516,"osm_type":"way","highway":"tertiary","lanes":"2","lit":"yes","name":"Phố Hoàng Ngọc Phách","name:en":"Hoang Ngoc Phach Street","oneway":"yes","oneway:bicycle":"no","oneway:mofa":"no","oneway:moped":"no","oneway:motorcycle":"no","sidewalk:both":"separate","surface":"asphalt"},"geometry":{"type":"LineString","coordinates":[[105.8136905,21.0148285],[105.8132584,21.0151143],[105.812725,21.0154573],[105.8124346,21.0156533],[105.8119869,21.0158319],[105.8114565,21.0161246],[105.8109234,21.0164359],[105.8108098,21.0165211]]}},{"type":"Feature","properties":{"osm_id":408823207,"osm_type":"way","highway":"secondary","lanes":"3","lit":"yes","name":"Phố Hoàng Đạo Thúy","name:en":"Hoang Dao Thuy Street","oneway":"yes","surface":"asphalt"},"geometry":{"type":"LineString","coordinates":[[105.8046634,21.0054347],[105.8041942,21.0058943],[105.8039346,21.0061451],[105.8031371,21.00693],[105.8028365,21.0072333],[105.8022672,21.0077748]]}},{"type":"Feature","properties":{"osm_id":1213891315,"osm_type":"way","highway":"primary","lanes":"3","lit":"yes","name":"Phố Đoàn Khuê","name:en":"Doan Khue Street","oneway":"yes","surface":"asphalt","turn:lanes":"left;through|through|through;right"},"geometry":{"type":"LineString","coordinates":[[105.903704,21.0581304],[105.905324,21.0552708],[105.9053549,21.0552162]]}},{"type":"Feature","properties":{"osm_id":706750530,"osm_type":"way","embankment":"yes","highway":"primary","lanes":"2","name":"Đường Ngọc Thụy","name:en":"Ngoc Thuy Road","oneway":"no","surface":"asphalt"},"geometry":{"type":"LineString","coordinates":[[105.8654009,21.0554294],[105.8659244,21.0559277],[105.8660364,21.0562678],[105.865713,21.0568705],[105.8648193,21.0581746]]}},{"type":"Feature","properties":{"osm_id":838425492,"osm_type":"way","highway":"tertiary","lane_markings":"no","lit":"yes","maxspeed:type":"VN:urban","name":"Phố Phương Mai","smoothness":"excellent","surface":"asphalt"},"geometry":{"type":"LineString","coordinates":[[105.8360473,21.0034138],[105.8364895,21.0035271],[105.8368689,21.0036289],[105.8372675,21.00373],[105.8378106,21.0038709],[105.8383215,21.0040054],[105.8390374,21.004159],[105.8392963,21.0042016]]}},{"type":"Feature","properties":{"osm_id":597608403,"osm_type":"way","destination":"Trung Tâm Hà Nội","highway":"motorway_link","lanes":"2","lit":"yes","maxspeed":"60","motorcycle":"no","name":"Đi Trung tâm Hà Nội","name:en":"To Hanoi Center","oneway":"yes","surface":"asphalt"},"geometry":{"type":"LineString","coordinates":[[105.8500964,20.9609727],[105.8504379,20.9606573],[105.8503806,20.9602382],[105.8500527,20.9600385],[105.8497072,20.9601033],[105.8494252,20.9603982],[105.8493337,20.9609584],[105.8492742,20.9617014]]}},{"type":"Feature","properties":{"osm_id":38097679,"osm_type":"way","highway":"primary","lanes":"4","lit":"yes","name":"Phố Huỳnh Thúc Kháng","name:en":"Huynh Thuc Khang Street","note":"Trục đường Huỳnh Thúc Kháng - Thái Hà - Phạm Ngọc Thạch là một trong những trục đường chính quan trọng của thành phố Hà Nội với lưu lượng đông nên ưu tiên phân cấp highway=primary","oneway":"no","sidewalk:both":"separate","source:highway":"survey","surface":"asphalt"},"geometry":{"type":"LineString","coordinates":[[105.8117193,21.0181599],[105.8113658,21.0183217],[105.8107175,21.0186317],[105.8099348,21.0190119],[105.8095247,21.019208],[105.8089838,21.0194759],[105.8087031,21.0196015]]}},{"type":"Feature","properties":{"osm_id":764842481,"osm_type":"way","highway":"primary","lanes":"1","lit":"yes","name":"Đường Trường Chinh","name:en":"Truong Chinh Road","oneway":"yes","surface":"asphalt"},"geometry":{"type":"LineString","coordinates":[[105.8364888,20.9987849],[105.8368662,20.9987888],[105.8374311,20.998656],[105.839513,20.9981184],[105.839721,20.9980182]]}},{"type":"Feature","properties":{"osm_id":38226272,"osm_type":"way","highway":"tertiary","lanes":"2","name":"Phố Phùng Hưng","name:en":"Phung Hung Street","old_name:fr":"Boulevard Henri d'Orléans","oneway":"yes","surface":"asphalt"},"geometry":{"type":"LineString","coordinates":[[105.845064,21.0313485],[105.8451766,21.0319201],[105.845271,21.0323997],[105.8453825,21.0329656],[105.8455033,21.033579],[105.8456339,21.0342417],[105.8457091,21.0346237]]}},{"type":"Feature","properties":{"osm_id":817454548,"osm_type":"way","highway":"primary","lanes":"2","lit":"yes","name":"Phố Đào Tấn","name:en":"Dao Tan Street","oneway":"yes","smoothness":"good","surface":"asphalt"},"geometry":{"type":"LineString","coordinates":[[105.8064206,21.0333888],[105.8068166,21.0331295],[105.8074204,21.0328395],[105.8078304,21.0327011],[105.8083948,21.0325607],[105.8089947,21.0324034],[105.8095363,21.03226]]}},{"type":"Feature","properties":{"osm_id":706774118,"osm_type":"way","embankment":"yes","highway":"primary","lanes":"2","name":"Đường Ngọc Thụy","name:en":"Ngoc Thuy Road","oneway":"no","surface":"asphalt"},"geometry":{"type":"LineString","coordinates":[[105.8715986,21.0666373],[105.8727221,21.0671018],[105.873191,21.0672134],[105.8736196,21.0673913],[105.8739598,21.067521],[105.8744427,21.0677147],[105.8747133,21.0678109]]}},{"type":"Feature","properties":{"osm_id":848915397,"osm_type":"way","highway":"primary","lanes":"2","lit":"yes","name":"Đường Trường Chinh","name:en":"Truong Chinh Road","oneway":"yes","sidewalk:left":"no","sidewalk:right":"separate","surface":"asphalt"},"geometry":{"type":"LineString","coordinates":[[105.8364888,20.9987849],[105.8369485,20.998668],[105.8373016,20.9985778],[105.8376966,20.9984753],[105.8381562,20.998353],[105.8386585,20.9982161],[105.8393934,20.9980133],[105.839721,20.9980182]]}},{"type":"Feature","properties":{"osm_id":704999946,"osm_type":"way","highway":"trunk","int_ref":"AH14","lanes":"3","lit":"yes","name":"Đường Nguyễn Văn Linh","name:en":"Nguyen Van Linh Road","oneway":"yes","ref":"QL.5","source":"Yahoo","surface":"asphalt"},"geometry":{"type":"LineString","coordinates":[[105.8926417,21.0493145],[105.8916279,21.0507597],[105.8912224,21.0513673],[105.8906866,21.0520035]]}},{"type":"Feature","properties":{"osm_id":602322758,"osm_type":"way","highway":"primary","lanes":"3","lit":"yes","name":"Phố Chu Huy Mân","name:en":"Chu Huy Man Street","oneway":"yes","surface":"asphalt"},"geometry":{"type":"LineString","coordinates":[[105.9046868,21.0407571],[105.9042787,21.0401277],[105.9038689,21.0394956],[105.9035891,21.0390641],[105.9033789,21.0387398],[105.9031562,21.0383964],[105.9028753,21.0379707]]}},{"type":"Feature","properties":{"osm_id":711700503,"osm_type":"way","highway":"trunk","lanes":"3","lit":"yes","maxspeed":"60","name":"Đường Nguyễn Trãi","name:en":"Nguyen Trai Road","oneway":"yes","ref":"QL.6","surface":"asphalt","wikidata":"Q2006553","wikipedia":"vi:Quốc lộ 6"},"geometry":{"type":"LineString","coordinates":[[105.8023539,20.9910756],[105.8011286,20.990209],[105.7999875,20.9894021],[105.7996568,20.9891354]]}},{"type":"Feature","properties":{"osm_id":1038984156,"osm_type":"way","highway":"trunk","lanes":"2","lit":"yes","maxspeed":"80","name":"Đường Trường Sa","name:en":"Truong Sa Road","oneway":"yes","ref":"QL.5","surface":"asphalt"},"geometry":{"type":"LineString","coordinates":[[105.8694873,21.085128],[105.8692343,21.0854216],[105.8688183,21.0858835],[105.8683786,21.0863751],[105.8681071,21.0866744],[105.8677417,21.0870732],[105.8674126,21.0874163],[105.8672062,21.0875204]]}},{"type":"Feature","properties":{"osm_id":220003230,"osm_type":"way","highway":"tertiary","lanes":"2","lit":"yes","name":"Đường Vũ Trọng Phụng","name:en":"Vu Trong Phung Street","oneway":"yes","surface":"asphalt"},"geometry":{"type":"LineString","coordinates":[[105.8058047,21.0025808],[105.8065149,21.0016498],[105.8068533,21.0012013],[105.8071522,21.000805],[105.807721,21.0000291],[105.8078324,20.999967]]}},{"type":"Feature","properties":{"osm_id":220689028,"osm_type":"way","highway":"tertiary","lit":"yes","name":"Đường KĐT Nam Thăng Long","oneway":"yes","surface":"asphalt"},"geometry":{"type":"LineString","coordinates":[[105.7909902,21.0813009],[105.7910475,21.0817661],[105.791204,21.0821826],[105.7913897,21.0825132],[105.7918597,21.0831689],[105.7922754,21.0835641],[105.7928143,21.0839164]]}},{"type":"Feature","properties":{"osm_id":621977218,"osm_type":"way","highway":"secondary","lanes":"3","lit":"yes","maxspeed":"50","moped:lanes":"yes|yes|designated","motor_vehicle:lanes":"yes|yes|no","motorcycle:lanes":"yes|yes|designated","name":"Phố Hào Nam","name:en":"Hao Nam Street","name:zh":"濠南街","oneway":"yes","surface":"asphalt"},"geometry":{"type":"LineString","coordinates":[[105.8270768,21.0246572],[105.8269543,21.0242482],[105.8267587,21.0235446],[105.8266383,21.0231269],[105.8265034,21.0226887],[105.8262898,21.0221979],[105.8259596,21.0215474]]}},{"type":"Feature","properties":{"osm_id":704989752,"osm_type":"way","highway":"primary","lanes":"2","lit":"yes","name":"Phố Đại La","name:en":"Dai La Street","oneway":"yes","sidewalk":"right","surface":"asphalt"},"geometry":{"type":"LineString","coordinates":[[105.8466279,20.9962903],[105.8471265,20.996208],[105.8474827,20.9961541],[105.8479193,20.9960881],[105.8488476,20.9959698],[105.8497555,20.9958576],[105.8499095,20.9958483]]}},{"type":"Feature","properties":{"osm_id":701841904,"osm_type":"way","highway":"secondary","lanes":"2","lit":"yes","name":"Đường La Thành","name:en":"La Thanh Road","oneway":"yes","oneway:bicycle":"no","oneway:motorcycle":"no","source":"grab_hanoi_2018_t2","surface":"asphalt"},"geometry":{"type":"LineString","coordinates":[[105.8197471,21.0234381],[105.8192372,21.0234906],[105.8188613,21.0235437],[105.8184684,21.0235973],[105.8178491,21.0236817],[105.8172491,21.0237703],[105.8168874,21.0238237],[105.8164708,21.0238852]]}},{"type":"Feature","properties":{"osm_id":909568599,"osm_type":"way","highway":"secondary","lanes":"2","lit":"yes","maxspeed":"60","name":"Đường Chử Đồng Tử","name:en":"Chu Dong Tu Road","oneway":"yes","sidewalk":"right","sidewalk:right:surface":"paving_stones","smoothness":"excellent","surface":"asphalt"},"geometry":{"type":"LineString","coordinates":[[105.9258304,21.003145],[105.9278519,21.0009511],[105.9280701,21.0007143]]}},{"type":"Feature","properties":{"osm_id":11858869,"osm_type":"way","highway":"primary","lanes":"2","lit":"yes","name":"Đường Phùng Hưng","name:en":"Phung Hung Road","oneway":"yes","ref":"ĐT.70","surface":"asphalt"},"geometry":{"type":"LineString","coordinates":[[105.7808094,20.9744847],[105.781147,20.9740448],[105.7816159,20.9735095],[105.7819137,20.9731527],[105.782165,20.972851],[105.7825961,20.9723249],[105.7828816,20.9719685],[105.7829064,20.9719319]]}},{"type":"Feature","properties":{"osm_id":498033102,"osm_type":"way","bicycle":"no","highway":"trunk","horse":"no","int_ref":"AH14","lanes":"3","lit":"yes","maxspeed":"80","motorcycle":"no","motorroad":"yes","name":"Đường Trường Sa","name:en":"Truong Sa Road","oneway":"yes","ref":"QL.5","surface":"asphalt"},"geometry":{"type":"LineString","coordinates":[[105.8694308,21.0850849],[105.8672062,21.0875204]]}},{"type":"Feature","properties":{"osm_id":702791127,"osm_type":"way","embankment":"yes","highway":"primary","lanes":"2","lit":"yes","name":"Đường Nguyễn Khoái","name:en":"Nguyen Khoai Road","oneway":"yes","surface":"asphalt"},"geometry":{"type":"LineString","coordinates":[[105.8723518,21.0030253],[105.8719843,21.0031493],[105.8715859,21.0033262],[105.8711226,21.0036027],[105.8707185,21.003868],[105.8704462,21.0041123],[105.8701139,21.0044545],[105.8696973,21.0048917]]}},{"type":"Feature","properties":{"osm_id":1239575055,"osm_type":"way","contributor":"GIS_OTS","hgv":"yes","highway":"tertiary","name":"Phố Viên","name:en":"Vien Street","name:zh":"园街","uuid":"83525aa7-b14d-4810-8f54-79e1e8467ccc"},"geometry":{"type":"LineString","coordinates":[[105.7768804,21.0715531],[105.7751817,21.0715603],[105.7747794,21.0715532],[105.7741027,21.071537],[105.7735896,21.0715392]]}},{"type":"Feature","properties":{"osm_id":1010127302,"osm_type":"way","highway":"tertiary","lanes":"3","lit":"yes","name":"Đường Đại Việt","oneway":"yes","surface":"asphalt"},"geometry":{"type":"LineString","coordinates":[[105.7512158,21.0063132],[105.7536918,21.0052714],[105.7542473,21.0050335]]}},{"type":"Feature","properties":{"osm_id":1196108641,"osm_type":"way","highway":"secondary","lanes":"4","lit":"yes","name":"Đường Độc Lập","name:en":"Doc Lap Street","name:id":"Jalan Doc Lap (Merdeka)","name:zh":"独立路","smoothness":"excellent","surface":"asphalt","turn:lanes:backward":"through|through","turn:lanes:forward":"left|right"},"geometry":{"type":"LineString","coordinates":[[105.8363518,21.0356501],[105.836455,21.0361508],[105.8365429,21.0365779],[105.8369866,21.0387315],[105.8370152,21.0388703]]}},{"type":"Feature","properties":{"osm_id":705629792,"osm_type":"way","highway":"primary","lanes":"4","lit":"yes","name":"Phố Chu Huy Mân","name:en":"Chu Huy Man Street","oneway":"yes","surface":"asphalt"},"geometry":{"type":"LineString","coordinates":[[105.9129681,21.0481895],[105.9157902,21.0496012],[105.9159073,21.0496598]]}},{"type":"Feature","properties":{"osm_id":208377523,"osm_type":"way","highway":"primary","lanes":"3","lit":"yes","name":"Phố Chu Huy Mân","name:en":"Chu Huy Man Street","oneway":"yes","source":"grab_hanoi_2018_t5","surface":"asphalt"},"geometry":{"type":"LineString","coordinates":[[105.9030179,21.0379085],[105.9032677,21.0383357],[105.9034902,21.0386789],[105.9037034,21.0390077],[105.9041319,21.0396687],[105.9045115,21.0402542],[105.9047221,21.0405791],[105.904786,21.0406777]]}},{"type":"Feature","properties":{"osm_id":29313247,"osm_type":"way","highway":"tertiary","lanes":"2","lit":"yes","maxspeed":"50","name":"Phố Đào Duy Anh","name:en":"Dao Duy Anh Street","oneway":"no","sidewalk":"both","surface":"asphalt"},"geometry":{"type":"LineString","coordinates":[[105.837589,21.009484],[105.838343,21.0086548],[105.8386602,21.0083173],[105.8389618,21.0080247],[105.8394448,21.0079281],[105.8400025,21.0078489],[105.8402267,21.0078235]]}},{"type":"Feature","properties":{"osm_id":1347903880,"osm_type":"way","highway":"tertiary","lanes":"2","name":"Phố Phúc Tân","name:en":"Phuc Tan Street","name:zh":"福新街","surface":"asphalt"},"geometry":{"type":"LineString","coordinates":[[105.8532212,21.0390552],[105.8535821,21.0386175],[105.8538807,21.0382553],[105.8543141,21.0377085],[105.8546854,21.0372334],[105.8548855,21.0368028],[105.8550886,21.0364094],[105.8550987,21.0363881]]}},{"type":"Feature","properties":{"osm_id":37696595,"osm_type":"way","highway":"primary","lanes":"2","lit":"yes","name":"Phố Đào Tấn","name:en":"Dao Tan Street","oneway":"yes","surface":"asphalt"},"geometry":{"type":"LineString","coordinates":[[105.8095655,21.0323613],[105.8091221,21.0324866],[105.808738,21.0325856],[105.8078364,21.0328341],[105.8074956,21.0329431],[105.8071382,21.0330931],[105.8068159,21.0332611],[105.806502,21.0334697]]}},{"type":"Feature","properties":{"osm_id":1038984165,"osm_type":"way","highway":"trunk","int_ref":"AH14","lanes":"3","lit":"yes","maxspeed":"80","motorroad":"yes","name":"Đường Trường Sa","name:en":"Truong Sa Road","oneway":"yes","ref":"QL.5","surface":"asphalt"},"geometry":{"type":"LineString","coordinates":[[105.8655373,21.0893174],[105.8652298,21.0896464],[105.8647092,21.0902147],[105.8633201,21.0917312]]}},{"type":"Feature","properties":{"osm_id":739711126,"osm_type":"way","highway":"tertiary","lanes":"2","lit":"yes","name":"Phố Vạn Phúc","oneway":"no","surface":"asphalt"},"geometry":{"type":"LineString","coordinates":[[105.8202052,21.0333502],[105.8198458,21.0332379],[105.8193334,21.0331883],[105.8189337,21.0331501],[105.8183316,21.0330706],[105.8178405,21.0330268],[105.8174517,21.0330508],[105.8170766,21.0331437],[105.8169747,21.0331702]]}},{"type":"Feature","properties":{"osm_id":36836110,"osm_type":"way","highway":"tertiary","lanes":"2","lit":"yes","motor_vehicle:conditional":"no @ (Aug 29 21:30-23:59; Aug 30 00:00-13:30; Sep 1 17:00-23:59; Sep 2 00:00-16:00)","name":"Phố Ngọc Hà","name:en":"Ngoc Ha Street","name:id":"Jalan Ngoc Ha","name:zh":"玉河街","oneway":"no","surface":"asphalt"},"geometry":{"type":"LineString","coordinates":[[105.8287491,21.0392007],[105.8289174,21.03878],[105.8290662,21.0384043],[105.8295244,21.0382769],[105.8297428,21.0378538],[105.8301998,21.0377548],[105.8308884,21.0377697],[105.8310475,21.0375067]]}},{"type":"Feature","properties":{"osm_id":600544163,"osm_type":"way","bicycle":"yes","foot":"yes","highway":"tertiary","name":"Đường Khương Đình","name:en":"Khuong Dinh Road","source":"grab_hanoi_2018_t5","surface":"asphalt"},"geometry":{"type":"LineString","coordinates":[[105.8145271,20.9952216],[105.8139568,20.9958721],[105.8136981,20.9962495],[105.8136541,20.9968764],[105.8136365,20.9974116],[105.8134485,20.9979272],[105.8133274,20.9981312]]}},{"type":"Feature","properties":{"osm_id":333415916,"osm_type":"way","highway":"trunk","lanes":"3","lit":"yes","name":"Đường Cầu Diễn","name:en":"Cau Dien Road","old_name":"Liên tỉnh lộ 11A","oneway":"yes","ref":"QL.32","surface":"asphalt"},"geometry":{"type":"LineString","coordinates":[[105.7581315,21.04275],[105.7595458,21.0422252],[105.7602627,21.0419673],[105.7609829,21.0417188],[105.7612075,21.0416403]]}},{"type":"Feature","properties":{"osm_id":457903293,"osm_type":"way","highway":"trunk","lanes":"3","lit":"yes","maxheight":"4.75","name":"Hầm chui Trung Hòa","oneway":"yes","ref":"CT.03","surface":"asphalt"},"geometry":{"type":"LineString","coordinates":[[105.7953426,21.007529],[105.7950811,21.0072721],[105.7935994,21.0062141],[105.7926745,21.0056509]]}},{"type":"Feature","properties":{"osm_id":1237242014,"osm_type":"way","highway":"secondary","lanes":"2","maxspeed":"60","name":"Đường Lê Xá","name:en":"Le Xa Road","proposed":"secondary","sidewalk":"both","surface":"asphalt"},"geometry":{"type":"LineString","coordinates":[[105.9391311,20.9887231],[105.939359,20.9882696],[105.9394577,20.9879049],[105.939486,20.9875315],[105.9394232,20.987168],[105.9392916,20.9867895],[105.9387921,20.9856574]]}},{"type":"Feature","properties":{"osm_id":384534348,"osm_type":"way","highway":"tertiary","lanes":"2","name":"Ngõ 63 Đường Cổ Linh","oneway":"yes","surface":"asphalt"},"geometry":{"type":"LineString","coordinates":[[105.9114435,21.0239076],[105.9109364,21.0238381],[105.9105142,21.0238023],[105.9101187,21.0236902],[105.9097772,21.0234463],[105.9095568,21.0231396],[105.9093575,21.0227148],[105.9091869,21.0223543],[105.9090961,21.0221188]]}},{"type":"Feature","properties":{"osm_id":1500709005,"osm_type":"way","highway":"tertiary","name":"Đường Bát Tràng"},"geometry":{"type":"LineString","coordinates":[[105.9132858,20.9730811],[105.9126525,20.9731493],[105.9121374,20.9732434],[105.9116386,20.9733346],[105.9112041,20.9734698],[105.9107267,20.9737704],[105.9104692,20.9740108],[105.9103512,20.9742012]]}},{"type":"Feature","properties":{"osm_id":1253543204,"osm_type":"way","embankment":"yes","highway":"primary","lanes":"2","name":"Đường Ngọc Thụy","name:en":"Ngoc Thuy Road","oneway":"no","surface":"asphalt"},"geometry":{"type":"LineString","coordinates":[[105.8655067,21.047481],[105.8652975,21.0482162],[105.8650452,21.0492209],[105.8649025,21.0497929],[105.8647675,21.0501961],[105.8645051,21.050557]]}},{"type":"Feature","properties":{"osm_id":706803272,"osm_type":"way","highway":"primary","lanes":"2","lanes:motorcycle":"3","lit":"yes","motorcycle:lanes":"||designated","name":"Đường Đỗ Mười","name:en":"Do Muoi Road","oneway":"yes","surface":"asphalt"},"geometry":{"type":"LineString","coordinates":[[105.8675453,20.9644639],[105.8671912,20.9644847],[105.8665553,20.964495],[105.8655677,20.9644207],[105.8647984,20.9643169],[105.8643003,20.9642842]]}},{"type":"Feature","properties":{"osm_id":1289419267,"osm_type":"way","bicycle":"no","highway":"primary","lanes":"2","maxspeed":"60","name":"Hầm chui Kim Đồng - Giải Phóng","name:en":"Kim Dong - Giai Phong Underpass","oneway":"yes","sidewalk":"no","surface":"asphalt"},"geometry":{"type":"LineString","coordinates":[[105.8401972,20.9837521],[105.837273,20.9837536],[105.8369435,20.9837569]]}},{"type":"Feature","properties":{"osm_id":710103554,"osm_type":"way","bicycle":"yes","foot":"yes","highway":"primary","lanes":"2","lit":"yes","name":"Đường Đại Mỗ","ref":"ĐT.70","surface":"asphalt"},"geometry":{"type":"LineString","coordinates":[[105.7641313,20.9900126],[105.7637511,20.9905],[105.7635349,20.9907887],[105.7632839,20.9910603],[105.7627729,20.991618],[105.7624291,20.9919854],[105.7620385,20.9923924],[105.7619794,20.9924475]]}},{"type":"Feature","properties":{"osm_id":1357701876,"osm_type":"way","embankment":"yes","highway":"primary","lanes":"2","lit":"yes","name":"Đường Âu Cơ","name:en":"Au Co Road","name:ja":"アウコー通り","note":"Dùng thẻ 'embankment=yes' cho đường đê","oneway":"yes","surface":"asphalt"},"geometry":{"type":"LineString","coordinates":[[105.8262015,21.0689441],[105.8261402,21.0705888],[105.826121,21.0710346],[105.826111,21.0714354],[105.8260176,21.0720495],[105.8259779,21.0721825]]}},{"type":"Feature","properties":{"osm_id":972783399,"osm_type":"way","highway":"tertiary","lanes":"2","lit":"yes","name":"Phố Vạn Hạnh","name:en":"Van Hanh Street","oneway":"yes","source":"AsiaGPS","surface":"asphalt"},"geometry":{"type":"LineString","coordinates":[[105.9086758,21.0689608],[105.9081856,21.0684428],[105.9077158,21.0679464],[105.9074352,21.0676498],[105.9064407,21.066599]]}},{"type":"Feature","properties":{"osm_id":1289419266,"osm_type":"way","bicycle":"no","foot":"no","highway":"primary","lanes":"2","maxspeed":"60","name":"Hầm chui Kim Đồng - Giải Phóng","name:en":"Kim Dong - Giai Phong Underpass","oneway":"yes","sidewalk":"no","surface":"asphalt"},"geometry":{"type":"LineString","coordinates":[[105.8369451,20.9835983],[105.8374979,20.9836002],[105.8401956,20.9835988]]}},{"type":"Feature","properties":{"osm_id":1148709683,"osm_type":"way","embankment":"yes","highway":"primary","lanes":"2","lit":"yes","name":"Đường Long Biên – Xuân Quan","name:en":"Long Bien – Xuan Quan Road","name:vi":"Đường Long Biên – Xuân Quan","surface":"asphalt"},"geometry":{"type":"LineString","coordinates":[[105.8948998,21.021548],[105.8942669,21.0216415],[105.8935238,21.0217531],[105.8916908,21.0220623]]}},{"type":"Feature","properties":{"osm_id":761985292,"osm_type":"way","bridge":"yes","destination":"Cầu Vĩnh Tuy;Ngã Tư Vọng","foot":"no","highway":"trunk_link","lanes":"1","layer":"1","lit":"yes","maxspeed":"60","motorcycle":"no","name":"Đường Vành đai 2","oneway":"yes","sidewalk":"no","surface":"asphalt"},"geometry":{"type":"LineString","coordinates":[[105.8235437,21.0020999],[105.8248375,21.0017824],[105.8254112,21.0016503],[105.8259716,21.0015119],[105.8267156,21.0014034]]}},{"type":"Feature","properties":{"osm_id":525807394,"osm_type":"way","highway":"tertiary","lanes":"2","lit":"yes","name":"Phố Minh Tảo","name:en":"Minh Tao Street","oneway":"yes","surface":"asphalt"},"geometry":{"type":"LineString","coordinates":[[105.8007598,21.0641428],[105.8007667,21.0646506],[105.8007607,21.0657532],[105.8007606,21.0665216],[105.8007615,21.0670701],[105.8007594,21.0673918]]}},{"type":"Feature","properties":{"osm_id":856460789,"osm_type":"way","bridge":"yes","destination":"Ngã Tư Sở","foot":"no","highway":"trunk_link","lanes":"1","layer":"1","lit":"yes","maxspeed":"60","motorcycle":"no","name":"Đường Vành đai 2","oneway":"yes","sidewalk":"no","surface":"asphalt"},"geometry":{"type":"LineString","coordinates":[[105.8267372,21.001498],[105.8260762,21.0017298],[105.8254746,21.0018842],[105.8236097,21.0023528]]}},{"type":"Feature","properties":{"osm_id":457838763,"osm_type":"way","hgv":"no","highway":"trunk","lanes":"3","lit":"yes","maxheight":"4.75","name":"Hầm chui Trung Hòa","oneway":"yes","ref":"CT.03","surface":"asphalt"},"geometry":{"type":"LineString","coordinates":[[105.7929047,21.0054294],[105.7937134,21.0061091],[105.7951634,21.0071821],[105.7955014,21.0073625]]}},{"type":"Feature","properties":{"osm_id":204637639,"osm_type":"way","bicycle":"yes","foot":"yes","highway":"secondary","lanes":"4","lit":"yes","maxspeed":"50","name":"Đường Châu Văn Liêm","name:en":"Chau Van Liem Road","oneway":"yes","surface":"asphalt"},"geometry":{"type":"LineString","coordinates":[[105.7700485,21.0090598],[105.7692154,21.0084547],[105.7686995,21.00808],[105.7680064,21.0075661],[105.7674289,21.0071489]]}},{"type":"Feature","properties":{"osm_id":952866878,"osm_type":"way","bridge":"yes","fixme":"Đoạn đường ưu tiên phân cấp trunk vì là đại lộ liên tỉnh, là trục đường vận tải đông đúc của xe tải và nhiều phương tiện, vui lòng không hạ xuống primary chỉ vì đây được quy hoạch là đường tỉnh","highway":"trunk","layer":"1","lit":"yes","maxspeed":"80","name":"Đại lộ Ecopark","official_name":"Đường liên tỉnh Hà Nội - Hưng Yên","oneway":"yes","ref":"ĐT.379","source":"DigitalGlobe-Premium, GPS","surface":"asphalt"},"geometry":{"type":"LineString","coordinates":[[105.9345148,20.9594129],[105.9355219,20.9583073],[105.9366992,20.9570193]]}},{"type":"Feature","properties":{"osm_id":1292662269,"osm_type":"way","alleyResourceId":"1__1052","batch":"2","contributor":"GIS_OTS","hgv":"yes","highway":"secondary","lanes":"2","lit":"yes","maxspeed":"50","name":"Đường Nguyễn Khang","name:en":"Nguyen Khang Road","process_id":"480_2","sidewalk":"both","smoothness":"good","surface":"asphalt"},"geometry":{"type":"LineString","coordinates":[[105.7980311,21.0268446],[105.7978692,21.0264373],[105.7977276,21.0260283],[105.7975246,21.0255904],[105.7973733,21.0252054],[105.7973361,21.0248387],[105.7973704,21.0243341],[105.7975804,21.0238844],[105.7976002,21.023785]]}},{"type":"Feature","properties":{"osm_id":59150928,"osm_type":"way","highway":"tertiary","lanes":"2","lit":"yes","motor_vehicle:conditional":"no @ (Aug 29 21:30-23:59; Aug 30 00:00-13:30; Sep 1 17:00-23:59; Sep 2 00:00-16:00)","name":"Phố Đội Cấn","name:en":"Doi Can Street","name:id":"Jalan Doi Can","name:ja":"ドイカン通り","name:zh":"队艮街","oneway":"no"},"geometry":{"type":"LineString","coordinates":[[105.8072797,21.0376693],[105.8079007,21.0376705],[105.8085747,21.0376916],[105.8091069,21.0377328],[105.8095491,21.0377932],[105.8099378,21.0378171],[105.8105118,21.0378336]]}},{"type":"Feature","properties":{"osm_id":810684489,"osm_type":"way","contributor":"GIS_OTS","hgv":"yes","highway":"tertiary","lanes":"2","lit":"yes","name":"Phố Trần Quốc Hoàn","name:en":"Tran Quoc Hoan Street","oneway":"no","sidewalk:both":"separate","surface":"asphalt"},"geometry":{"type":"LineString","coordinates":[[105.7843704,21.041725],[105.7836094,21.0417419],[105.7830428,21.0417571],[105.7825177,21.0417782],[105.7821118,21.0417954],[105.7817257,21.041808],[105.78126,21.0418349],[105.7811362,21.0418407]]}},{"type":"Feature","properties":{"osm_id":28924706,"osm_type":"way","highway":"tertiary","lanes":"2","lit":"yes","name":"Phố Vọng","name:en":"Vong Street","sidewalk":"separate","surface":"asphalt"},"geometry":{"type":"LineString","coordinates":[[105.8421445,20.9941748],[105.842457,20.9946791],[105.8426693,20.9950752],[105.84281,20.9955373],[105.8428434,20.9959365],[105.8428271,20.9964238],[105.842781,20.9968671],[105.8427209,20.9972327]]}},{"type":"Feature","properties":{"osm_id":223799615,"osm_type":"way","access":"no","bus":"yes","highway":"primary","lanes":"2","motor_vehicle":"no","name":"Đường Yên Phụ","name:en":"Yen Phu Road","note":"may be a two way","surface":"asphalt","truck":"no"},"geometry":{"type":"LineString","coordinates":[[105.8448237,21.045695],[105.8451152,21.0454607],[105.8455238,21.0451678],[105.8466005,21.0443834],[105.8468992,21.0441715],[105.8472289,21.0438446],[105.8473555,21.0437041]]}},{"type":"Feature","properties":{"osm_id":1373569352,"osm_type":"way","highway":"tertiary","lanes":"4","lanes:backward":"2","lanes:forward":"2","lit":"yes","name":"Phố Nguyễn Lam","name:en":"Nguyen Lam Street","source":"AsiaGPS","surface":"asphalt"},"geometry":{"type":"LineString","coordinates":[[105.904786,21.0406777],[105.9052355,21.0403542],[105.9055925,21.0400951],[105.9062845,21.0397528],[105.9070647,21.0393866],[105.9076061,21.0391325]]}},{"type":"Feature","properties":{"osm_id":601519291,"osm_type":"way","highway":"secondary","lanes":"2","lit":"yes","name":"Phố Tôn Thất Thuyết","oneway":"yes","surface":"asphalt"},"geometry":{"type":"LineString","coordinates":[[105.7872549,21.0277728],[105.7868931,21.0277484],[105.7857723,21.0279189],[105.7853723,21.0279792],[105.7844474,21.0281194],[105.7840599,21.0281683]]}},{"type":"Feature","properties":{"osm_id":1187539398,"osm_type":"way","contributor":"GIS_OTS","hgv":"yes","highway":"primary","lit":"yes","name":"Đường Nguyễn Văn Huyên","name:en":"Nguyen Van Huyen Road","oneway":"yes","surface":"asphalt"},"geometry":{"type":"LineString","coordinates":[[105.7976465,21.0376646],[105.7976691,21.0372772],[105.7976914,21.0368791],[105.7976896,21.0364994],[105.7976488,21.0361515],[105.7975655,21.0355762],[105.797402,21.0346228],[105.7973723,21.0344656]]}},{"type":"Feature","properties":{"osm_id":374232867,"osm_type":"way","alt_name":"Ngõ 177 Thanh Đàm","highway":"tertiary","name":"Phố Đặng Trần Đức","surface":"asphalt"},"geometry":{"type":"LineString","coordinates":[[105.8863027,20.9952721],[105.8859833,20.9950597],[105.8856021,20.9948353],[105.885192,20.9946594],[105.8845547,20.9944813],[105.8836409,20.9942863],[105.8832894,20.9942259]]}},{"type":"Feature","properties":{"osm_id":106135906,"osm_type":"way","bridge":"viaduct","destination":"Mai Dịch;Cầu Thăng Long","highway":"motorway_link","lanes":"2","layer":"2","lit":"yes","motorcycle":"no","name":"Đi Mai Dịch, Cầu Thăng Long","name:en":"To Mai Dich, Thang Long Bridge","oneway":"yes","surface":"asphalt"},"geometry":{"type":"LineString","coordinates":[[105.8482401,20.9667245],[105.8483299,20.9663669],[105.8481235,20.9660305],[105.8476876,20.9659069],[105.8472175,20.9659009],[105.8467044,20.9658829],[105.8460115,20.9658768],[105.8456872,20.9658185]]}},{"type":"Feature","properties":{"osm_id":37458882,"osm_type":"way","highway":"secondary","lanes":"2","motor_vehicle:conditional":"no @ (Feb 16 19:30-23:59; Feb 17 00:01-02:00; Fr 19:00-23:59; Sa-Su 00:00-23:59)","name":"Phố Lê Thái Tổ","name:en":"Le Thai To Street","name:id":"Jalan Le Thai To","name:vi":"Phố Lê Thái Tổ","name:zh":"黎太祖街","oneway":"yes","surface":"asphalt"},"geometry":{"type":"LineString","coordinates":[[105.8510021,21.0314055],[105.8509476,21.0310025],[105.8510369,21.0305974],[105.8513605,21.0292724],[105.8514012,21.0288777],[105.8513442,21.0285285],[105.851275,21.0282514]]}},{"type":"Feature","properties":{"osm_id":1307455580,"osm_type":"way","highway":"tertiary","name":"Phố Hà Trì","name:en":"Ha Tri Street","surface":"asphalt"},"geometry":{"type":"LineString","coordinates":[[105.7822406,20.9657459],[105.7813047,20.9656103],[105.7807088,20.9654936],[105.7802874,20.9654152],[105.7790698,20.9651883]]}},{"type":"Feature","properties":{"osm_id":708514874,"osm_type":"way","highway":"primary","lanes":"3","lit":"yes","motor_vehicle:conditional":"no @ (Aug 29 21:30-23:59; Aug 30 00:00-13:30; Sep 1 17:00-23:59; Sep 2 00:00-16:00)","name":"Phố Nguyễn Thái Học","name:cy":"Stryd Nguyen Thai Hoc","name:en":"Nguyen Thai Hoc Street","name:id":"Jalan Nguyen Thai Hoc","name:zh":"阮太学街","oneway":"yes","surface":"asphalt"},"geometry":{"type":"LineString","coordinates":[[105.8384753,21.0297562],[105.8391489,21.0295628],[105.8397378,21.0293919],[105.840203,21.0292587],[105.8407417,21.0291033],[105.8414444,21.0289006],[105.841569,21.0288646]]}},{"type":"Feature","properties":{"osm_id":1311961697,"osm_type":"way","highway":"tertiary","lanes":"2","name":"Phố Nguyễn Đức Cảnh","name:en":"Nguyen Duc Canh Street","surface":"asphalt"},"geometry":{"type":"LineString","coordinates":[[105.8512674,20.9871467],[105.8518496,20.98704],[105.8530542,20.9868659],[105.8536963,20.9867291],[105.8544385,20.9866075]]}},{"type":"Feature","properties":{"osm_id":1241068455,"osm_type":"way","highway":"primary","lanes":"3","lit":"yes","maxweight":"10","name":"Phố Đoàn Khuê","name:en":"Doan Khue Street","oneway":"yes","surface":"asphalt"},"geometry":{"type":"LineString","coordinates":[[105.9054881,21.0552836],[105.9044173,21.0571463],[105.9039765,21.057913],[105.9038855,21.0580713]]}},{"type":"Feature","properties":{"osm_id":703497526,"osm_type":"way","highway":"primary","lanes":"3","lit":"yes","maxspeed":"50","name":"Đường Đỗ Mười","name:en":"Do Muoi Road","oneway":"yes","surface":"asphalt"},"geometry":{"type":"LineString","coordinates":[[105.8688229,20.9637946],[105.8698069,20.9638547],[105.8708687,20.9640048],[105.8720131,20.9641726]]}},{"type":"Feature","properties":{"osm_id":251931724,"osm_type":"way","highway":"primary","lit":"yes","name":"Đường Dương Nội","oneway":"yes","surface":"asphalt"},"geometry":{"type":"LineString","coordinates":[[105.7504833,20.9703726],[105.750993,20.9700816],[105.751914,20.9695578],[105.7524172,20.9692535],[105.7528206,20.9690306],[105.753184,20.9686619]]}},{"type":"Feature","properties":{"osm_id":384534346,"osm_type":"way","highway":"tertiary","lanes":"2","name":"Ngõ 63 Đường Cổ Linh","oneway":"yes","surface":"asphalt"},"geometry":{"type":"LineString","coordinates":[[105.9090961,21.0221188],[105.9094134,21.0226859],[105.9096205,21.0231167],[105.9098586,21.0234435],[105.9101864,21.0236589],[105.9106125,21.0237534],[105.9111373,21.0237999],[105.9114435,21.0239076]]}},{"type":"Feature","properties":{"osm_id":952866879,"osm_type":"way","bridge":"yes","fixme":"Đoạn đường ưu tiên phân cấp trunk vì là đại lộ liên tỉnh, là trục đường vận tải đông đúc của xe tải và nhiều phương tiện, vui lòng không hạ xuống primary chỉ vì đây được quy hoạch là đường tỉnh","highway":"trunk","layer":"1","lit":"yes","maxspeed":"80","name":"Đại lộ Ecopark","official_name":"Đường liên tỉnh Hà Nội - Hưng Yên","oneway":"yes","ref":"ĐT.379","source":"DigitalGlobe-Premium","surface":"asphalt"},"geometry":{"type":"LineString","coordinates":[[105.9367919,20.9571343],[105.9346272,20.959506]]}},{"type":"Feature","properties":{"osm_id":974572935,"osm_type":"way","highway":"trunk","lanes":"5","lit":"yes","maxspeed":"60","name":"Đường Trần Phú","name:en":"Tran Phu Road","oneway":"yes","ref":"QL.6","surface":"asphalt","wikidata":"Q2006553","wikipedia":"vi:Quốc lộ 6"},"geometry":{"type":"LineString","coordinates":[[105.7898992,20.9820119],[105.7895301,20.9817228],[105.789072,20.9813513],[105.7884587,20.980854],[105.7881282,20.980586],[105.7874005,20.9799959]]}},{"type":"Feature","properties":{"osm_id":1009060048,"osm_type":"way","alt_name":"Quốc lộ 5B","alt_name:en":"National Highway 5B","alt_ref":"QL.5B","embankment":"yes","highway":"motorway","lanes":"4","lit":"yes","maxheight":"4.75","maxspeed":"120","motorcycle":"no","name":"Đường cao tốc Hà Nội – Hải Phòng","name:en":"Hanoi – Haiphong Expressway","oneway":"yes","ref":"CT.04","surface":"asphalt"},"geometry":{"type":"LineString","coordinates":[[105.917858,21.0125466],[105.9164702,21.0140406],[105.9157503,21.0149631]]}},{"type":"Feature","properties":{"osm_id":25937214,"osm_type":"way","highway":"tertiary","lane_markings":"no","name":"Phố Định Công","name:en":"Dinh Cong Street","surface":"asphalt"},"geometry":{"type":"LineString","coordinates":[[105.8307479,20.9812782],[105.8311537,20.9816113],[105.831586,20.9817804],[105.8322495,20.9820156],[105.8327828,20.9821954],[105.8331831,20.9823312],[105.8336779,20.9825122]]}},{"type":"Feature","properties":{"osm_id":404195527,"osm_type":"way","highway":"tertiary","name":"Bờ Sông Kim Ngưu","surface":"asphalt"},"geometry":{"type":"LineString","coordinates":[[105.8633506,20.9836031],[105.8634843,20.982577],[105.8636586,20.9818365],[105.8638914,20.9809166],[105.8639842,20.980465]]}},{"type":"Feature","properties":{"osm_id":464097838,"osm_type":"way","bridge":"yes","highway":"primary","lanes":"2","layer":"1","lit":"yes","name":"Cầu vượt Ô Đống Mác","name:en":"O Dong Mac Overpass","surface":"asphalt"},"geometry":{"type":"LineString","coordinates":[[105.8590801,21.0091339],[105.8597713,21.0091167],[105.8601675,21.0091038],[105.8605907,21.0090688],[105.8612598,21.0089676],[105.8616673,21.008901],[105.8622617,21.0088122]]}},{"type":"Feature","properties":{"osm_id":374232865,"osm_type":"way","highway":"tertiary","lanes":"2","name":"Phố Thanh Đàm","name:en":"Thanh Dam Street","surface":"asphalt"},"geometry":{"type":"LineString","coordinates":[[105.8918921,20.9930548],[105.8914141,20.9930782],[105.8909178,20.9931288],[105.8905166,20.9932472],[105.8900914,20.993293],[105.8897154,20.9933116],[105.8893392,20.9933267],[105.8887182,20.9933774]]}},{"type":"Feature","properties":{"osm_id":946030629,"osm_type":"way","highway":"primary","lanes":"2","lit":"yes","maxspeed:type":"VN:urban","name":"Phố Đại La","name:en":"Dai La Street","oneway":"yes","sidewalk":"right","sidewalk:right:surface":"paving_stones","smoothness":"excellent","surface":"asphalt"},"geometry":{"type":"LineString","coordinates":[[105.8457959,20.9968419],[105.844811,20.9971047],[105.8443981,20.9972074],[105.8440079,20.9973068],[105.843401,20.9974601],[105.8429764,20.9975675],[105.8426897,20.9975708]]}},{"type":"Feature","properties":{"osm_id":703971809,"osm_type":"way","highway":"tertiary","name":"Đường Bờ Sông Sét","name:en":"Bo Song Set Road","surface":"asphalt"},"geometry":{"type":"LineString","coordinates":[[105.8457052,20.9821986],[105.8459966,20.9819814],[105.8461457,20.9815619],[105.8459832,20.9809156],[105.8458745,20.9804329],[105.8457824,20.9796047],[105.845773,20.9792101]]}},{"type":"Feature","properties":{"osm_id":703408265,"osm_type":"way","highway":"motorway","lanes":"2","lit":"yes","maxspeed":"80","motorcycle":"no","name":"Đường cao tốc Vành đai 3 TP. Hà Nội","name:en":"Ring Road 3 Expressway (Hanoi)","note":"Đoạn đường cắm mốc lí trình km cho QL.1 và biển báo lí trình cầu đoạn đường này đều ghi QL.1, xin lưu ý đừng xoá ref QL.1!","oneway":"yes","ref":"CT.37;CT.01;QL.1","surface":"asphalt","wikidata":"Q1372266","wikipedia":"vi:Quốc lộ 1"},"geometry":{"type":"LineString","coordinates":[[105.8914299,20.982219],[105.8908546,20.9815875],[105.8897806,20.9803807],[105.8893206,20.9798168]]}},{"type":"Feature","properties":{"osm_id":1323780502,"osm_type":"way","highway":"tertiary","lanes":"2","lit":"yes","name":"Đường Âu Cơ","name:en":"Au Co Road","name:ja":"アウコー通り","surface":"asphalt"},"geometry":{"type":"LineString","coordinates":[[105.8262703,21.0690716],[105.8262601,21.0696884],[105.8262386,21.0703956],[105.8262375,21.0707575],[105.8262122,21.0713282],[105.8260558,21.0722494]]}},{"type":"Feature","properties":{"osm_id":1112836174,"osm_type":"way","highway":"primary","lanes":"2","lit":"yes","name":"Phố Đại La","name:en":"Dai La Street","oneway":"yes","surface":"asphalt"},"geometry":{"type":"LineString","coordinates":[[105.8457682,20.9967378],[105.8451772,20.9969016],[105.843807,20.9972525],[105.8429568,20.9974706],[105.8426897,20.9975708]]}},{"type":"Feature","properties":{"osm_id":626841280,"osm_type":"way","highway":"trunk","lanes":"3","lit":"yes","name":"Đường Hồ Tùng Mậu","name:en":"Ho Tung Mau Road","old_name":"Liên tỉnh lộ 11A","oneway":"yes","ref":"QL.32","surface":"asphalt"},"geometry":{"type":"LineString","coordinates":[[105.7649258,21.0405556],[105.7644889,21.0406966],[105.7640846,21.0408276],[105.7635639,21.0410146],[105.7631382,21.0411655],[105.7627446,21.0413165],[105.7623706,21.0414398],[105.7619123,21.0416019]]}},{"type":"Feature","properties":{"osm_id":1149187593,"osm_type":"way","highway":"secondary","lanes":"2","lit":"yes","maxspeed":"60","name":"Đường Lê Trần Cẩn","name:en":"Le Tran Can Road","oneway":"yes","sidewalk":"right","sidewalk:right:surface":"paving_stones","smoothness":"excellent","surface":"asphalt"},"geometry":{"type":"LineString","coordinates":[[105.9345773,20.9948161],[105.9341519,20.9953757],[105.9334746,20.9965956],[105.9333634,20.9969577],[105.9334888,20.997295],[105.9337282,20.9975543]]}},{"type":"Feature","properties":{"osm_id":598694079,"osm_type":"way","highway":"secondary","lanes":"2","name":"Đường Tam Trinh","name:en":"Tam Trinh Road","surface":"asphalt"},"geometry":{"type":"LineString","coordinates":[[105.8629717,20.9920956],[105.8628887,20.9927774],[105.8628284,20.9933001],[105.8627465,20.9939409],[105.8627062,20.9943137],[105.8626389,20.9948584],[105.8626037,20.9952632]]}},{"type":"Feature","properties":{"osm_id":1434617049,"osm_type":"way","highway":"secondary","lanes":"2","maxspeed":"50","name":"Đường Tây Thăng Long","oneway":"yes"},"geometry":{"type":"LineString","coordinates":[[105.7712622,21.0627654],[105.7693378,21.0627636],[105.7683767,21.0627959],[105.768093,21.0628295]]}},{"type":"Feature","properties":{"osm_id":1302238527,"osm_type":"way","highway":"tertiary","lanes":"2","lit":"yes","motor_vehicle:conditional":"no @ (Aug 29 21:30-23:59; Aug 30 00:00-13:30; Sep 1 17:00-23:59; Sep 2 00:00-16:00)","name":"Phố Ngọc Hà","name:en":"Ngoc Ha Street","name:id":"Jalan Ngoc Ha","name:zh":"玉河街","oneway":"no","surface":"asphalt"},"geometry":{"type":"LineString","coordinates":[[105.8310475,21.0375067],[105.8310585,21.0371138],[105.8310747,21.0366575],[105.8311827,21.0362072],[105.8312711,21.0358558],[105.8314015,21.0354292],[105.8315658,21.0349468],[105.8317164,21.0345258],[105.8317055,21.0344357]]}},{"type":"Feature","properties":{"osm_id":601882487,"osm_type":"way","highway":"secondary","lanes":"2","name":"Đường Lĩnh Nam","name:en":"Linh Nam Road","surface":"asphalt"},"geometry":{"type":"LineString","coordinates":[[105.8735023,20.9843509],[105.8729802,20.9845618],[105.8723909,20.9847978],[105.871915,20.9849652],[105.8713544,20.9851881],[105.8709089,20.985361],[105.8705828,20.9855554]]}},{"type":"Feature","properties":{"osm_id":1327438661,"osm_type":"way","highway":"trunk","lanes":"5","lit":"yes","maxspeed":"60","name":"Đường Quang Trung","oneway":"yes","ref":"QL.6","surface":"asphalt"},"geometry":{"type":"LineString","coordinates":[[105.7651125,20.962288],[105.7676032,20.9642366]]}},{"type":"Feature","properties":{"osm_id":38095070,"osm_type":"way","bicycle":"no","foot":"no","highway":"primary","lanes":"2","lit":"yes","maxspeed":"60","moped:lanes":"no|designated","motorcar:lanes":"designated|no","motorcycle:lanes":"no|designated","name":"Hầm chui Kim Liên","name:en":"Kim Lien Underpass","oneway":"yes","sidewalk":"no","sidewalk:right:surface":"paving_stones","smoothness":"excellent","surface":"asphalt"},"geometry":{"type":"LineString","coordinates":[[105.8380906,21.0096135],[105.838422,21.0092903],[105.8387198,21.008998],[105.8390501,21.0086932],[105.8393536,21.0084449],[105.8399745,21.0080422],[105.8403439,21.0078743],[105.8406249,21.0077864]]}},{"type":"Feature","properties":{"osm_id":369969171,"osm_type":"way","highway":"tertiary","lanes":"2","lit":"yes","maxspeed":"50","name":"Phố Trần Đại Nghĩa","name:en":"Tran Dai Nghia Street","oneway":"no","sidewalk":"separate","surface":"asphalt"},"geometry":{"type":"LineString","coordinates":[[105.8454176,20.9954315],[105.8453487,20.995069],[105.8450534,20.9946691],[105.8448066,20.9943374],[105.8445189,20.9940557],[105.8441472,20.9937898],[105.843697,20.9934997],[105.8433215,20.9931925]]}},{"type":"Feature","properties":{"osm_id":1272651566,"osm_type":"way","highway":"primary","lanes":"2","name":"Đường Vành đai 2.5","name:en":"Ring Road 2.5","oneway":"yes","sidewalk:left":"no","sidewalk:right":"separate","surface":"asphalt"},"geometry":{"type":"LineString","coordinates":[[105.8369451,20.9835983],[105.8374248,20.9835373],[105.8387173,20.9835361],[105.8400998,20.9835347]]}},{"type":"Feature","properties":{"osm_id":709360971,"osm_type":"way","bicycle":"no","foot":"no","highway":"primary","horse":"no","lanes":"2","lit":"yes","maxspeed":"60","moped:lanes":"no|designated","motorcar:lanes":"designated|no","motorcycle:lanes":"no|designated","name":"Hầm chui Kim Liên","name:en":"Kim Lien Underpass","oneway":"yes","sidewalk":"no","smoothness":"excellent","surface":"asphalt"},"geometry":{"type":"LineString","coordinates":[[105.8406625,21.0078991],[105.8403255,21.0080133],[105.8396744,21.0083417],[105.8391262,21.008773],[105.8387781,21.009076],[105.8385009,21.0093594],[105.8381811,21.0097637]]}},{"type":"Feature","properties":{"osm_id":945322256,"osm_type":"way","highway":"primary","lanes":"4","lit":"yes","maxspeed":"60","name":"Phố Xã Đàn","name:en":"Xa Dan Street","name:zh":"社坛街","oneway":"yes","surface":"asphalt"},"geometry":{"type":"LineString","coordinates":[[105.834042,21.014199],[105.835217,21.0129411],[105.8355081,21.012629],[105.8362072,21.0119062]]}},{"type":"Feature","properties":{"osm_id":1009060044,"osm_type":"way","alt_name":"Đông Dư - Dương Xá","highway":"primary","lanes":"3","lit":"yes","maxspeed":"40","name":"Đường Lý Thánh Tông","name:en":"Ly Thanh Tong Road","oneway":"yes","sidewalk":"right","sidewalk:right:surface":"paving_stones","surface":"asphalt"},"geometry":{"type":"LineString","coordinates":[[105.9337883,20.9977448],[105.9334646,20.9975869],[105.9310086,20.9962628]]}},{"type":"Feature","properties":{"osm_id":701376117,"osm_type":"way","highway":"tertiary","lanes":"2","lit":"yes","name":"Đường Hồng Hà","name:en":"Hong Ha Road","oneway":"no","surface":"concrete"},"geometry":{"type":"LineString","coordinates":[[105.8512358,21.0402279],[105.8516257,21.0397629],[105.8518972,21.0393534],[105.8521167,21.0389094],[105.8523386,21.0385754],[105.8526595,21.0382629],[105.852965,21.037897],[105.853116,21.0377241]]}},{"type":"Feature","properties":{"osm_id":601519292,"osm_type":"way","highway":"secondary","lanes":"2","lit":"yes","name":"Phố Tôn Thất Thuyết","oneway":"yes","surface":"asphalt"},"geometry":{"type":"LineString","coordinates":[[105.7840622,21.0280358],[105.7844291,21.0279829],[105.7850163,21.0278953],[105.7855502,21.0278171],[105.7863823,21.0276885],[105.7868177,21.0276283],[105.7871158,21.0274254]]}},{"type":"Feature","properties":{"osm_id":1434617048,"osm_type":"way","highway":"secondary","lanes":"3","maxspeed":"60","name":"Đường Tây Thăng Long","oneway":"yes"},"geometry":{"type":"LineString","coordinates":[[105.7712622,21.0626781],[105.7693273,21.0626796],[105.7683667,21.0627136],[105.7681212,21.0627346]]}},{"type":"Feature","properties":{"osm_id":953158813,"osm_type":"way","highway":"primary","lanes":"4","lit":"yes","name":"Đường Trần Duy Hưng","name:en":"Tran Duy Hung Road","oneway":"yes","surface":"asphalt"},"geometry":{"type":"LineString","coordinates":[[105.7993146,21.0104976],[105.7988797,21.0101439],[105.798418,21.0097809],[105.7979462,21.0094311],[105.7974162,21.0090386],[105.7969656,21.0087168],[105.7968093,21.0086027]]}},{"type":"Feature","properties":{"osm_id":846338199,"osm_type":"way","alt_name":"Đông Dư - Dương Xá","highway":"primary","lanes":"3","lit":"yes","name":"Đường Lý Thánh Tông","name:en":"Ly Thanh Tong Road","oneway":"yes"},"geometry":{"type":"LineString","coordinates":[[105.9185936,20.9894081],[105.9189143,20.9895812],[105.9213597,20.9908979]]}},{"type":"Feature","properties":{"osm_id":704013518,"osm_type":"way","highway":"primary","lanes":"3","lit":"yes","name":"Đường Phạm Hùng","name:en":"Pham Hung Road","oneway":"yes","surface":"asphalt"},"geometry":{"type":"LineString","coordinates":[[105.7870779,21.0119009],[105.786491,21.012691],[105.7860978,21.0131675],[105.7856943,21.0136565],[105.7852565,21.0141869],[105.7851212,21.0143514]]}},{"type":"Feature","properties":{"osm_id":1124785544,"osm_type":"way","highway":"motorway","lanes":"3","lit":"yes","maxspeed":"80","motorcycle":"yes","name":"Quốc lộ 1","name:en":"National Route 1","note:vi":"Quốc lộ 1 là tên chính thức của con đường này, theo Quyết định số 1454/QĐ-TTg ngày 1 tháng 9 năm 2021 của Thủ tướng Chính phủ Việt Nam. Đề nghị không sửa tên thành \"Quốc lộ 1A\".","oneway":"yes","ref":"CT.01;CT.37;QL.1","surface":"asphalt","wikidata":"Q1372266","wikipedia":"vi:Quốc lộ 1"},"geometry":{"type":"LineString","coordinates":[[105.9123586,21.0054136],[105.9128124,21.0059242],[105.913097,21.0062672],[105.9144233,21.0077746]]}},{"type":"Feature","properties":{"osm_id":1351984535,"osm_type":"way","highway":"tertiary","lanes":"2","name":"Đường Ngô Quyền","surface":"asphalt"},"geometry":{"type":"LineString","coordinates":[[105.767436,20.970879],[105.7668607,20.9707908],[105.7660112,20.9708595],[105.7656177,20.9708757],[105.7647095,20.9709619],[105.7643213,20.9708921]]}},{"type":"Feature","properties":{"osm_id":399825370,"osm_type":"way","highway":"tertiary","lanes":"2","name":"Đường Trung Thư","name:en":"Trung Thu Road","oneway":"no","oneway:bicycle":"no","oneway:mofa":"no","oneway:moped":"no","smoothness":"good","surface":"asphalt"},"geometry":{"type":"LineString","coordinates":[[105.7800368,20.9922183],[105.780959,20.991687],[105.7818528,20.9912005],[105.7827743,20.9906936]]}},{"type":"Feature","properties":{"osm_id":615426395,"osm_type":"way","highway":"primary","lanes":"2","lit":"yes","name":"Đường Cầu Giấy","name:en":"Cau Giay Road","oneway":"yes","sidewalk:left":"no","sidewalk:right":"separate","surface":"asphalt"},"geometry":{"type":"LineString","coordinates":[[105.7935472,21.0352736],[105.7916292,21.0359026],[105.7906992,21.0361977],[105.7905682,21.0362388]]}},{"type":"Feature","properties":{"osm_id":709795721,"osm_type":"way","hgv:conditional":"no @ (06:30-09:30,16:00-19:00)","highway":"tertiary","lanes":"2","name":"Phố Sa Đôi","name:en":"Sa Doi Street","surface":"asphalt"},"geometry":{"type":"LineString","coordinates":[[105.7657392,21.0010692],[105.7650857,21.0001763],[105.7648584,20.9998577],[105.7644307,20.9992749],[105.764003,20.9986523],[105.7639068,20.9985375]]}},{"type":"Feature","properties":{"osm_id":570573008,"osm_type":"way","bus":"no","hgv":"no","highway":"tertiary","lanes":"2","lit":"yes","name":"Phố An Trạch","name:en":"An Trach Street","surface":"asphalt"},"geometry":{"type":"LineString","coordinates":[[105.8289775,21.0275059],[105.8294152,21.0277124],[105.8301864,21.0276428],[105.8305672,21.0275797],[105.8309598,21.0275146],[105.8313195,21.027544],[105.8315984,21.0282054]]}},{"type":"Feature","properties":{"osm_id":1240471400,"osm_type":"way","highway":"primary","lanes":"3","lit":"yes","maxspeed":"50","name":"Đường Đỗ Mười","name:en":"Do Muoi Road","oneway":"yes","surface":"asphalt"},"geometry":{"type":"LineString","coordinates":[[105.8720131,20.9641726],[105.8725914,20.9643019],[105.8731916,20.9644668],[105.8735611,20.9645955],[105.8739112,20.9647342],[105.8742551,20.9648855],[105.8746165,20.9650573],[105.8749377,20.9652185]]}},{"type":"Feature","properties":{"osm_id":157032212,"osm_type":"way","highway":"tertiary","lanes":"4","lit":"yes","name":"Phố Nguyễn Chánh","name:en":"Nguyen Chanh Street","oneway":"no","surface":"asphalt"},"geometry":{"type":"LineString","coordinates":[[105.7865387,21.0191609],[105.7867914,21.0188526],[105.7871757,21.0183792],[105.7874281,21.0180642],[105.7877557,21.0176325],[105.7881362,21.0171631],[105.788411,21.0168259],[105.7884854,21.0167322]]}},{"type":"Feature","properties":{"osm_id":839298508,"osm_type":"way","highway":"secondary","lanes":"2","name":"Phố Trịnh Đình Cửu","name:en":"Trinh Dinh Cuu Street","surface":"asphalt"},"geometry":{"type":"LineString","coordinates":[[105.8254845,20.9722312],[105.8260807,20.972499],[105.8268186,20.9728927],[105.8274151,20.973192],[105.828158,20.9735743],[105.8282615,20.9736249]]}},{"type":"Feature","properties":{"osm_id":1207654090,"osm_type":"way","highway":"tertiary","lanes":"2","lit":"yes","name":"Phố Trúc Khê","name:en":"Truc Khe Street","surface":"asphalt"},"geometry":{"type":"LineString","coordinates":[[105.8066648,21.0169709],[105.8074263,21.0165643],[105.8082759,21.0161055],[105.8089892,21.0157223],[105.8094024,21.0155057]]}},{"type":"Feature","properties":{"osm_id":704998414,"osm_type":"way","highway":"primary","lanes":"3","lit":"yes","loc_name":"Quốc lộ 1A cũ","name":"Đường Ngô Gia Tự","name:en":"Ngo Gia Tu Road","oneway":"yes","surface":"asphalt"},"geometry":{"type":"LineString","coordinates":[[105.9001939,21.0679676],[105.8992297,21.0669737],[105.898416,21.0661349],[105.8981342,21.0658352],[105.8980406,21.0657329]]}},{"type":"Feature","properties":{"osm_id":492297027,"osm_type":"way","highway":"secondary","lanes":"2","lit":"yes","name":"Đường Hoàng Minh Thảo","name:en":"Hoang Minh Thao Road","oneway":"yes","surface":"asphalt"},"geometry":{"type":"LineString","coordinates":[[105.800754,21.0623737],[105.801184,21.0623834],[105.8035932,21.0623856],[105.8038571,21.0623879]]}},{"type":"Feature","properties":{"osm_id":194422286,"osm_type":"way","highway":"primary","lanes":"2","lit":"yes","motor_vehicle:conditional":"no @ (Aug 29 21:30-23:59; Aug 30 00:00-13:30; Sep 1 17:00-23:59; Sep 2 00:00-16:00)","name":"Phố Kim Mã","name:en":"Kim Ma Street","name:ja":"キムマー通り","oneway":"yes","smoothness":"good","surface":"asphalt"},"geometry":{"type":"LineString","coordinates":[[105.8202933,21.0312925],[105.819676,21.031203],[105.8191627,21.0311242],[105.8181713,21.0309781],[105.8173534,21.0308583],[105.8172285,21.0308395]]}},{"type":"Feature","properties":{"osm_id":1226368794,"osm_type":"way","bus":"no","destination":"Bưởi;Cầu Giấy","hgv":"no","highway":"secondary","lanes":"2","lit":"yes","name":"Đường Lạc Long Quân","name:en":"Lac Long Quan Road","oneway":"yes","surface":"asphalt"},"geometry":{"type":"LineString","coordinates":[[105.8088139,21.0595789],[105.8087977,21.0586687],[105.8087787,21.0576552],[105.8087972,21.0567482],[105.8088198,21.0564828]]}},{"type":"Feature","properties":{"osm_id":1334507613,"osm_type":"way","alt_name":"Đường Vành đai 2.5","alt_name:en":"Ring Road 2.5","highway":"primary","lanes":"3","lit":"yes","name":"Phố Tân Mai","name:en":"Tan Mai Street","oneway":"yes","sidewalk":"separate","surface":"asphalt"},"geometry":{"type":"LineString","coordinates":[[105.8579351,20.9834723],[105.8595359,20.983501],[105.861029,20.9835333]]}},{"type":"Feature","properties":{"osm_id":208435357,"osm_type":"way","highway":"tertiary","name":"Ngõ 66 Phố Phạm Khắc Quảng","surface":"asphalt"},"geometry":{"type":"LineString","coordinates":[[105.9158735,21.0633679],[105.9162766,21.0635106],[105.9170867,21.0637974],[105.9175627,21.0639658],[105.9186228,21.0643411],[105.9187889,21.0643999]]}},{"type":"Feature","properties":{"osm_id":709681295,"osm_type":"way","bus:lanes":"designated|yes|yes","highway":"primary","lanes":"3","lanes:bus":"1","lit":"yes","maxspeed":"60","moped:lanes":"no|yes|yes","motor_vehicle:lanes":"no|yes|yes","motorcycle:lanes":"no|yes|yes","name":"Phố Nguyễn Thanh Bình","oneway":"yes","surface":"asphalt"},"geometry":{"type":"LineString","coordinates":[[105.7643874,20.9783641],[105.7640465,20.9781051],[105.7634437,20.9776481],[105.7622226,20.976683],[105.7619398,20.9764743]]}},{"type":"Feature","properties":{"osm_id":28191500,"osm_type":"way","hgv":"no","highway":"tertiary","lanes":"2","lit":"yes","name":"Phố Vũ Thạnh","name:en":"Vu Thanh Street","surface":"asphalt"},"geometry":{"type":"LineString","coordinates":[[105.8248143,21.0276475],[105.8250963,21.0273413],[105.8254285,21.0270481],[105.8257884,21.026827],[105.8261857,21.0266551],[105.826563,21.0265292],[105.8271242,21.0263461],[105.827496,21.0262322]]}},{"type":"Feature","properties":{"osm_id":951487938,"osm_type":"way","bicycle":"yes","highway":"secondary","lanes":"1","lit":"yes","moped":"designated","motor_vehicle:conditional":"no @ (Aug 29 21:30-23:59; Aug 30 00:00-13:30; Sep 1 17:00-23:59; Sep 2 00:00-16:00)","motorcar":"no","motorcycle":"yes","name":"Phố Kim Mã","name:en":"Kim Ma Street","name:ja":"キムマー通り","oneway":"yes","smoothness":"bad","surface":"asphalt"},"geometry":{"type":"LineString","coordinates":[[105.8131428,21.0302472],[105.8137676,21.0303016],[105.8143142,21.0303473],[105.8149307,21.0304009],[105.8153732,21.0304168],[105.8162249,21.0304316]]}},{"type":"Feature","properties":{"osm_id":601548400,"osm_type":"way","highway":"tertiary","lanes":"1","maxweight":"10","name":"Ngõ 144 Phố Tây Trà","name:en":"Lane 144 Tay Tra Street","oneway":"no","surface":"asphalt"},"geometry":{"type":"LineString","coordinates":[[105.8793044,20.9761891],[105.8797782,20.9760388],[105.8821724,20.9752484],[105.8822386,20.9752429]]}},{"type":"Feature","properties":{"osm_id":710073333,"osm_type":"way","bus:forward":"no","highway":"secondary","lanes":"2","name":"Đường Ngọc Lâm","name:en":"Ngoc Lam Road","oneway":"no","surface":"asphalt"},"geometry":{"type":"LineString","coordinates":[[105.8774361,21.0498848],[105.876176,21.0492415],[105.8757619,21.0490071],[105.8747155,21.0484372]]}},{"type":"Feature","properties":{"osm_id":407985093,"osm_type":"way","destination":"An Dương Vương","highway":"trunk_link","lanes":"3","lit":"yes","name":"Hướng đi đường An Dương Vương","oneway":"yes","surface":"asphalt"},"geometry":{"type":"LineString","coordinates":[[105.81384,21.0840096],[105.8139755,21.0843857],[105.8142911,21.0848066],[105.814762,21.085176],[105.8151712,21.0853176],[105.8160699,21.0855291],[105.8162649,21.0855764]]}},{"type":"Feature","properties":{"osm_id":339282226,"osm_type":"way","highway":"secondary","lanes":"2","lit":"yes","name":"Đường Tân Xuân","name:en":"Tan Xuan Road","oneway":"yes","surface":"asphalt"},"geometry":{"type":"LineString","coordinates":[[105.7853332,21.0854769],[105.7852911,21.0849082],[105.7852226,21.0840844],[105.785173,21.0833489],[105.7851183,21.0824037]]}},{"type":"Feature","properties":{"osm_id":35977789,"osm_type":"way","highway":"primary","lanes":"3","lit":"yes","name":"Đường Láng","name:en":"Lang Road","oneway":"yes","surface":"asphalt"},"geometry":{"type":"LineString","coordinates":[[105.8171357,21.0052039],[105.8168988,21.0055384],[105.8165418,21.0060746],[105.8162123,21.0065606],[105.8156665,21.0073042],[105.8153995,21.0076719],[105.815362,21.0077222]]}},{"type":"Feature","properties":{"osm_id":506383095,"osm_type":"way","highway":"primary","lanes":"4","lit":"yes","maxspeed":"60","name":"Phố Ô Chợ Dừa","name:en":"O Cho Dua Street","oneway":"yes","surface":"asphalt"},"geometry":{"type":"LineString","coordinates":[[105.8256706,21.0206049],[105.827027,21.0199082],[105.8275069,21.0196501],[105.8283711,21.0191311]]}},{"type":"Feature","properties":{"osm_id":711126334,"osm_type":"way","highway":"secondary","lanes":"4","lit":"yes","name":"Đường Mễ Trì","oneway":"yes","surface":"asphalt"},"geometry":{"type":"LineString","coordinates":[[105.7749479,21.0125629],[105.773048,21.0111985],[105.7726997,21.01099],[105.7723807,21.0108982]]}}]}
