{"type":"FeatureCollection","features":[{"type":"Feature","properties":{"osm_id":19301118,"osm_type":"relation","admin_level":"6","boundary":"administrative","name":"Phường Bồ Đề","name:en":"Bo De Ward","population":"120028","population:date":"2025-07-01","source:population":"gis.vn","type":"boundary","wikidata":"Q10743634","role":"outer","member_type":"way","member_ref":1410558579},"geometry":{"type":"LineString","coordinates":[[105.8410552,21.0808132],[105.8427745,21.0768864],[105.845194,21.0735567],[105.8498804,21.0690075],[105.8534235,21.064826],[105.8571286,21.059984],[105.8604329,21.0545803],[105.8624062,21.0490317],[105.8628097,21.0451962],[105.8627198,21.0406331],[105.8631586,21.0373438],[105.863252,21.0366437],[105.8637884,21.0314079]]}},{"type":"Feature","properties":{"osm_id":19334582,"osm_type":"relation","admin_level":"6","boundary":"administrative","name":"Phường Hồng Hà","name:en":"Hong Ha Ward","population":"123282","population:date":"2025-07-01","postal_code":"11025","source:population":"gis.vn","type":"boundary","wikipedia":"vi:Hồng Hà, Hà Nội","role":"outer","member_type":"way","member_ref":1410558579},"geometry":{"type":"LineString","coordinates":[[105.8410552,21.0808132],[105.8427745,21.0768864],[105.845194,21.0735567],[105.8498804,21.0690075],[105.8534235,21.064826],[105.8571286,21.059984],[105.8604329,21.0545803],[105.8624062,21.0490317],[105.8628097,21.0451962],[105.8627198,21.0406331],[105.8631586,21.0373438],[105.863252,21.0366437],[105.8637884,21.0314079]]}},{"type":"Feature","properties":{"osm_id":19301116,"osm_type":"relation","admin_level":"6","boundary":"administrative","name":"Phường Phúc Lợi","name:en":"Phuc Loi Ward","population":"66790","population:date":"2025-07-01","source:population":"gis.vn","type":"boundary","wikidata":"Q10806226","role":"outer","member_type":"way","member_ref":1410558563},"geometry":{"type":"LineString","coordinates":[[105.8946236,21.045788],[105.8975162,21.0474413],[105.8991743,21.0483959],[105.9006656,21.0492381],[105.9011927,21.0495094],[105.9073597,21.0526065],[105.9145434,21.0562057],[105.9178559,21.0578776],[105.9185719,21.0575589],[105.9186797,21.0570913],[105.9188353,21.0565936],[105.919415,21.0557872],[105.9197812,21.055496],[105.9203546,21.0552886],[105.920902,21.0554002],[105.9214885,21.0553531],[105.9218247,21.0549521],[105.9225661,21.0537039],[105.9229595,21.0532117],[105.9322801,21.0581716]]}},{"type":"Feature","properties":{"osm_id":19301117,"osm_type":"relation","admin_level":"6","boundary":"administrative","name":"Phường Việt Hưng","name:en":"Viet Hung Ward","population":"83188","population:date":"2025-07-01","source:population":"gis.vn","type":"boundary","wikidata":"Q10832831","wikipedia":"vi:Việt Hưng, Hà Nội","role":"outer","member_type":"way","member_ref":1410558563},"geometry":{"type":"LineString","coordinates":[[105.8946236,21.045788],[105.8975162,21.0474413],[105.8991743,21.0483959],[105.9006656,21.0492381],[105.9011927,21.0495094],[105.9073597,21.0526065],[105.9145434,21.0562057],[105.9178559,21.0578776],[105.9185719,21.0575589],[105.9186797,21.0570913],[105.9188353,21.0565936],[105.919415,21.0557872],[105.9197812,21.055496],[105.9203546,21.0552886],[105.920902,21.0554002],[105.9214885,21.0553531],[105.9218247,21.0549521],[105.9225661,21.0537039],[105.9229595,21.0532117],[105.9322801,21.0581716]]}},{"type":"Feature","properties":{"osm_id":19317430,"osm_type":"relation","UArea":"25.72","admin_level":"6","boundary":"administrative","name":"Xã Gia Lâm","name:en":"Gia Lam Commune","population":"90498","type":"boundary","wikidata":"Q1134500","wikipedia":"vi:Gia Lâm, Hà Nội","role":"outer","member_type":"way","member_ref":1411809929},"geometry":{"type":"LineString","coordinates":[[105.9179062,21.0123306],[105.9389834,20.9894455],[105.941387,20.9866312],[105.9425125,20.9852167]]}},{"type":"Feature","properties":{"osm_id":19317431,"osm_type":"relation","UArea":"20.67","admin_level":"6","boundary":"administrative","name":"Xã Bát Tràng","name:en":"Bat Trang Commune","population":"48987","type":"boundary","wikidata":"Q1094370","role":"outer","member_type":"way","member_ref":1411809929},"geometry":{"type":"LineString","coordinates":[[105.9179062,21.0123306],[105.9389834,20.9894455],[105.941387,20.9866312],[105.9425125,20.9852167]]}},{"type":"Feature","properties":{"osm_id":19341926,"osm_type":"relation","admin_level":"6","boundary":"administrative","name":"Phường Kiến Hưng","name:en":"Kien Hung Ward","population":"70833","population:date":"2025-07-01","source:population":"gis.vn","type":"boundary","role":"outer","member_type":"way","member_ref":1413922761},"geometry":{"type":"LineString","coordinates":[[105.7572591,20.9537449],[105.7619222,20.9521993],[105.7656329,20.9510102],[105.777734,20.9470957],[105.7816762,20.9457989],[105.7918576,20.9425016]]}},{"type":"Feature","properties":{"osm_id":19341928,"osm_type":"relation","admin_level":"6","boundary":"administrative","name":"Phường Phú Lương","name:en":"Phu Luong Ward","population":"52024","population:date":"2025-07-01","source:population":"gis.vn","type":"boundary","role":"outer","member_type":"way","member_ref":1413922761},"geometry":{"type":"LineString","coordinates":[[105.7572591,20.9537449],[105.7619222,20.9521993],[105.7656329,20.9510102],[105.777734,20.9470957],[105.7816762,20.9457989],[105.7918576,20.9425016]]}},{"type":"Feature","properties":{"osm_id":19322845,"osm_type":"relation","UArea":"48.68","admin_level":"6","boundary":"administrative","name":"Xã Đông Anh","name:en":"Dong Anh Commune","population":"118183","type":"boundary","wikidata":"Q10840690","role":"outer","member_type":"way","member_ref":1412300265},"geometry":{"type":"LineString","coordinates":[[105.8410552,21.0808132],[105.8460123,21.0867436],[105.8466468,21.0870727],[105.8470412,21.0874177],[105.8475065,21.0883026],[105.8476677,21.0887718],[105.8478358,21.0892929],[105.8479912,21.0899509],[105.8481593,21.0905697],[105.8482378,21.0911647],[105.8485658,21.0923967],[105.8487006,21.0932661],[105.8486534,21.0941029],[105.8485289,21.0950639],[105.8483702,21.0959327],[105.8481739,21.0966839],[105.8479757,21.0972386],[105.8477039,21.0977326],[105.8473818,21.0983408],[105.8469826,21.0992125],[105.846589,21.0998174],[105.8471212,21.1002287],[105.8469501,21.1009428],[105.8462058,21.1021685],[105.8461232,21.1026229],[105.8461265,21.103284],[105.8459554,21.1039622],[105.8457034,21.104421],[105.8486921,21.1063898],[105.8498817,21.1071329],[105.8485109,21.1093695]]}},{"type":"Feature","properties":{"osm_id":19322847,"osm_type":"relation","UArea":"22.52","admin_level":"6","boundary":"administrative","name":"Xã Vĩnh Thanh","name:en":"Vinh Thanh Commune","population":"64698","type":"boundary","wikipedia":"vi:Vĩnh Thanh, Hà Nội","role":"outer","member_type":"way","member_ref":1412300265},"geometry":{"type":"LineString","coordinates":[[105.8410552,21.0808132],[105.8460123,21.0867436],[105.8466468,21.0870727],[105.8470412,21.0874177],[105.8475065,21.0883026],[105.8476677,21.0887718],[105.8478358,21.0892929],[105.8479912,21.0899509],[105.8481593,21.0905697],[105.8482378,21.0911647],[105.8485658,21.0923967],[105.8487006,21.0932661],[105.8486534,21.0941029],[105.8485289,21.0950639],[105.8483702,21.0959327],[105.8481739,21.0966839],[105.8479757,21.0972386],[105.8477039,21.0977326],[105.8473818,21.0983408],[105.8469826,21.0992125],[105.846589,21.0998174],[105.8471212,21.1002287],[105.8469501,21.1009428],[105.8462058,21.1021685],[105.8461232,21.1026229],[105.8461265,21.103284],[105.8459554,21.1039622],[105.8457034,21.104421],[105.8486921,21.1063898],[105.8498817,21.1071329],[105.8485109,21.1093695]]}},{"type":"Feature","properties":{"osm_id":19541868,"osm_type":"relation","admin_level":"6","boundary":"administrative","name":"Xã Phụng Công","name:en":"Phụng Công Commune","name:vi":"Xã Phụng Công","place":"town","type":"boundary","role":"outer","member_type":"way","member_ref":1425977623},"geometry":{"type":"LineString","coordinates":[[105.9478621,20.9477719],[105.9472423,20.9479151],[105.9445875,20.9484927],[105.9438334,20.948593],[105.9410598,20.9490656],[105.9410857,20.948297],[105.9403729,20.9479724],[105.9402283,20.9475141],[105.9390042,20.9471322],[105.9372223,20.9469078],[105.93637,20.9463111],[105.9362616,20.9455234],[105.9346036,20.9453611],[105.9265307,20.946989],[105.9254719,20.9470749],[105.9241342,20.9468839],[105.9238398,20.9464065],[105.9186283,20.9430171],[105.917492,20.9417997]]}},{"type":"Feature","properties":{"osm_id":1901032,"osm_type":"relation","ISO3166-2":"VN-66","admin_level":"4","boundary":"administrative","is_in:country_code":"VN","name":"Tỉnh Hưng Yên","name:ar":"محافظة هونغ اين","name:bg":"Хунг Йен","name:de":"Hưng Yên","name:en":"Hưng Yên Province","name:es":"Hưng Yên","name:fa":"استان هونگ ین","name:fi":"Hưng Yên","name:fr":"Province de Hưng Yên","name:id":"Provinsi Hung Yen","name:it":"Provincia di Hung Yen","name:ja":"フンイエン","name:ko":"흥옌성","name:mn":"Хыниэнь","name:nl":"Hưng Yên","name:pl":"Prowincja Hưng Yên","name:pt":"Hung Yen","name:ru":"Хынгйен","name:sr":"Хинг Јен","name:sv":"Hung Yen","name:sw":"Mkoa wa Hưng Yên","name:th":"จังหวัดฮึงเอียน","name:uk":"Хинґ'єн","name:ur":"ہونگ ین صوبہ","name:vi-Hani":"省興安","name:zh":"兴安省","name:zh-Hans":"兴安省","name:zh-Hant":"興安省","population":"1150400","type":"boundary","wikidata":"Q36235","wikipedia":"vi:Hưng Yên","role":"outer","member_type":"way","member_ref":483232111},"geometry":{"type":"LineString","coordinates":[[105.9362033,20.9697641],[105.9384749,20.9701572],[105.938921,20.9691512],[105.9395652,20.9690167],[105.9397863,20.9679486],[105.9476533,20.9692991],[105.9478944,20.9682241],[105.9484879,20.9683604],[105.9483724,20.9677642],[105.9488741,20.9674559],[105.948428,20.9670239],[105.9489769,20.9670477],[105.9495868,20.9670082],[105.9499924,20.9666756],[105.9503998,20.9669662],[105.9509101,20.9667151],[105.9515958,20.9666093],[105.9519654,20.9669259],[105.9524074,20.9678272],[105.9535148,20.9676925],[105.953857,20.9680109],[105.9542948,20.9677623],[105.9550625,20.9675769],[105.9553852,20.967261],[105.9558029,20.9675112],[105.9560237,20.9680744],[105.9564521,20.9679103],[105.9568115,20.9661119],[105.9585797,20.9660095],[105.9587122,20.9648282],[105.9593455,20.9646195],[105.9591592,20.96416]]}},{"type":"Feature","properties":{"osm_id":1903516,"osm_type":"relation","ISO3166-2":"VN-HN","UArea":"3359.80","admin_level":"4","boundary":"administrative","is_in:country":"Vietnam","is_in:country_code":"VN","name":"Thành phố Hà Nội","name:am":"ሀኖይ","name:ar":"هانوي","name:arz":"هانوى","name:ast":"Ḥanói","name:az":"Hanoy","name:be":"Ханой","name:be-tarask":"Ханой","name:bg":"Ханой","name:bn":"হ্যানয়","name:bo":"ཧེ་ནོ།","name:br":"Ha Noi","name:ca":"Hanoi","name:ckb":"ھانۆی","name:cs":"Hanoj","name:cv":"Ханой","name:da":"Hanoi","name:de":"Hanoi","name:el":"Ανόι","name:en":"Hà Nội","name:eo":"Hanojo","name:es":"Hanói","name:et":"Hanoi","name:eu":"Hanoi","name:fa":"هانوی","name:fi":"Hanoi","name:fr":"Hanoï","name:ga":"Ha Noi","name:gl":"Hanoi","name:he":"האנוי","name:hi":"हनोई","name:hr":"Hanoi","name:ht":"Anòy","name:hu":"Hanoi","name:hy":"Հանոյ","name:is":"Hanoí","name:it":"Hanoi","name:ja":"ハノイ","name:ka":"ჰანოი","name:kk":"Ханой","name:km":"ទីក្រុងហានូយ","name:kn":"ಹಾನೊಯ್","name:ko":"하노이","name:ku":"Hanoi","name:lt":"Hanojus","name:lv":"Hanoja","name:mhr":"Ханой","name:mk":"Ханој","name:mn":"Ханой","name:mr":"हनोई","name:my":"ဟနွိုင်းမြို့","name:mzn":"هانوی","name:nan":"Hà Nội","name:nds":"Hà Nội","name:nl":"Hanoi","name:oc":"Hanòi","name:os":"Ханой","name:pcd":"Hanoï","name:pl":"Hanoi","name:pnb":"ہنوئی","name:pt":"Hanói","name:qu":"Ha Nui","name:ru":"Ханой","name:sah":"Ханой","name:si":"හැනෝයි","name:sk":"Hanoj","name:sl":"Hanoj","name:sr":"Ханој","name:sv":"Hanoi","name:ta":"ஹனோய்","name:tg":"Ханой","name:th":"ฮานอย","name:ug":"خانوي","name:uk":"Ханой","name:ur":"ہنوئی","name:vi":"Hà Nội","name:vi-Hani":"河內","name:wuu":"河內市","name:yue":"河內市","name:zh":"河内市","name:zh-Hans":"河内市","name:zh-Hant":"河內市","official_name":"Thành phố Hà Nội","old_name":"Thăng Long","population":"8718000","type":"boundary","website":"https://hanoi.gov.vn","wikidata":"Q1858","wikipedia":"vi:Hà Nội","wikivoyage":"en:Hanoi","role":"outer","member_type":"way","member_ref":483232111},"geometry":{"type":"LineString","coordinates":[[105.9362033,20.9697641],[105.9384749,20.9701572],[105.938921,20.9691512],[105.9395652,20.9690167],[105.9397863,20.9679486],[105.9476533,20.9692991],[105.9478944,20.9682241],[105.9484879,20.9683604],[105.9483724,20.9677642],[105.9488741,20.9674559],[105.948428,20.9670239],[105.9489769,20.9670477],[105.9495868,20.9670082],[105.9499924,20.9666756],[105.9503998,20.9669662],[105.9509101,20.9667151],[105.9515958,20.9666093],[105.9519654,20.9669259],[105.9524074,20.9678272],[105.9535148,20.9676925],[105.953857,20.9680109],[105.9542948,20.9677623],[105.9550625,20.9675769],[105.9553852,20.967261],[105.9558029,20.9675112],[105.9560237,20.9680744],[105.9564521,20.9679103],[105.9568115,20.9661119],[105.9585797,20.9660095],[105.9587122,20.9648282],[105.9593455,20.9646195],[105.9591592,20.96416]]}},{"type":"Feature","properties":{"osm_id":19267328,"osm_type":"relation","boundary":"administrative","name":"Trung tâm Hà Nội","note":"This is not a historical boundary, but rather an subtraction of the defunct Hà Tây province and Mê Linh, Sóc Sơn districts (formerly in Vĩnh Phúc province) from Hà Nội","type":"boundary","role":"outer","member_type":"way","member_ref":483232111},"geometry":{"type":"LineString","coordinates":[[105.9362033,20.9697641],[105.9384749,20.9701572],[105.938921,20.9691512],[105.9395652,20.9690167],[105.9397863,20.9679486],[105.9476533,20.9692991],[105.9478944,20.9682241],[105.9484879,20.9683604],[105.9483724,20.9677642],[105.9488741,20.9674559],[105.948428,20.9670239],[105.9489769,20.9670477],[105.9495868,20.9670082],[105.9499924,20.9666756],[105.9503998,20.9669662],[105.9509101,20.9667151],[105.9515958,20.9666093],[105.9519654,20.9669259],[105.9524074,20.9678272],[105.9535148,20.9676925],[105.953857,20.9680109],[105.9542948,20.9677623],[105.9550625,20.9675769],[105.9553852,20.967261],[105.9558029,20.9675112],[105.9560237,20.9680744],[105.9564521,20.9679103],[105.9568115,20.9661119],[105.9585797,20.9660095],[105.9587122,20.9648282],[105.9593455,20.9646195],[105.9591592,20.96416]]}},{"type":"Feature","properties":{"osm_id":19317430,"osm_type":"relation","UArea":"25.72","admin_level":"6","boundary":"administrative","name":"Xã Gia Lâm","name:en":"Gia Lam Commune","population":"90498","type":"boundary","wikidata":"Q1134500","wikipedia":"vi:Gia Lâm, Hà Nội","role":"outer","member_type":"way","member_ref":483232111},"geometry":{"type":"LineString","coordinates":[[105.9362033,20.9697641],[105.9384749,20.9701572],[105.938921,20.9691512],[105.9395652,20.9690167],[105.9397863,20.9679486],[105.9476533,20.9692991],[105.9478944,20.9682241],[105.9484879,20.9683604],[105.9483724,20.9677642],[105.9488741,20.9674559],[105.948428,20.9670239],[105.9489769,20.9670477],[105.9495868,20.9670082],[105.9499924,20.9666756],[105.9503998,20.9669662],[105.9509101,20.9667151],[105.9515958,20.9666093],[105.9519654,20.9669259],[105.9524074,20.9678272],[105.9535148,20.9676925],[105.953857,20.9680109],[105.9542948,20.9677623],[105.9550625,20.9675769],[105.9553852,20.967261],[105.9558029,20.9675112],[105.9560237,20.9680744],[105.9564521,20.9679103],[105.9568115,20.9661119],[105.9585797,20.9660095],[105.9587122,20.9648282],[105.9593455,20.9646195],[105.9591592,20.96416]]}},{"type":"Feature","properties":{"osm_id":19541868,"osm_type":"relation","admin_level":"6","boundary":"administrative","name":"Xã Phụng Công","name:en":"Phụng Công Commune","name:vi":"Xã Phụng Công","place":"town","type":"boundary","role":"outer","member_type":"way","member_ref":483232111},"geometry":{"type":"LineString","coordinates":[[105.9362033,20.9697641],[105.9384749,20.9701572],[105.938921,20.9691512],[105.9395652,20.9690167],[105.9397863,20.9679486],[105.9476533,20.9692991],[105.9478944,20.9682241],[105.9484879,20.9683604],[105.9483724,20.9677642],[105.9488741,20.9674559],[105.948428,20.9670239],[105.9489769,20.9670477],[105.9495868,20.9670082],[105.9499924,20.9666756],[105.9503998,20.9669662],[105.9509101,20.9667151],[105.9515958,20.9666093],[105.9519654,20.9669259],[105.9524074,20.9678272],[105.9535148,20.9676925],[105.953857,20.9680109],[105.9542948,20.9677623],[105.9550625,20.9675769],[105.9553852,20.967261],[105.9558029,20.9675112],[105.9560237,20.9680744],[105.9564521,20.9679103],[105.9568115,20.9661119],[105.9585797,20.9660095],[105.9587122,20.9648282],[105.9593455,20.9646195],[105.9591592,20.96416]]}},{"type":"Feature","properties":{"osm_id":19338313,"osm_type":"relation","admin_level":"6","boundary":"administrative","name":"Phường Từ Liêm","name:en":"Tu Liem Ward","population":"119997","population:date":"2025-07-01","source:population":"gis.vn","type":"boundary","wikipedia":"vi:Từ Liêm (phường)","role":"outer","member_type":"way","member_ref":1413520750},"geometry":{"type":"LineString","coordinates":[[105.7628208,21.0063691],[105.7664879,21.0056054],[105.7684316,21.0052006],[105.775969,21.0036369],[105.7822867,21.0022934],[105.7838316,21.0020581],[105.7847667,21.0020277],[105.7859294,21.002096],[105.7869133,21.0022706],[105.7879459,21.0025666],[105.7891655,21.0030904],[105.7902957,21.0037584],[105.7911792,21.0042771]]}},{"type":"Feature","properties":{"osm_id":19338314,"osm_type":"relation","admin_level":"6","boundary":"administrative","name":"Phường Đại Mỗ","name:en":"Dai Mo Ward","population":"80462","population:date":"2025-07-01","source:population":"gis.vn","type":"boundary","wikidata":"Q10841119","wikipedia":"vi:Đại Mỗ","role":"outer","member_type":"way","member_ref":1413520750},"geometry":{"type":"LineString","coordinates":[[105.7628208,21.0063691],[105.7664879,21.0056054],[105.7684316,21.0052006],[105.775969,21.0036369],[105.7822867,21.0022934],[105.7838316,21.0020581],[105.7847667,21.0020277],[105.7859294,21.002096],[105.7869133,21.0022706],[105.7879459,21.0025666],[105.7891655,21.0030904],[105.7902957,21.0037584],[105.7911792,21.0042771]]}},{"type":"Feature","properties":{"osm_id":19332321,"osm_type":"relation","admin_level":"6","boundary":"administrative","name":"Phường Tây Hồ","name:en":"Tay Ho Ward","population":"100122","population:date":"2025-07-01","postal_code":"11214","source:population":"gis.vn","type":"boundary","wikipedia":"vi:Tây Hồ (phường)","role":"outer","member_type":"way","member_ref":1413067869},"geometry":{"type":"LineString","coordinates":[[105.8166966,21.0846499],[105.817229,21.0828329],[105.8176306,21.0819788],[105.8181861,21.0810426],[105.8184681,21.0805661],[105.8188785,21.07993],[105.8191929,21.0794696],[105.8198361,21.0785536],[105.8202235,21.0779938],[105.820511,21.0775592],[105.8208111,21.0771647],[105.8214397,21.0765587],[105.822245,21.0757261],[105.8226493,21.0753718],[105.8230773,21.0750325],[105.8243927,21.0740133],[105.824928,21.0735897],[105.8253639,21.0731769],[105.8256976,21.0727064],[105.8259432,21.0721143],[105.82606,21.0714161],[105.8260842,21.0702432],[105.8261257,21.0690969],[105.8263206,21.0684195],[105.8266825,21.0678678],[105.8285117,21.0656245],[105.8290391,21.064942],[105.8295002,21.0647054],[105.8301751,21.0646695],[105.8306507,21.064628],[105.8311785,21.0644621],[105.8316205,21.0641193],[105.8318213,21.0636995],[105.8320983,21.0629028],[105.8323959,21.0620591],[105.8324843,21.0618257]]}},{"type":"Feature","properties":{"osm_id":19334582,"osm_type":"relation","admin_level":"6","boundary":"administrative","name":"Phường Hồng Hà","name:en":"Hong Ha Ward","population":"123282","population:date":"2025-07-01","postal_code":"11025","source:population":"gis.vn","type":"boundary","wikipedia":"vi:Hồng Hà, Hà Nội","role":"outer","member_type":"way","member_ref":1413067869},"geometry":{"type":"LineString","coordinates":[[105.8166966,21.0846499],[105.817229,21.0828329],[105.8176306,21.0819788],[105.8181861,21.0810426],[105.8184681,21.0805661],[105.8188785,21.07993],[105.8191929,21.0794696],[105.8198361,21.0785536],[105.8202235,21.0779938],[105.820511,21.0775592],[105.8208111,21.0771647],[105.8214397,21.0765587],[105.822245,21.0757261],[105.8226493,21.0753718],[105.8230773,21.0750325],[105.8243927,21.0740133],[105.824928,21.0735897],[105.8253639,21.0731769],[105.8256976,21.0727064],[105.8259432,21.0721143],[105.82606,21.0714161],[105.8260842,21.0702432],[105.8261257,21.0690969],[105.8263206,21.0684195],[105.8266825,21.0678678],[105.8285117,21.0656245],[105.8290391,21.064942],[105.8295002,21.0647054],[105.8301751,21.0646695],[105.8306507,21.064628],[105.8311785,21.0644621],[105.8316205,21.0641193],[105.8318213,21.0636995],[105.8320983,21.0629028],[105.8323959,21.0620591],[105.8324843,21.0618257]]}},{"type":"Feature","properties":{"osm_id":1902690,"osm_type":"relation","ISO3166-2":"VN-56","UArea":"4718.60","admin_level":"4","boundary":"administrative","is_in:country_code":"VN","name":"Tỉnh Bắc Ninh","name:ar":"محافظة باك ننه","name:bg":"Бак Нин","name:ca":"Bac Ninh","name:de":"Provinz Bắc Ninh","name:en":"Bắc Ninh Province","name:es":"Bắc Ninh","name:fa":"استان باک نین","name:fi":"Bắc Ninh","name:fr":"Province de Bắc Ninh","name:id":"Provinsi Bac Ninh","name:it":"Provincia di Bac Ninh","name:ja":"バクニン","name:ko":"박닌성","name:mn":"Бак Нэн","name:ms":"Wilayah Bac Ninh","name:nl":"Bắc Ninh","name:pl":"Prowincja Bắc Ninh","name:pt":"Bac Ninh","name:ru":"Бакнинь","name:sr":"Бак Нињ","name:sv":"Bắc Ninh","name:sw":"Mkoa wa Bắc Ninh","name:th":"จังหวัดบั๊กนิญ","name:uk":"Бакнінь","name:ur":"باک ننہ صوبہ","name:vi-Hani":"省北寧","name:zh":"北宁省","name:zh-Hans":"北宁省","name:zh-Hant":"北寧省","population":"3619433","type":"boundary","wikidata":"Q33408","wikipedia":"vi:Bắc Ninh","role":"outer","member_type":"way","member_ref":484563275},"geometry":{"type":"LineString","coordinates":[[105.9599249,21.0884927],[105.9579932,21.0913648],[105.9558151,21.090432],[105.9457189,21.0850473],[105.9445371,21.0853402],[105.9433796,21.0847803],[105.9401924,21.0833533],[105.9398195,21.085296],[105.9395068,21.0868004],[105.9393182,21.0876582],[105.9399563,21.0882554],[105.9395763,21.0885886]]}},{"type":"Feature","properties":{"osm_id":1903516,"osm_type":"relation","ISO3166-2":"VN-HN","UArea":"3359.80","admin_level":"4","boundary":"administrative","is_in:country":"Vietnam","is_in:country_code":"VN","name":"Thành phố Hà Nội","name:am":"ሀኖይ","name:ar":"هانوي","name:arz":"هانوى","name:ast":"Ḥanói","name:az":"Hanoy","name:be":"Ханой","name:be-tarask":"Ханой","name:bg":"Ханой","name:bn":"হ্যানয়","name:bo":"ཧེ་ནོ།","name:br":"Ha Noi","name:ca":"Hanoi","name:ckb":"ھانۆی","name:cs":"Hanoj","name:cv":"Ханой","name:da":"Hanoi","name:de":"Hanoi","name:el":"Ανόι","name:en":"Hà Nội","name:eo":"Hanojo","name:es":"Hanói","name:et":"Hanoi","name:eu":"Hanoi","name:fa":"هانوی","name:fi":"Hanoi","name:fr":"Hanoï","name:ga":"Ha Noi","name:gl":"Hanoi","name:he":"האנוי","name:hi":"हनोई","name:hr":"Hanoi","name:ht":"Anòy","name:hu":"Hanoi","name:hy":"Հանոյ","name:is":"Hanoí","name:it":"Hanoi","name:ja":"ハノイ","name:ka":"ჰანოი","name:kk":"Ханой","name:km":"ទីក្រុងហានូយ","name:kn":"ಹಾನೊಯ್","name:ko":"하노이","name:ku":"Hanoi","name:lt":"Hanojus","name:lv":"Hanoja","name:mhr":"Ханой","name:mk":"Ханој","name:mn":"Ханой","name:mr":"हनोई","name:my":"ဟနွိုင်းမြို့","name:mzn":"هانوی","name:nan":"Hà Nội","name:nds":"Hà Nội","name:nl":"Hanoi","name:oc":"Hanòi","name:os":"Ханой","name:pcd":"Hanoï","name:pl":"Hanoi","name:pnb":"ہنوئی","name:pt":"Hanói","name:qu":"Ha Nui","name:ru":"Ханой","name:sah":"Ханой","name:si":"හැනෝයි","name:sk":"Hanoj","name:sl":"Hanoj","name:sr":"Ханој","name:sv":"Hanoi","name:ta":"ஹனோய்","name:tg":"Ханой","name:th":"ฮานอย","name:ug":"خانوي","name:uk":"Ханой","name:ur":"ہنوئی","name:vi":"Hà Nội","name:vi-Hani":"河內","name:wuu":"河內市","name:yue":"河內市","name:zh":"河内市","name:zh-Hans":"河内市","name:zh-Hant":"河內市","official_name":"Thành phố Hà Nội","old_name":"Thăng Long","population":"8718000","type":"boundary","website":"https://hanoi.gov.vn","wikidata":"Q1858","wikipedia":"vi:Hà Nội","wikivoyage":"en:Hanoi","role":"outer","member_type":"way","member_ref":484563275},"geometry":{"type":"LineString","coordinates":[[105.9599249,21.0884927],[105.9579932,21.0913648],[105.9558151,21.090432],[105.9457189,21.0850473],[105.9445371,21.0853402],[105.9433796,21.0847803],[105.9401924,21.0833533],[105.9398195,21.085296],[105.9395068,21.0868004],[105.9393182,21.0876582],[105.9399563,21.0882554],[105.9395763,21.0885886]]}},{"type":"Feature","properties":{"osm_id":19267328,"osm_type":"relation","boundary":"administrative","name":"Trung tâm Hà Nội","note":"This is not a historical boundary, but rather an subtraction of the defunct Hà Tây province and Mê Linh, Sóc Sơn districts (formerly in Vĩnh Phúc province) from Hà Nội","type":"boundary","role":"outer","member_type":"way","member_ref":484563275},"geometry":{"type":"LineString","coordinates":[[105.9599249,21.0884927],[105.9579932,21.0913648],[105.9558151,21.090432],[105.9457189,21.0850473],[105.9445371,21.0853402],[105.9433796,21.0847803],[105.9401924,21.0833533],[105.9398195,21.085296],[105.9395068,21.0868004],[105.9393182,21.0876582],[105.9399563,21.0882554],[105.9395763,21.0885886]]}},{"type":"Feature","properties":{"osm_id":19317432,"osm_type":"relation","UArea":"41.62","admin_level":"6","boundary":"administrative","name":"Xã Phù Đổng","name:en":"Phu Dong Commune","population":"111484","type":"boundary","wikidata":"Q16481027","role":"outer","member_type":"way","member_ref":484563275},"geometry":{"type":"LineString","coordinates":[[105.9599249,21.0884927],[105.9579932,21.0913648],[105.9558151,21.090432],[105.9457189,21.0850473],[105.9445371,21.0853402],[105.9433796,21.0847803],[105.9401924,21.0833533],[105.9398195,21.085296],[105.9395068,21.0868004],[105.9393182,21.0876582],[105.9399563,21.0882554],[105.9395763,21.0885886]]}},{"type":"Feature","properties":{"osm_id":19435883,"osm_type":"relation","admin_level":"6","boundary":"administrative","name":"Phường Từ Sơn","name:de":"Stadtviertel Từ Sơn","name:en":"Tu Son Ward","name:lzh":"慈山社","name:vi-Hani":"社慈山","name:zh":"慈山社","name:zh-Hans":"慈山社","name:zh-Hant":"慈山社","population":"65697","population:date":"2025-07-01","source:population":"gis.vn","type":"boundary","role":"outer","member_type":"way","member_ref":484563275},"geometry":{"type":"LineString","coordinates":[[105.9599249,21.0884927],[105.9579932,21.0913648],[105.9558151,21.090432],[105.9457189,21.0850473],[105.9445371,21.0853402],[105.9433796,21.0847803],[105.9401924,21.0833533],[105.9398195,21.085296],[105.9395068,21.0868004],[105.9393182,21.0876582],[105.9399563,21.0882554],[105.9395763,21.0885886]]}},{"type":"Feature","properties":{"osm_id":1901032,"osm_type":"relation","ISO3166-2":"VN-66","admin_level":"4","boundary":"administrative","is_in:country_code":"VN","name":"Tỉnh Hưng Yên","name:ar":"محافظة هونغ اين","name:bg":"Хунг Йен","name:de":"Hưng Yên","name:en":"Hưng Yên Province","name:es":"Hưng Yên","name:fa":"استان هونگ ین","name:fi":"Hưng Yên","name:fr":"Province de Hưng Yên","name:id":"Provinsi Hung Yen","name:it":"Provincia di Hung Yen","name:ja":"フンイエン","name:ko":"흥옌성","name:mn":"Хыниэнь","name:nl":"Hưng Yên","name:pl":"Prowincja Hưng Yên","name:pt":"Hung Yen","name:ru":"Хынгйен","name:sr":"Хинг Јен","name:sv":"Hung Yen","name:sw":"Mkoa wa Hưng Yên","name:th":"จังหวัดฮึงเอียน","name:uk":"Хинґ'єн","name:ur":"ہونگ ین صوبہ","name:vi-Hani":"省興安","name:zh":"兴安省","name:zh-Hans":"兴安省","name:zh-Hant":"興安省","population":"1150400","type":"boundary","wikidata":"Q36235","wikipedia":"vi:Hưng Yên","role":"outer","member_type":"way","member_ref":1032879037},"geometry":{"type":"LineString","coordinates":[[105.9030199,20.9471529],[105.9040882,20.9489505],[105.9047654,20.9500273],[105.9053289,20.9514501],[105.9056479,20.9534362],[105.9056135,20.9541026],[105.9061749,20.955437],[105.906923,20.9573643],[105.9073081,20.9581767],[105.9078425,20.9609357],[105.9083044,20.9622896],[105.9088833,20.9633533],[105.9093824,20.9643447],[105.9110117,20.9671462],[105.9122216,20.9693414],[105.9123712,20.9708832],[105.913199,20.9708054],[105.9132537,20.9716567],[105.9133018,20.9724065]]}},{"type":"Feature","properties":{"osm_id":1903516,"osm_type":"relation","ISO3166-2":"VN-HN","UArea":"3359.80","admin_level":"4","boundary":"administrative","is_in:country":"Vietnam","is_in:country_code":"VN","name":"Thành phố Hà Nội","name:am":"ሀኖይ","name:ar":"هانوي","name:arz":"هانوى","name:ast":"Ḥanói","name:az":"Hanoy","name:be":"Ханой","name:be-tarask":"Ханой","name:bg":"Ханой","name:bn":"হ্যানয়","name:bo":"ཧེ་ནོ།","name:br":"Ha Noi","name:ca":"Hanoi","name:ckb":"ھانۆی","name:cs":"Hanoj","name:cv":"Ханой","name:da":"Hanoi","name:de":"Hanoi","name:el":"Ανόι","name:en":"Hà Nội","name:eo":"Hanojo","name:es":"Hanói","name:et":"Hanoi","name:eu":"Hanoi","name:fa":"هانوی","name:fi":"Hanoi","name:fr":"Hanoï","name:ga":"Ha Noi","name:gl":"Hanoi","name:he":"האנוי","name:hi":"हनोई","name:hr":"Hanoi","name:ht":"Anòy","name:hu":"Hanoi","name:hy":"Հանոյ","name:is":"Hanoí","name:it":"Hanoi","name:ja":"ハノイ","name:ka":"ჰანოი","name:kk":"Ханой","name:km":"ទីក្រុងហានូយ","name:kn":"ಹಾನೊಯ್","name:ko":"하노이","name:ku":"Hanoi","name:lt":"Hanojus","name:lv":"Hanoja","name:mhr":"Ханой","name:mk":"Ханој","name:mn":"Ханой","name:mr":"हनोई","name:my":"ဟနွိုင်းမြို့","name:mzn":"هانوی","name:nan":"Hà Nội","name:nds":"Hà Nội","name:nl":"Hanoi","name:oc":"Hanòi","name:os":"Ханой","name:pcd":"Hanoï","name:pl":"Hanoi","name:pnb":"ہنوئی","name:pt":"Hanói","name:qu":"Ha Nui","name:ru":"Ханой","name:sah":"Ханой","name:si":"හැනෝයි","name:sk":"Hanoj","name:sl":"Hanoj","name:sr":"Ханој","name:sv":"Hanoi","name:ta":"ஹனோய்","name:tg":"Ханой","name:th":"ฮานอย","name:ug":"خانوي","name:uk":"Ханой","name:ur":"ہنوئی","name:vi":"Hà Nội","name:vi-Hani":"河內","name:wuu":"河內市","name:yue":"河內市","name:zh":"河内市","name:zh-Hans":"河内市","name:zh-Hant":"河內市","official_name":"Thành phố Hà Nội","old_name":"Thăng Long","population":"8718000","type":"boundary","website":"https://hanoi.gov.vn","wikidata":"Q1858","wikipedia":"vi:Hà Nội","wikivoyage":"en:Hanoi","role":"outer","member_type":"way","member_ref":1032879037},"geometry":{"type":"LineString","coordinates":[[105.9030199,20.9471529],[105.9040882,20.9489505],[105.9047654,20.9500273],[105.9053289,20.9514501],[105.9056479,20.9534362],[105.9056135,20.9541026],[105.9061749,20.955437],[105.906923,20.9573643],[105.9073081,20.9581767],[105.9078425,20.9609357],[105.9083044,20.9622896],[105.9088833,20.9633533],[105.9093824,20.9643447],[105.9110117,20.9671462],[105.9122216,20.9693414],[105.9123712,20.9708832],[105.913199,20.9708054],[105.9132537,20.9716567],[105.9133018,20.9724065]]}},{"type":"Feature","properties":{"osm_id":19267328,"osm_type":"relation","boundary":"administrative","name":"Trung tâm Hà Nội","note":"This is not a historical boundary, but rather an subtraction of the defunct Hà Tây province and Mê Linh, Sóc Sơn districts (formerly in Vĩnh Phúc province) from Hà Nội","type":"boundary","role":"outer","member_type":"way","member_ref":1032879037},"geometry":{"type":"LineString","coordinates":[[105.9030199,20.9471529],[105.9040882,20.9489505],[105.9047654,20.9500273],[105.9053289,20.9514501],[105.9056479,20.9534362],[105.9056135,20.9541026],[105.9061749,20.955437],[105.906923,20.9573643],[105.9073081,20.9581767],[105.9078425,20.9609357],[105.9083044,20.9622896],[105.9088833,20.9633533],[105.9093824,20.9643447],[105.9110117,20.9671462],[105.9122216,20.9693414],[105.9123712,20.9708832],[105.913199,20.9708054],[105.9132537,20.9716567],[105.9133018,20.9724065]]}},{"type":"Feature","properties":{"osm_id":19317431,"osm_type":"relation","UArea":"20.67","admin_level":"6","boundary":"administrative","name":"Xã Bát Tràng","name:en":"Bat Trang Commune","population":"48987","type":"boundary","wikidata":"Q1094370","role":"outer","member_type":"way","member_ref":1032879037},"geometry":{"type":"LineString","coordinates":[[105.9030199,20.9471529],[105.9040882,20.9489505],[105.9047654,20.9500273],[105.9053289,20.9514501],[105.9056479,20.9534362],[105.9056135,20.9541026],[105.9061749,20.955437],[105.906923,20.9573643],[105.9073081,20.9581767],[105.9078425,20.9609357],[105.9083044,20.9622896],[105.9088833,20.9633533],[105.9093824,20.9643447],[105.9110117,20.9671462],[105.9122216,20.9693414],[105.9123712,20.9708832],[105.913199,20.9708054],[105.9132537,20.9716567],[105.9133018,20.9724065]]}},{"type":"Feature","properties":{"osm_id":19541868,"osm_type":"relation","admin_level":"6","boundary":"administrative","name":"Xã Phụng Công","name:en":"Phụng Công Commune","name:vi":"Xã Phụng Công","place":"town","type":"boundary","role":"outer","member_type":"way","member_ref":1032879037},"geometry":{"type":"LineString","coordinates":[[105.9030199,20.9471529],[105.9040882,20.9489505],[105.9047654,20.9500273],[105.9053289,20.9514501],[105.9056479,20.9534362],[105.9056135,20.9541026],[105.9061749,20.955437],[105.906923,20.9573643],[105.9073081,20.9581767],[105.9078425,20.9609357],[105.9083044,20.9622896],[105.9088833,20.9633533],[105.9093824,20.9643447],[105.9110117,20.9671462],[105.9122216,20.9693414],[105.9123712,20.9708832],[105.913199,20.9708054],[105.9132537,20.9716567],[105.9133018,20.9724065]]}},{"type":"Feature","properties":{"osm_id":19317429,"osm_type":"relation","UArea":"29.67","admin_level":"6","boundary":"administrative","name":"Xã Thuận An","name:en":"Thuan An Commune","population":"68292","type":"boundary","wikidata":"Q136350703","wikipedia":"vi:Thuận An, Hà Nội","role":"outer","member_type":"way","member_ref":1067561913},"geometry":{"type":"LineString","coordinates":[[105.9485383,21.0374868],[105.9485808,21.0354974],[105.9487577,21.0344246],[105.9492634,21.0344719],[105.9495368,21.0335222],[105.949731,21.0329535],[105.9498065,21.0321231],[105.949006,21.0312988],[105.9503235,21.0298702],[105.9508006,21.029318],[105.9523182,21.0270276],[105.9507733,21.0226683],[105.9504451,21.0218616],[105.9515982,21.0211174],[105.951128,21.020549],[105.9507207,21.020782],[105.9502155,21.0206515],[105.9498958,21.0202846],[105.9495726,21.019894],[105.9486857,21.018795],[105.9474672,21.0174096],[105.9481048,21.0169291],[105.946951,21.0155612]]}},{"type":"Feature","properties":{"osm_id":19317430,"osm_type":"relation","UArea":"25.72","admin_level":"6","boundary":"administrative","name":"Xã Gia Lâm","name:en":"Gia Lam Commune","population":"90498","type":"boundary","wikidata":"Q1134500","wikipedia":"vi:Gia Lâm, Hà Nội","role":"outer","member_type":"way","member_ref":1067561913},"geometry":{"type":"LineString","coordinates":[[105.9485383,21.0374868],[105.9485808,21.0354974],[105.9487577,21.0344246],[105.9492634,21.0344719],[105.9495368,21.0335222],[105.949731,21.0329535],[105.9498065,21.0321231],[105.949006,21.0312988],[105.9503235,21.0298702],[105.9508006,21.029318],[105.9523182,21.0270276],[105.9507733,21.0226683],[105.9504451,21.0218616],[105.9515982,21.0211174],[105.951128,21.020549],[105.9507207,21.020782],[105.9502155,21.0206515],[105.9498958,21.0202846],[105.9495726,21.019894],[105.9486857,21.018795],[105.9474672,21.0174096],[105.9481048,21.0169291],[105.946951,21.0155612]]}},{"type":"Feature","properties":{"osm_id":19341254,"osm_type":"relation","admin_level":"6","boundary":"administrative","name":"Phường Dương Nội","name:en":"Duong Noi Ward","population":"56091","population:date":"2025-07-01","source:population":"gis.vn","type":"boundary","wikidata":"Q10757584","wikipedia":"vi:Dương Nội","role":"outer","member_type":"way","member_ref":1413922743},"geometry":{"type":"LineString","coordinates":[[105.7639573,20.9779401],[105.756512,20.9721597],[105.7557647,20.9715057],[105.7550566,20.9707662],[105.7547265,20.970327],[105.7541396,20.9694655],[105.7536372,20.9686703],[105.7544668,20.9682272],[105.75871,20.9659026],[105.7645931,20.9625373],[105.7648943,20.9623544]]}},{"type":"Feature","properties":{"osm_id":19341924,"osm_type":"relation","admin_level":"6","boundary":"administrative","name":"Phường Hà Đông","name:en":"Ha Dong Ward","population":"185205","population:date":"2025-07-01","source:population":"gis.vn","type":"boundary","role":"outer","member_type":"way","member_ref":1413922743},"geometry":{"type":"LineString","coordinates":[[105.7639573,20.9779401],[105.756512,20.9721597],[105.7557647,20.9715057],[105.7550566,20.9707662],[105.7547265,20.970327],[105.7541396,20.9694655],[105.7536372,20.9686703],[105.7544668,20.9682272],[105.75871,20.9659026],[105.7645931,20.9625373],[105.7648943,20.9623544]]}},{"type":"Feature","properties":{"osm_id":19341924,"osm_type":"relation","admin_level":"6","boundary":"administrative","name":"Phường Hà Đông","name:en":"Ha Dong Ward","population":"185205","population:date":"2025-07-01","source:population":"gis.vn","type":"boundary","role":"outer","member_type":"way","member_ref":1413922759},"geometry":{"type":"LineString","coordinates":[[105.7648943,20.9623544],[105.7691561,20.9656936],[105.7721035,20.9624829],[105.7721683,20.9599249],[105.7778488,20.9643442],[105.7813075,20.9640672],[105.7833208,20.9639114],[105.7842263,20.9636795],[105.7846719,20.963522]]}},{"type":"Feature","properties":{"osm_id":19341926,"osm_type":"relation","admin_level":"6","boundary":"administrative","name":"Phường Kiến Hưng","name:en":"Kien Hung Ward","population":"70833","population:date":"2025-07-01","source:population":"gis.vn","type":"boundary","role":"outer","member_type":"way","member_ref":1413922759},"geometry":{"type":"LineString","coordinates":[[105.7648943,20.9623544],[105.7691561,20.9656936],[105.7721035,20.9624829],[105.7721683,20.9599249],[105.7778488,20.9643442],[105.7813075,20.9640672],[105.7833208,20.9639114],[105.7842263,20.9636795],[105.7846719,20.963522]]}},{"type":"Feature","properties":{"osm_id":19301118,"osm_type":"relation","admin_level":"6","boundary":"administrative","name":"Phường Bồ Đề","name:en":"Bo De Ward","population":"120028","population:date":"2025-07-01","source:population":"gis.vn","type":"boundary","wikidata":"Q10743634","role":"outer","member_type":"way","member_ref":483234259},"geometry":{"type":"LineString","coordinates":[[105.8778604,21.0709307],[105.8769172,21.0704398],[105.872316,21.0686114],[105.86863,21.0672214],[105.866492,21.0668914],[105.864115,21.0669794],[105.861983,21.0677094],[105.859975,21.0688544],[105.8553573,21.0726673]]}},{"type":"Feature","properties":{"osm_id":19322845,"osm_type":"relation","UArea":"48.68","admin_level":"6","boundary":"administrative","name":"Xã Đông Anh","name:en":"Dong Anh Commune","population":"118183","type":"boundary","wikidata":"Q10840690","role":"outer","member_type":"way","member_ref":483234259},"geometry":{"type":"LineString","coordinates":[[105.8778604,21.0709307],[105.8769172,21.0704398],[105.872316,21.0686114],[105.86863,21.0672214],[105.866492,21.0668914],[105.864115,21.0669794],[105.861983,21.0677094],[105.859975,21.0688544],[105.8553573,21.0726673]]}},{"type":"Feature","properties":{"osm_id":19301119,"osm_type":"relation","admin_level":"6","boundary":"administrative","name":"Phường Long Biên","name:en":"Long Bien Ward","population":"62887","population:date":"2025-07-01","source:population":"gis.vn","type":"boundary","wikidata":"Q16480224","role":"outer","member_type":"way","member_ref":1410558581},"geometry":{"type":"LineString","coordinates":[[105.9179062,21.0123306],[105.9172587,21.0113233],[105.9167934,21.010777],[105.9159308,21.0096493],[105.9145463,21.0079997],[105.9118509,21.0050123],[105.9101537,21.0031277],[105.9016624,20.9933107]]}},{"type":"Feature","properties":{"osm_id":19317431,"osm_type":"relation","UArea":"20.67","admin_level":"6","boundary":"administrative","name":"Xã Bát Tràng","name:en":"Bat Trang Commune","population":"48987","type":"boundary","wikidata":"Q1094370","role":"outer","member_type":"way","member_ref":1410558581},"geometry":{"type":"LineString","coordinates":[[105.9179062,21.0123306],[105.9172587,21.0113233],[105.9167934,21.010777],[105.9159308,21.0096493],[105.9145463,21.0079997],[105.9118509,21.0050123],[105.9101537,21.0031277],[105.9016624,20.9933107]]}},{"type":"Feature","properties":{"osm_id":19541868,"osm_type":"relation","admin_level":"6","boundary":"administrative","name":"Xã Phụng Công","name:en":"Phụng Công Commune","name:vi":"Xã Phụng Công","place":"town","type":"boundary","role":"outer","member_type":"way","member_ref":1425977645},"geometry":{"type":"LineString","coordinates":[[105.9478621,20.9477719],[105.9476245,20.9488126],[105.9475161,20.9494523],[105.9479809,20.9494677],[105.9498197,20.9495287],[105.9498514,20.9503582],[105.9488228,20.9507412],[105.9486729,20.951596],[105.948577,20.9521423],[105.9481772,20.9526269],[105.9489416,20.9535912],[105.9481152,20.953744],[105.9484429,20.9544172],[105.9480222,20.9547895],[105.9485786,20.9550867],[105.9503993,20.9560593],[105.9511212,20.9557872],[105.9515861,20.9557729],[105.9519528,20.9566942],[105.9529755,20.9562025],[105.9531082,20.9570149],[105.9551764,20.9568461],[105.9570879,20.9565917],[105.9580584,20.9564626],[105.9586964,20.9563777],[105.959312,20.9562957],[105.9596354,20.9562527]]}},{"type":"Feature","properties":{"osm_id":19541877,"osm_type":"relation","admin_level":"6","boundary":"administrative","name":"Xã Nghĩa Trụ","name:en":"Nghĩa Trụ Commune","name:vi":"Xã Nghĩa Trụ","place":"town","type":"boundary","role":"outer","member_type":"way","member_ref":1425977645},"geometry":{"type":"LineString","coordinates":[[105.9478621,20.9477719],[105.9476245,20.9488126],[105.9475161,20.9494523],[105.9479809,20.9494677],[105.9498197,20.9495287],[105.9498514,20.9503582],[105.9488228,20.9507412],[105.9486729,20.951596],[105.948577,20.9521423],[105.9481772,20.9526269],[105.9489416,20.9535912],[105.9481152,20.953744],[105.9484429,20.9544172],[105.9480222,20.9547895],[105.9485786,20.9550867],[105.9503993,20.9560593],[105.9511212,20.9557872],[105.9515861,20.9557729],[105.9519528,20.9566942],[105.9529755,20.9562025],[105.9531082,20.9570149],[105.9551764,20.9568461],[105.9570879,20.9565917],[105.9580584,20.9564626],[105.9586964,20.9563777],[105.959312,20.9562957],[105.9596354,20.9562527]]}},{"type":"Feature","properties":{"osm_id":19322848,"osm_type":"relation","UArea":"27.96","admin_level":"6","boundary":"administrative","name":"Xã Thiên Lộc","name:en":"Thien Loc Commune","population":"74597","type":"boundary","role":"outer","member_type":"way","member_ref":678539316},"geometry":{"type":"LineString","coordinates":[[105.7498991,21.0985435],[105.7517735,21.0977709],[105.7608903,21.0990715],[105.7626488,21.0989547],[105.7715914,21.098361],[105.7731891,21.0982549]]}},{"type":"Feature","properties":{"osm_id":19341250,"osm_type":"relation","admin_level":"6","boundary":"administrative","name":"Phường Thượng Cát","name:en":"Thuong Cat Ward","population":"24692","population:date":"2025-07-01","source:population":"gis.vn","type":"boundary","wikidata":"Q10826052","wikipedia":"vi:Thượng Cát","role":"outer","member_type":"way","member_ref":678539316},"geometry":{"type":"LineString","coordinates":[[105.7498991,21.0985435],[105.7517735,21.0977709],[105.7608903,21.0990715],[105.7626488,21.0989547],[105.7715914,21.098361],[105.7731891,21.0982549]]}},{"type":"Feature","properties":{"osm_id":19301117,"osm_type":"relation","admin_level":"6","boundary":"administrative","name":"Phường Việt Hưng","name:en":"Viet Hung Ward","population":"83188","population:date":"2025-07-01","source:population":"gis.vn","type":"boundary","wikidata":"Q10832831","wikipedia":"vi:Việt Hưng, Hà Nội","role":"outer","member_type":"way","member_ref":1410558572},"geometry":{"type":"LineString","coordinates":[[105.890548,21.0520683],[105.8892082,21.0538665],[105.8886904,21.0545097],[105.8883841,21.0548502],[105.8880535,21.0551908],[105.8876478,21.0555556],[105.8869261,21.0561752],[105.8858654,21.0570635],[105.8850617,21.0577516],[105.8847057,21.0580705],[105.8843567,21.0583935],[105.8838681,21.0589132],[105.883342,21.0596195],[105.8828477,21.060522],[105.8826719,21.0609603],[105.8808421,21.0664782],[105.8805482,21.0673037],[105.8801528,21.0681628],[105.8795479,21.0691329],[105.8781483,21.0711454]]}},{"type":"Feature","properties":{"osm_id":19301118,"osm_type":"relation","admin_level":"6","boundary":"administrative","name":"Phường Bồ Đề","name:en":"Bo De Ward","population":"120028","population:date":"2025-07-01","source:population":"gis.vn","type":"boundary","wikidata":"Q10743634","role":"outer","member_type":"way","member_ref":1410558572},"geometry":{"type":"LineString","coordinates":[[105.890548,21.0520683],[105.8892082,21.0538665],[105.8886904,21.0545097],[105.8883841,21.0548502],[105.8880535,21.0551908],[105.8876478,21.0555556],[105.8869261,21.0561752],[105.8858654,21.0570635],[105.8850617,21.0577516],[105.8847057,21.0580705],[105.8843567,21.0583935],[105.8838681,21.0589132],[105.883342,21.0596195],[105.8828477,21.060522],[105.8826719,21.0609603],[105.8808421,21.0664782],[105.8805482,21.0673037],[105.8801528,21.0681628],[105.8795479,21.0691329],[105.8781483,21.0711454]]}},{"type":"Feature","properties":{"osm_id":1902690,"osm_type":"relation","ISO3166-2":"VN-56","UArea":"4718.60","admin_level":"4","boundary":"administrative","is_in:country_code":"VN","name":"Tỉnh Bắc Ninh","name:ar":"محافظة باك ننه","name:bg":"Бак Нин","name:ca":"Bac Ninh","name:de":"Provinz Bắc Ninh","name:en":"Bắc Ninh Province","name:es":"Bắc Ninh","name:fa":"استان باک نین","name:fi":"Bắc Ninh","name:fr":"Province de Bắc Ninh","name:id":"Provinsi Bac Ninh","name:it":"Provincia di Bac Ninh","name:ja":"バクニン","name:ko":"박닌성","name:mn":"Бак Нэн","name:ms":"Wilayah Bac Ninh","name:nl":"Bắc Ninh","name:pl":"Prowincja Bắc Ninh","name:pt":"Bac Ninh","name:ru":"Бакнинь","name:sr":"Бак Нињ","name:sv":"Bắc Ninh","name:sw":"Mkoa wa Bắc Ninh","name:th":"จังหวัดบั๊กนิญ","name:uk":"Бакнінь","name:ur":"باک ننہ صوبہ","name:vi-Hani":"省北寧","name:zh":"北宁省","name:zh-Hans":"北宁省","name:zh-Hant":"北寧省","population":"3619433","type":"boundary","wikidata":"Q33408","wikipedia":"vi:Bắc Ninh","role":"outer","member_type":"way","member_ref":1336799424},"geometry":{"type":"LineString","coordinates":[[105.9395763,21.0885886],[105.9401551,21.0889303],[105.9395946,21.0895783],[105.9402739,21.0899458],[105.9396167,21.091013],[105.9389252,21.0922585],[105.9381512,21.0937735],[105.9366811,21.0932061],[105.9361519,21.0941633],[105.935943,21.0952141],[105.934474,21.0965241],[105.9349261,21.0979594],[105.9354909,21.0992337],[105.9363761,21.1015212],[105.9353588,21.1020061],[105.9340086,21.1028516],[105.9336004,21.1037366],[105.9348624,21.1049381]]}},{"type":"Feature","properties":{"osm_id":1903516,"osm_type":"relation","ISO3166-2":"VN-HN","UArea":"3359.80","admin_level":"4","boundary":"administrative","is_in:country":"Vietnam","is_in:country_code":"VN","name":"Thành phố Hà Nội","name:am":"ሀኖይ","name:ar":"هانوي","name:arz":"هانوى","name:ast":"Ḥanói","name:az":"Hanoy","name:be":"Ханой","name:be-tarask":"Ханой","name:bg":"Ханой","name:bn":"হ্যানয়","name:bo":"ཧེ་ནོ།","name:br":"Ha Noi","name:ca":"Hanoi","name:ckb":"ھانۆی","name:cs":"Hanoj","name:cv":"Ханой","name:da":"Hanoi","name:de":"Hanoi","name:el":"Ανόι","name:en":"Hà Nội","name:eo":"Hanojo","name:es":"Hanói","name:et":"Hanoi","name:eu":"Hanoi","name:fa":"هانوی","name:fi":"Hanoi","name:fr":"Hanoï","name:ga":"Ha Noi","name:gl":"Hanoi","name:he":"האנוי","name:hi":"हनोई","name:hr":"Hanoi","name:ht":"Anòy","name:hu":"Hanoi","name:hy":"Հանոյ","name:is":"Hanoí","name:it":"Hanoi","name:ja":"ハノイ","name:ka":"ჰანოი","name:kk":"Ханой","name:km":"ទីក្រុងហានូយ","name:kn":"ಹಾನೊಯ್","name:ko":"하노이","name:ku":"Hanoi","name:lt":"Hanojus","name:lv":"Hanoja","name:mhr":"Ханой","name:mk":"Ханој","name:mn":"Ханой","name:mr":"हनोई","name:my":"ဟနွိုင်းမြို့","name:mzn":"هانوی","name:nan":"Hà Nội","name:nds":"Hà Nội","name:nl":"Hanoi","name:oc":"Hanòi","name:os":"Ханой","name:pcd":"Hanoï","name:pl":"Hanoi","name:pnb":"ہنوئی","name:pt":"Hanói","name:qu":"Ha Nui","name:ru":"Ханой","name:sah":"Ханой","name:si":"හැනෝයි","name:sk":"Hanoj","name:sl":"Hanoj","name:sr":"Ханој","name:sv":"Hanoi","name:ta":"ஹனோய்","name:tg":"Ханой","name:th":"ฮานอย","name:ug":"خانوي","name:uk":"Ханой","name:ur":"ہنوئی","name:vi":"Hà Nội","name:vi-Hani":"河內","name:wuu":"河內市","name:yue":"河內市","name:zh":"河内市","name:zh-Hans":"河内市","name:zh-Hant":"河內市","official_name":"Thành phố Hà Nội","old_name":"Thăng Long","population":"8718000","type":"boundary","website":"https://hanoi.gov.vn","wikidata":"Q1858","wikipedia":"vi:Hà Nội","wikivoyage":"en:Hanoi","role":"outer","member_type":"way","member_ref":1336799424},"geometry":{"type":"LineString","coordinates":[[105.9395763,21.0885886],[105.9401551,21.0889303],[105.9395946,21.0895783],[105.9402739,21.0899458],[105.9396167,21.091013],[105.9389252,21.0922585],[105.9381512,21.0937735],[105.9366811,21.0932061],[105.9361519,21.0941633],[105.935943,21.0952141],[105.934474,21.0965241],[105.9349261,21.0979594],[105.9354909,21.0992337],[105.9363761,21.1015212],[105.9353588,21.1020061],[105.9340086,21.1028516],[105.9336004,21.1037366],[105.9348624,21.1049381]]}},{"type":"Feature","properties":{"osm_id":19267328,"osm_type":"relation","boundary":"administrative","name":"Trung tâm Hà Nội","note":"This is not a historical boundary, but rather an subtraction of the defunct Hà Tây province and Mê Linh, Sóc Sơn districts (formerly in Vĩnh Phúc province) from Hà Nội","type":"boundary","role":"outer","member_type":"way","member_ref":1336799424},"geometry":{"type":"LineString","coordinates":[[105.9395763,21.0885886],[105.9401551,21.0889303],[105.9395946,21.0895783],[105.9402739,21.0899458],[105.9396167,21.091013],[105.9389252,21.0922585],[105.9381512,21.0937735],[105.9366811,21.0932061],[105.9361519,21.0941633],[105.935943,21.0952141],[105.934474,21.0965241],[105.9349261,21.0979594],[105.9354909,21.0992337],[105.9363761,21.1015212],[105.9353588,21.1020061],[105.9340086,21.1028516],[105.9336004,21.1037366],[105.9348624,21.1049381]]}},{"type":"Feature","properties":{"osm_id":19317432,"osm_type":"relation","UArea":"41.62","admin_level":"6","boundary":"administrative","name":"Xã Phù Đổng","name:en":"Phu Dong Commune","population":"111484","type":"boundary","wikidata":"Q16481027","role":"outer","member_type":"way","member_ref":1336799424},"geometry":{"type":"LineString","coordinates":[[105.9395763,21.0885886],[105.9401551,21.0889303],[105.9395946,21.0895783],[105.9402739,21.0899458],[105.9396167,21.091013],[105.9389252,21.0922585],[105.9381512,21.0937735],[105.9366811,21.0932061],[105.9361519,21.0941633],[105.935943,21.0952141],[105.934474,21.0965241],[105.9349261,21.0979594],[105.9354909,21.0992337],[105.9363761,21.1015212],[105.9353588,21.1020061],[105.9340086,21.1028516],[105.9336004,21.1037366],[105.9348624,21.1049381]]}},{"type":"Feature","properties":{"osm_id":19435883,"osm_type":"relation","admin_level":"6","boundary":"administrative","name":"Phường Từ Sơn","name:de":"Stadtviertel Từ Sơn","name:en":"Tu Son Ward","name:lzh":"慈山社","name:vi-Hani":"社慈山","name:zh":"慈山社","name:zh-Hans":"慈山社","name:zh-Hant":"慈山社","population":"65697","population:date":"2025-07-01","source:population":"gis.vn","type":"boundary","role":"outer","member_type":"way","member_ref":1336799424},"geometry":{"type":"LineString","coordinates":[[105.9395763,21.0885886],[105.9401551,21.0889303],[105.9395946,21.0895783],[105.9402739,21.0899458],[105.9396167,21.091013],[105.9389252,21.0922585],[105.9381512,21.0937735],[105.9366811,21.0932061],[105.9361519,21.0941633],[105.935943,21.0952141],[105.934474,21.0965241],[105.9349261,21.0979594],[105.9354909,21.0992337],[105.9363761,21.1015212],[105.9353588,21.1020061],[105.9340086,21.1028516],[105.9336004,21.1037366],[105.9348624,21.1049381]]}},{"type":"Feature","properties":{"osm_id":19267328,"osm_type":"relation","boundary":"administrative","name":"Trung tâm Hà Nội","note":"This is not a historical boundary, but rather an subtraction of the defunct Hà Tây province and Mê Linh, Sóc Sơn districts (formerly in Vĩnh Phúc province) from Hà Nội","type":"boundary","role":"outer","member_type":"way","member_ref":1098119895},"geometry":{"type":"LineString","coordinates":[[105.7918576,20.9425016],[105.7947778,20.9505875],[105.7944631,20.9513131],[105.7942111,20.9519721],[105.7942721,20.9530561],[105.7944152,20.9538756],[105.7947532,20.9549966],[105.7959077,20.9553066],[105.7966804,20.9554939],[105.7978648,20.9556936],[105.7983118,20.9560107],[105.7984431,20.9573641],[105.7989471,20.9574181],[105.7995814,20.9579498],[105.8003666,20.9583935],[105.8009378,20.9582824],[105.8012501,20.9579261],[105.8021675,20.9570053]]}},{"type":"Feature","properties":{"osm_id":19341926,"osm_type":"relation","admin_level":"6","boundary":"administrative","name":"Phường Kiến Hưng","name:en":"Kien Hung Ward","population":"70833","population:date":"2025-07-01","source:population":"gis.vn","type":"boundary","role":"outer","member_type":"way","member_ref":1098119895},"geometry":{"type":"LineString","coordinates":[[105.7918576,20.9425016],[105.7947778,20.9505875],[105.7944631,20.9513131],[105.7942111,20.9519721],[105.7942721,20.9530561],[105.7944152,20.9538756],[105.7947532,20.9549966],[105.7959077,20.9553066],[105.7966804,20.9554939],[105.7978648,20.9556936],[105.7983118,20.9560107],[105.7984431,20.9573641],[105.7989471,20.9574181],[105.7995814,20.9579498],[105.8003666,20.9583935],[105.8009378,20.9582824],[105.8012501,20.9579261],[105.8021675,20.9570053]]}},{"type":"Feature","properties":{"osm_id":19437089,"osm_type":"relation","admin_level":"6","boundary":"administrative","name":"Xã Đại Thanh","name:en":"Dai Thanh Commune","type":"boundary","wikipedia":"vi:Đại Thanh, Hà Nội","role":"outer","member_type":"way","member_ref":1098119895},"geometry":{"type":"LineString","coordinates":[[105.7918576,20.9425016],[105.7947778,20.9505875],[105.7944631,20.9513131],[105.7942111,20.9519721],[105.7942721,20.9530561],[105.7944152,20.9538756],[105.7947532,20.9549966],[105.7959077,20.9553066],[105.7966804,20.9554939],[105.7978648,20.9556936],[105.7983118,20.9560107],[105.7984431,20.9573641],[105.7989471,20.9574181],[105.7995814,20.9579498],[105.8003666,20.9583935],[105.8009378,20.9582824],[105.8012501,20.9579261],[105.8021675,20.9570053]]}},{"type":"Feature","properties":{"osm_id":19334586,"osm_type":"relation","admin_level":"6","boundary":"administrative","name":"Phường Vĩnh Hưng","name:en":"Vinh Hung Ward","population":"67561","population:date":"2025-07-01","postal_code":"11712","source:population":"gis.vn","type":"boundary","wikidata":"Q10833565","wikipedia":"vi:Vĩnh Hưng (phường)","role":"outer","member_type":"way","member_ref":1420675640},"geometry":{"type":"LineString","coordinates":[[105.8950344,20.9860873],[105.8950272,20.986647],[105.8938805,20.9893764],[105.8933213,20.9905198],[105.8930316,20.99092],[105.8926418,20.9914582],[105.8921321,20.9921785],[105.8920472,20.9926213],[105.8923586,20.9930575],[105.8924577,20.9935465],[105.8924365,20.9957207],[105.8920543,20.9964939],[105.8912898,20.9969565],[105.8894777,20.9977362],[105.8882036,20.9983178],[105.887517,20.9986218],[105.88688,20.998939],[105.8863845,20.9993222],[105.8853652,21.0002342],[105.884898,21.0004787],[105.8839991,21.0008421],[105.8834399,21.0010338],[105.8828028,21.0011329],[105.8820753,21.0012167],[105.8817704,21.0012523]]}},{"type":"Feature","properties":{"osm_id":19338318,"osm_type":"relation","admin_level":"6","boundary":"administrative","name":"Phường Lĩnh Nam","name:en":"Linh Nam Ward","population":"20706","population:date":"2025-07-01","postal_code":"11709","source:population":"gis.vn","type":"boundary","wikidata":"Q10788200","wikipedia":"vi:Lĩnh Nam (phường)","role":"outer","member_type":"way","member_ref":1420675640},"geometry":{"type":"LineString","coordinates":[[105.8950344,20.9860873],[105.8950272,20.986647],[105.8938805,20.9893764],[105.8933213,20.9905198],[105.8930316,20.99092],[105.8926418,20.9914582],[105.8921321,20.9921785],[105.8920472,20.9926213],[105.8923586,20.9930575],[105.8924577,20.9935465],[105.8924365,20.9957207],[105.8920543,20.9964939],[105.8912898,20.9969565],[105.8894777,20.9977362],[105.8882036,20.9983178],[105.887517,20.9986218],[105.88688,20.998939],[105.8863845,20.9993222],[105.8853652,21.0002342],[105.884898,21.0004787],[105.8839991,21.0008421],[105.8834399,21.0010338],[105.8828028,21.0011329],[105.8820753,21.0012167],[105.8817704,21.0012523]]}},{"type":"Feature","properties":{"osm_id":19322847,"osm_type":"relation","UArea":"22.52","admin_level":"6","boundary":"administrative","name":"Xã Vĩnh Thanh","name:en":"Vinh Thanh Commune","population":"64698","type":"boundary","wikipedia":"vi:Vĩnh Thanh, Hà Nội","role":"outer","member_type":"way","member_ref":678539320},"geometry":{"type":"LineString","coordinates":[[105.7942616,21.0973691],[105.8070312,21.0968328],[105.8093796,21.0966938],[105.8115686,21.0964006],[105.8157798,21.0954881]]}},{"type":"Feature","properties":{"osm_id":19335056,"osm_type":"relation","admin_level":"6","boundary":"administrative","name":"Phường Phú Thượng","name:en":"Phu Thuong Ward","population":"39322","population:date":"2025-07-01","postal_code":"11210","source:population":"gis.vn","type":"boundary","wikidata":"Q10806100","wikipedia":"vi:Phú Thượng, Hà Nội","role":"outer","member_type":"way","member_ref":678539320},"geometry":{"type":"LineString","coordinates":[[105.7942616,21.0973691],[105.8070312,21.0968328],[105.8093796,21.0966938],[105.8115686,21.0964006],[105.8157798,21.0954881]]}},{"type":"Feature","properties":{"osm_id":19301117,"osm_type":"relation","admin_level":"6","boundary":"administrative","name":"Phường Việt Hưng","name:en":"Viet Hung Ward","population":"83188","population:date":"2025-07-01","source:population":"gis.vn","type":"boundary","wikidata":"Q10832831","wikipedia":"vi:Việt Hưng, Hà Nội","role":"outer","member_type":"way","member_ref":1013219308},"geometry":{"type":"LineString","coordinates":[[105.902726,21.0784186],[105.9011892,21.0793852],[105.8993696,21.0798257],[105.8975328,21.0799138],[105.8956617,21.0797776],[105.8934199,21.0792939],[105.8907941,21.0785021],[105.8879581,21.0774476],[105.8848871,21.0759447],[105.8830911,21.0748154],[105.8827487,21.0745629]]}},{"type":"Feature","properties":{"osm_id":19322845,"osm_type":"relation","UArea":"48.68","admin_level":"6","boundary":"administrative","name":"Xã Đông Anh","name:en":"Dong Anh Commune","population":"118183","type":"boundary","wikidata":"Q10840690","role":"outer","member_type":"way","member_ref":1013219308},"geometry":{"type":"LineString","coordinates":[[105.902726,21.0784186],[105.9011892,21.0793852],[105.8993696,21.0798257],[105.8975328,21.0799138],[105.8956617,21.0797776],[105.8934199,21.0792939],[105.8907941,21.0785021],[105.8879581,21.0774476],[105.8848871,21.0759447],[105.8830911,21.0748154],[105.8827487,21.0745629]]}},{"type":"Feature","properties":{"osm_id":19331653,"osm_type":"relation","admin_level":"6","boundary":"administrative","name":"Phường Cửa Nam","name:en":"Cua Nam Ward","name:ja":"クアナム坊","population":"52751","population:date":"2025-07-01","postal_code":"11018","source:population":"gis.vn","type":"boundary","wikidata":"Q10752772","wikipedia":"vi:Cửa Nam, Hà Nội","role":"outer","member_type":"way","member_ref":1413041704},"geometry":{"type":"LineString","coordinates":[[105.8414269,21.0206574],[105.8443415,21.0197255],[105.8476691,21.0190008],[105.852913,21.0180632],[105.8541516,21.0179251],[105.8550574,21.0183278],[105.8580391,21.0189172],[105.8587169,21.0190341],[105.8609297,21.018397],[105.8620546,21.0185286]]}},{"type":"Feature","properties":{"osm_id":19331654,"osm_type":"relation","admin_level":"6","boundary":"administrative","name":"Phường Hai Bà Trưng","name:en":"Hai Ba Trung Ward","name:ja":"ハイバーチュン坊","population":"87801","population:date":"2025-07-01","postal_code":"11626","source:population":"gis.vn","type":"boundary","wikipedia":"vi:Phường Hai Bà Trưng, Hà Nội","role":"outer","member_type":"way","member_ref":1413041704},"geometry":{"type":"LineString","coordinates":[[105.8414269,21.0206574],[105.8443415,21.0197255],[105.8476691,21.0190008],[105.852913,21.0180632],[105.8541516,21.0179251],[105.8550574,21.0183278],[105.8580391,21.0189172],[105.8587169,21.0190341],[105.8609297,21.018397],[105.8620546,21.0185286]]}},{"type":"Feature","properties":{"osm_id":19301119,"osm_type":"relation","admin_level":"6","boundary":"administrative","name":"Phường Long Biên","name:en":"Long Bien Ward","population":"62887","population:date":"2025-07-01","source:population":"gis.vn","type":"boundary","wikidata":"Q16480224","role":"outer","member_type":"way","member_ref":1000437468},"geometry":{"type":"LineString","coordinates":[[105.9007397,20.9941093],[105.897819,20.9964489],[105.8943127,20.9988433],[105.8895278,21.0006959],[105.8874507,21.001401],[105.8848242,21.002619],[105.8824116,21.0037588]]}},{"type":"Feature","properties":{"osm_id":19338318,"osm_type":"relation","admin_level":"6","boundary":"administrative","name":"Phường Lĩnh Nam","name:en":"Linh Nam Ward","population":"20706","population:date":"2025-07-01","postal_code":"11709","source:population":"gis.vn","type":"boundary","wikidata":"Q10788200","wikipedia":"vi:Lĩnh Nam (phường)","role":"outer","member_type":"way","member_ref":1000437468},"geometry":{"type":"LineString","coordinates":[[105.9007397,20.9941093],[105.897819,20.9964489],[105.8943127,20.9988433],[105.8895278,21.0006959],[105.8874507,21.001401],[105.8848242,21.002619],[105.8824116,21.0037588]]}},{"type":"Feature","properties":{"osm_id":19317430,"osm_type":"relation","UArea":"25.72","admin_level":"6","boundary":"administrative","name":"Xã Gia Lâm","name:en":"Gia Lam Commune","population":"90498","type":"boundary","wikidata":"Q1134500","wikipedia":"vi:Gia Lâm, Hà Nội","role":"outer","member_type":"way","member_ref":1033173758},"geometry":{"type":"LineString","coordinates":[[105.9362033,20.9697641],[105.9397544,20.9740501],[105.9417958,20.9758709],[105.942438,20.9760859],[105.9432679,20.9768246],[105.9440808,20.9771625],[105.943851,20.977683],[105.9437169,20.9783661],[105.9433126,20.9789129],[105.9432585,20.9794751],[105.9434008,20.9799238],[105.9437446,20.9805622],[105.9443641,20.9808258],[105.9446785,20.9812982],[105.9448809,20.9819948],[105.9425125,20.9852167]]}},{"type":"Feature","properties":{"osm_id":19317431,"osm_type":"relation","UArea":"20.67","admin_level":"6","boundary":"administrative","name":"Xã Bát Tràng","name:en":"Bat Trang Commune","population":"48987","type":"boundary","wikidata":"Q1094370","role":"outer","member_type":"way","member_ref":1033173758},"geometry":{"type":"LineString","coordinates":[[105.9362033,20.9697641],[105.9397544,20.9740501],[105.9417958,20.9758709],[105.942438,20.9760859],[105.9432679,20.9768246],[105.9440808,20.9771625],[105.943851,20.977683],[105.9437169,20.9783661],[105.9433126,20.9789129],[105.9432585,20.9794751],[105.9434008,20.9799238],[105.9437446,20.9805622],[105.9443641,20.9808258],[105.9446785,20.9812982],[105.9448809,20.9819948],[105.9425125,20.9852167]]}},{"type":"Feature","properties":{"osm_id":19317431,"osm_type":"relation","UArea":"20.67","admin_level":"6","boundary":"administrative","name":"Xã Bát Tràng","name:en":"Bat Trang Commune","population":"48987","type":"boundary","wikidata":"Q1094370","role":"outer","member_type":"way","member_ref":678799134},"geometry":{"type":"LineString","coordinates":[[105.9078727,20.9778785],[105.9075317,20.9772015],[105.9028778,20.9677639],[105.8975067,20.9601173]]}},{"type":"Feature","properties":{"osm_id":19338318,"osm_type":"relation","admin_level":"6","boundary":"administrative","name":"Phường Lĩnh Nam","name:en":"Linh Nam Ward","population":"20706","population:date":"2025-07-01","postal_code":"11709","source:population":"gis.vn","type":"boundary","wikidata":"Q10788200","wikipedia":"vi:Lĩnh Nam (phường)","role":"outer","member_type":"way","member_ref":678799134},"geometry":{"type":"LineString","coordinates":[[105.9078727,20.9778785],[105.9075317,20.9772015],[105.9028778,20.9677639],[105.8975067,20.9601173]]}},{"type":"Feature","properties":{"osm_id":19301116,"osm_type":"relation","admin_level":"6","boundary":"administrative","name":"Phường Phúc Lợi","name:en":"Phuc Loi Ward","population":"66790","population:date":"2025-07-01","source:population":"gis.vn","type":"boundary","wikidata":"Q10806226","role":"outer","member_type":"way","member_ref":1410558571},"geometry":{"type":"LineString","coordinates":[[105.9088357,21.032334],[105.9049718,21.0342379],[105.9043191,21.0346357],[105.9037713,21.0349515],[105.9033004,21.0351951],[105.9000733,21.0367496],[105.8996585,21.0369359],[105.8991786,21.0373217],[105.8988403,21.0377195],[105.8984546,21.0383676],[105.8981514,21.0390968],[105.8973066,21.041402],[105.8970713,21.0419204],[105.8967769,21.0424592],[105.8946236,21.045788]]}},{"type":"Feature","properties":{"osm_id":19301119,"osm_type":"relation","admin_level":"6","boundary":"administrative","name":"Phường Long Biên","name:en":"Long Bien Ward","population":"62887","population:date":"2025-07-01","source:population":"gis.vn","type":"boundary","wikidata":"Q16480224","role":"outer","member_type":"way","member_ref":1410558571},"geometry":{"type":"LineString","coordinates":[[105.9088357,21.032334],[105.9049718,21.0342379],[105.9043191,21.0346357],[105.9037713,21.0349515],[105.9033004,21.0351951],[105.9000733,21.0367496],[105.8996585,21.0369359],[105.8991786,21.0373217],[105.8988403,21.0377195],[105.8984546,21.0383676],[105.8981514,21.0390968],[105.8973066,21.041402],[105.8970713,21.0419204],[105.8967769,21.0424592],[105.8946236,21.045788]]}},{"type":"Feature","properties":{"osm_id":19331657,"osm_type":"relation","admin_level":"6","boundary":"administrative","name":"Phường Bạch Mai","name:en":"Bach Mai Ward","name:ja":"バックマイ坊","population":"129571","population:date":"2025-07-01","postal_code":"11618","source:population":"gis.vn","type":"boundary","wikipedia":"vi:Bạch Mai, Hà Nội","role":"outer","member_type":"way","member_ref":1413041730},"geometry":{"type":"LineString","coordinates":[[105.8426251,20.997416],[105.8436605,20.9971568],[105.8442398,20.9970182],[105.8455368,20.9966827],[105.846281,20.9965035],[105.846859,20.9963809],[105.8492088,20.9960848],[105.8540283,20.9955378],[105.8545818,20.9954745],[105.8555204,20.9953725],[105.8569414,20.9952043],[105.8574536,20.9951815],[105.858037,20.9952],[105.8586881,20.9952686],[105.8593276,20.9953997],[105.8598523,20.9955318],[105.8615774,20.9960877],[105.8622273,20.9963029]]}},{"type":"Feature","properties":{"osm_id":19334584,"osm_type":"relation","admin_level":"6","boundary":"administrative","name":"Phường Tương Mai","name:en":"Tuong Mai Ward","population":"136292","population:date":"2025-07-01","postal_code":"11715","source:population":"gis.vn","type":"boundary","wikidata":"Q10831416","wikipedia":"vi:Tương Mai","role":"outer","member_type":"way","member_ref":1413041730},"geometry":{"type":"LineString","coordinates":[[105.8426251,20.997416],[105.8436605,20.9971568],[105.8442398,20.9970182],[105.8455368,20.9966827],[105.846281,20.9965035],[105.846859,20.9963809],[105.8492088,20.9960848],[105.8540283,20.9955378],[105.8545818,20.9954745],[105.8555204,20.9953725],[105.8569414,20.9952043],[105.8574536,20.9951815],[105.858037,20.9952],[105.8586881,20.9952686],[105.8593276,20.9953997],[105.8598523,20.9955318],[105.8615774,20.9960877],[105.8622273,20.9963029]]}},{"type":"Feature","properties":{"osm_id":19341252,"osm_type":"relation","admin_level":"6","boundary":"administrative","name":"Phường Xuân Phương","name:en":"Xuan Phuong Ward","population":"104947","population:date":"2025-07-01","source:population":"gis.vn","type":"boundary","wikidata":"Q10835047","wikipedia":"vi:Xuân Phương (phường)","role":"outer","member_type":"way","member_ref":1413836614},"geometry":{"type":"LineString","coordinates":[[105.7437018,21.0097666],[105.7472758,21.0094847],[105.7492477,21.0092029],[105.7520021,21.0086794],[105.7565498,21.007759],[105.7628208,21.0063691]]}},{"type":"Feature","properties":{"osm_id":19341253,"osm_type":"relation","admin_level":"6","boundary":"administrative","name":"Phường Tây Mỗ","name:en":"Tay Mo Ward","population":"46894","population:date":"2025-07-01","source:population":"gis.vn","type":"boundary","wikidata":"Q10831060","wikipedia":"vi:Tây Mỗ","role":"outer","member_type":"way","member_ref":1413836614},"geometry":{"type":"LineString","coordinates":[[105.7437018,21.0097666],[105.7472758,21.0094847],[105.7492477,21.0092029],[105.7520021,21.0086794],[105.7565498,21.007759],[105.7628208,21.0063691]]}},{"type":"Feature","properties":{"osm_id":19267328,"osm_type":"relation","boundary":"administrative","name":"Trung tâm Hà Nội","note":"This is not a historical boundary, but rather an subtraction of the defunct Hà Tây province and Mê Linh, Sóc Sơn districts (formerly in Vĩnh Phúc province) from Hà Nội","type":"boundary","role":"outer","member_type":"way","member_ref":1098119869},"geometry":{"type":"LineString","coordinates":[[105.7576629,20.9823668],[105.7584133,20.9849471],[105.7570858,20.9879878],[105.756219,20.9899041],[105.7553275,20.9894294],[105.7548599,20.9898737],[105.7541555,20.9902158],[105.7530652,20.9907053],[105.7525767,20.9909776],[105.7516402,20.991305],[105.7476422,20.9927426],[105.7460557,20.9932676]]}},{"type":"Feature","properties":{"osm_id":19334583,"osm_type":"relation","admin_level":"6","boundary":"administrative","name":"Phường Vĩnh Tuy","name:en":"Vinh Tuy Ward","name:ja":"ヴィントゥイ坊","population":"90583","population:date":"2025-07-01","postal_code":"11622","source:population":"gis.vn","type":"boundary","wikidata":"Q10833739","wikipedia":"vi:Vĩnh Tuy (phường)","role":"outer","member_type":"way","member_ref":1413240395},"geometry":{"type":"LineString","coordinates":[[105.8741857,21.0023982],[105.8724765,21.0006928],[105.8719722,21.000172],[105.872455,20.9998715],[105.8728413,20.9994308],[105.8733036,20.9986397],[105.8736289,20.9978502],[105.8738403,20.9969317],[105.8739785,20.9961574],[105.8740517,20.9952541],[105.8740273,20.9943735],[105.8739053,20.9936144],[105.8736207,20.9926124],[105.8723279,20.9898339],[105.8719945,20.989424],[105.8712465,20.9885662],[105.8703928,20.9875641],[105.8698073,20.9870327],[105.8689536,20.9866227]]}},{"type":"Feature","properties":{"osm_id":19334586,"osm_type":"relation","admin_level":"6","boundary":"administrative","name":"Phường Vĩnh Hưng","name:en":"Vinh Hung Ward","population":"67561","population:date":"2025-07-01","postal_code":"11712","source:population":"gis.vn","type":"boundary","wikidata":"Q10833565","wikipedia":"vi:Vĩnh Hưng (phường)","role":"outer","member_type":"way","member_ref":1413240395},"geometry":{"type":"LineString","coordinates":[[105.8741857,21.0023982],[105.8724765,21.0006928],[105.8719722,21.000172],[105.872455,20.9998715],[105.8728413,20.9994308],[105.8733036,20.9986397],[105.8736289,20.9978502],[105.8738403,20.9969317],[105.8739785,20.9961574],[105.8740517,20.9952541],[105.8740273,20.9943735],[105.8739053,20.9936144],[105.8736207,20.9926124],[105.8723279,20.9898339],[105.8719945,20.989424],[105.8712465,20.9885662],[105.8703928,20.9875641],[105.8698073,20.9870327],[105.8689536,20.9866227]]}},{"type":"Feature","properties":{"osm_id":19317432,"osm_type":"relation","UArea":"41.62","admin_level":"6","boundary":"administrative","name":"Xã Phù Đổng","name:en":"Phu Dong Commune","population":"111484","type":"boundary","wikidata":"Q16481027","role":"outer","member_type":"way","member_ref":660919765},"geometry":{"type":"LineString","coordinates":[[105.898338,21.0968676],[105.8979509,21.0971484],[105.8970612,21.0978035],[105.8964054,21.098329],[105.8966945,21.0989137],[105.8978029,21.1011555],[105.8992861,21.1009215],[105.8996983,21.1031366],[105.899789,21.103624],[105.9002859,21.1062839],[105.9007157,21.1058623],[105.9013849,21.1053256],[105.9018651,21.1061738],[105.9023161,21.107157],[105.9031257,21.1089513],[105.9034207,21.1095644],[105.9035924,21.1099422]]}},{"type":"Feature","properties":{"osm_id":19322845,"osm_type":"relation","UArea":"48.68","admin_level":"6","boundary":"administrative","name":"Xã Đông Anh","name:en":"Dong Anh Commune","population":"118183","type":"boundary","wikidata":"Q10840690","role":"outer","member_type":"way","member_ref":660919765},"geometry":{"type":"LineString","coordinates":[[105.898338,21.0968676],[105.8979509,21.0971484],[105.8970612,21.0978035],[105.8964054,21.098329],[105.8966945,21.0989137],[105.8978029,21.1011555],[105.8992861,21.1009215],[105.8996983,21.1031366],[105.899789,21.103624],[105.9002859,21.1062839],[105.9007157,21.1058623],[105.9013849,21.1053256],[105.9018651,21.1061738],[105.9023161,21.107157],[105.9031257,21.1089513],[105.9034207,21.1095644],[105.9035924,21.1099422]]}},{"type":"Feature","properties":{"osm_id":19335056,"osm_type":"relation","admin_level":"6","boundary":"administrative","name":"Phường Phú Thượng","name:en":"Phu Thuong Ward","population":"39322","population:date":"2025-07-01","postal_code":"11210","source:population":"gis.vn","type":"boundary","wikidata":"Q10806100","wikipedia":"vi:Phú Thượng, Hà Nội","role":"outer","member_type":"way","member_ref":1413266910},"geometry":{"type":"LineString","coordinates":[[105.7879035,21.0791385],[105.7881955,21.0797827],[105.7884111,21.0805071],[105.7884419,21.0811511],[105.7884235,21.0816398],[105.7882756,21.0822895],[105.7878874,21.0835487],[105.7873451,21.0852276],[105.7859032,21.0896776],[105.7858847,21.0902008],[105.7860449,21.0926845],[105.7865014,21.0976533]]}},{"type":"Feature","properties":{"osm_id":19338320,"osm_type":"relation","admin_level":"6","boundary":"administrative","name":"Phường Đông Ngạc","name:en":"Dong Ngac Ward","population":"83544","population:date":"2025-07-01","source:population":"gis.vn","type":"boundary","wikidata":"Q10840807","wikipedia":"vi:Đông Ngạc","role":"outer","member_type":"way","member_ref":1413266910},"geometry":{"type":"LineString","coordinates":[[105.7879035,21.0791385],[105.7881955,21.0797827],[105.7884111,21.0805071],[105.7884419,21.0811511],[105.7884235,21.0816398],[105.7882756,21.0822895],[105.7878874,21.0835487],[105.7873451,21.0852276],[105.7859032,21.0896776],[105.7858847,21.0902008],[105.7860449,21.0926845],[105.7865014,21.0976533]]}},{"type":"Feature","properties":{"osm_id":19332321,"osm_type":"relation","admin_level":"6","boundary":"administrative","name":"Phường Tây Hồ","name:en":"Tay Ho Ward","population":"100122","population:date":"2025-07-01","postal_code":"11214","source:population":"gis.vn","type":"boundary","wikipedia":"vi:Tây Hồ (phường)","role":"outer","member_type":"way","member_ref":1413067868},"geometry":{"type":"LineString","coordinates":[[105.8044541,21.052675],[105.8044213,21.0567565],[105.8044538,21.0588356],[105.8044566,21.0615716],[105.8045219,21.062234],[105.8046947,21.0627396],[105.8061144,21.0651146],[105.8081178,21.0685704],[105.8090098,21.0704391]]}},{"type":"Feature","properties":{"osm_id":19335055,"osm_type":"relation","admin_level":"6","boundary":"administrative","name":"Phường Xuân Đỉnh","name:en":"Xuan Dinh Ward","population":"48658","population:date":"2025-07-01","source:population":"gis.vn","type":"boundary","wikidata":"Q10835185","wikipedia":"vi:Xuân Đỉnh","role":"outer","member_type":"way","member_ref":1413067868},"geometry":{"type":"LineString","coordinates":[[105.8044541,21.052675],[105.8044213,21.0567565],[105.8044538,21.0588356],[105.8044566,21.0615716],[105.8045219,21.062234],[105.8046947,21.0627396],[105.8061144,21.0651146],[105.8081178,21.0685704],[105.8090098,21.0704391]]}},{"type":"Feature","properties":{"osm_id":19331651,"osm_type":"relation","admin_level":"6","boundary":"administrative","name":"Phường Hoàn Kiếm","name:en":"Hoan Kiem Ward","population":"105301","population:date":"2025-07-01","postal_code":"11024","source:population":"gis.vn","type":"boundary","wikipedia":"vi:Hoàn Kiếm","role":"outer","member_type":"way","member_ref":1413041700},"geometry":{"type":"LineString","coordinates":[[105.8426058,21.0290607],[105.84286,21.030376],[105.8432902,21.0323602],[105.8437179,21.0342189],[105.8447768,21.0340917],[105.8449379,21.0348636],[105.8439419,21.035058],[105.8445063,21.0376442],[105.8447417,21.0385729],[105.8446653,21.0393873],[105.8454528,21.039228],[105.8456119,21.0399869],[105.8463985,21.0398368],[105.8477713,21.0400597],[105.8498768,21.0406803],[105.8500934,21.0408299]]}},{"type":"Feature","properties":{"osm_id":19331652,"osm_type":"relation","admin_level":"6","boundary":"administrative","name":"Phường Ba Đình","name:en":"Ba Dinh Ward","population":"65023","population:date":"2025-07-01","postal_code":"11120","source:population":"gis.vn","type":"boundary","wikidata":"Q135651473","wikipedia":"en:Ba Đình","role":"outer","member_type":"way","member_ref":1413041700},"geometry":{"type":"LineString","coordinates":[[105.8426058,21.0290607],[105.84286,21.030376],[105.8432902,21.0323602],[105.8437179,21.0342189],[105.8447768,21.0340917],[105.8449379,21.0348636],[105.8439419,21.035058],[105.8445063,21.0376442],[105.8447417,21.0385729],[105.8446653,21.0393873],[105.8454528,21.039228],[105.8456119,21.0399869],[105.8463985,21.0398368],[105.8477713,21.0400597],[105.8498768,21.0406803],[105.8500934,21.0408299]]}},{"type":"Feature","properties":{"osm_id":19334587,"osm_type":"relation","admin_level":"6","boundary":"administrative","name":"Phường Hoàng Mai","name:en":"Hoang Mai Ward","population":"98502","population:date":"2025-07-01","postal_code":"11720","source:population":"gis.vn","type":"boundary","wikidata":"Q137323701","wikipedia":"vi:Hoàng Mai, Hà Nội","role":"outer","member_type":"way","member_ref":1413520808},"geometry":{"type":"LineString","coordinates":[[105.8581627,20.9644865],[105.8607804,20.9640702],[105.8619266,20.9639551],[105.8641203,20.9639896],[105.8695922,20.9641622],[105.8710958,20.9642773],[105.8728458,20.9645996],[105.8742138,20.9651059],[105.8755201,20.9658309],[105.8763432,20.9664765]]}},{"type":"Feature","properties":{"osm_id":19338317,"osm_type":"relation","admin_level":"6","boundary":"administrative","name":"Phường Yên Sở","name:en":"Yen So Ward","population":"40913","population:date":"2025-07-01","postal_code":"11707","source:population":"gis.vn","type":"boundary","wikidata":"Q16481034","wikipedia":"vi:Yên Sở (phường)","role":"outer","member_type":"way","member_ref":1413520808},"geometry":{"type":"LineString","coordinates":[[105.8581627,20.9644865],[105.8607804,20.9640702],[105.8619266,20.9639551],[105.8641203,20.9639896],[105.8695922,20.9641622],[105.8710958,20.9642773],[105.8728458,20.9645996],[105.8742138,20.9651059],[105.8755201,20.9658309],[105.8763432,20.9664765]]}},{"type":"Feature","properties":{"osm_id":19301118,"osm_type":"relation","admin_level":"6","boundary":"administrative","name":"Phường Bồ Đề","name:en":"Bo De Ward","population":"120028","population:date":"2025-07-01","source:population":"gis.vn","type":"boundary","wikidata":"Q10743634","role":"outer","member_type":"way","member_ref":1410558576},"geometry":{"type":"LineString","coordinates":[[105.8671036,21.0208155],[105.8690064,21.0219745],[105.8718257,21.0244243],[105.873677,21.0260513],[105.8766255,21.0286304],[105.8797502,21.0312014],[105.8811812,21.0328248],[105.8812728,21.0329656]]}},{"type":"Feature","properties":{"osm_id":19301119,"osm_type":"relation","admin_level":"6","boundary":"administrative","name":"Phường Long Biên","name:en":"Long Bien Ward","population":"62887","population:date":"2025-07-01","source:population":"gis.vn","type":"boundary","wikidata":"Q16480224","role":"outer","member_type":"way","member_ref":1410558576},"geometry":{"type":"LineString","coordinates":[[105.8671036,21.0208155],[105.8690064,21.0219745],[105.8718257,21.0244243],[105.873677,21.0260513],[105.8766255,21.0286304],[105.8797502,21.0312014],[105.8811812,21.0328248],[105.8812728,21.0329656]]}},{"type":"Feature","properties":{"osm_id":19267328,"osm_type":"relation","boundary":"administrative","name":"Trung tâm Hà Nội","note":"This is not a historical boundary, but rather an subtraction of the defunct Hà Tây province and Mê Linh, Sóc Sơn districts (formerly in Vĩnh Phúc province) from Hà Nội","type":"boundary","role":"outer","member_type":"way","member_ref":925499500},"geometry":{"type":"LineString","coordinates":[[105.7760811,20.9856467],[105.7754288,20.9859777],[105.7749279,20.9858929],[105.7740289,20.9852168],[105.7733568,20.9848879],[105.7728386,20.9854614],[105.7721358,20.98516],[105.7716595,20.9857806],[105.7707865,20.9853404],[105.7701105,20.9848825],[105.7696485,20.9844931],[105.7684944,20.9837547],[105.7681407,20.9834497],[105.7673187,20.9834042],[105.7671158,20.9839577],[105.7669373,20.9847527],[105.7659272,20.984543],[105.7660663,20.9830231],[105.7647552,20.9829025],[105.7645049,20.9812494],[105.7641513,20.9801265]]}},{"type":"Feature","properties":{"osm_id":19338314,"osm_type":"relation","admin_level":"6","boundary":"administrative","name":"Phường Đại Mỗ","name:en":"Dai Mo Ward","population":"80462","population:date":"2025-07-01","source:population":"gis.vn","type":"boundary","wikidata":"Q10841119","wikipedia":"vi:Đại Mỗ","role":"outer","member_type":"way","member_ref":925499500},"geometry":{"type":"LineString","coordinates":[[105.7760811,20.9856467],[105.7754288,20.9859777],[105.7749279,20.9858929],[105.7740289,20.9852168],[105.7733568,20.9848879],[105.7728386,20.9854614],[105.7721358,20.98516],[105.7716595,20.9857806],[105.7707865,20.9853404],[105.7701105,20.9848825],[105.7696485,20.9844931],[105.7684944,20.9837547],[105.7681407,20.9834497],[105.7673187,20.9834042],[105.7671158,20.9839577],[105.7669373,20.9847527],[105.7659272,20.984543],[105.7660663,20.9830231],[105.7647552,20.9829025],[105.7645049,20.9812494],[105.7641513,20.9801265]]}},{"type":"Feature","properties":{"osm_id":19341924,"osm_type":"relation","admin_level":"6","boundary":"administrative","name":"Phường Hà Đông","name:en":"Ha Dong Ward","population":"185205","population:date":"2025-07-01","source:population":"gis.vn","type":"boundary","role":"outer","member_type":"way","member_ref":925499500},"geometry":{"type":"LineString","coordinates":[[105.7760811,20.9856467],[105.7754288,20.9859777],[105.7749279,20.9858929],[105.7740289,20.9852168],[105.7733568,20.9848879],[105.7728386,20.9854614],[105.7721358,20.98516],[105.7716595,20.9857806],[105.7707865,20.9853404],[105.7701105,20.9848825],[105.7696485,20.9844931],[105.7684944,20.9837547],[105.7681407,20.9834497],[105.7673187,20.9834042],[105.7671158,20.9839577],[105.7669373,20.9847527],[105.7659272,20.984543],[105.7660663,20.9830231],[105.7647552,20.9829025],[105.7645049,20.9812494],[105.7641513,20.9801265]]}},{"type":"Feature","properties":{"osm_id":19338319,"osm_type":"relation","admin_level":"6","boundary":"administrative","name":"Phường Phú Diễn","name:en":"Phu Dien Ward","population":"74603","population:date":"2025-07-01","source:population":"gis.vn","type":"boundary","wikidata":"Q10805916","wikipedia":"vi:Phú Diễn","role":"outer","member_type":"way","member_ref":705491707},"geometry":{"type":"LineString","coordinates":[[105.755722,21.0582104],[105.7485123,21.0555115],[105.7488403,21.0547867],[105.7478256,21.0544167],[105.7486794,21.0523798],[105.7471719,21.0514015],[105.7455255,21.0501881],[105.7462101,21.0493453],[105.7458042,21.0489837],[105.7453232,21.0477734]]}},{"type":"Feature","properties":{"osm_id":19341251,"osm_type":"relation","admin_level":"6","boundary":"administrative","name":"Phường Tây Tựu","name:en":"Tay Tuu Ward","population":"39436","population:date":"2025-07-01","source:population":"gis.vn","type":"boundary","wikidata":"Q10831092","wikipedia":"vi:Tây Tựu","role":"outer","member_type":"way","member_ref":705491707},"geometry":{"type":"LineString","coordinates":[[105.755722,21.0582104],[105.7485123,21.0555115],[105.7488403,21.0547867],[105.7478256,21.0544167],[105.7486794,21.0523798],[105.7471719,21.0514015],[105.7455255,21.0501881],[105.7462101,21.0493453],[105.7458042,21.0489837],[105.7453232,21.0477734]]}},{"type":"Feature","properties":{"osm_id":19334587,"osm_type":"relation","admin_level":"6","boundary":"administrative","name":"Phường Hoàng Mai","name:en":"Hoang Mai Ward","population":"98502","population:date":"2025-07-01","postal_code":"11720","source:population":"gis.vn","type":"boundary","wikidata":"Q137323701","wikipedia":"vi:Hoàng Mai, Hà Nội","role":"outer","member_type":"way","member_ref":1420675641},"geometry":{"type":"LineString","coordinates":[[105.8763432,20.9664765],[105.8770607,20.9670393],[105.880228,20.9713088],[105.8813372,20.9727242],[105.8822245,20.9735873],[105.8837147,20.9745322],[105.8855197,20.9756103],[105.8868695,20.9769616],[105.889187,20.9795626]]}},{"type":"Feature","properties":{"osm_id":19338318,"osm_type":"relation","admin_level":"6","boundary":"administrative","name":"Phường Lĩnh Nam","name:en":"Linh Nam Ward","population":"20706","population:date":"2025-07-01","postal_code":"11709","source:population":"gis.vn","type":"boundary","wikidata":"Q10788200","wikipedia":"vi:Lĩnh Nam (phường)","role":"outer","member_type":"way","member_ref":1420675641},"geometry":{"type":"LineString","coordinates":[[105.8763432,20.9664765],[105.8770607,20.9670393],[105.880228,20.9713088],[105.8813372,20.9727242],[105.8822245,20.9735873],[105.8837147,20.9745322],[105.8855197,20.9756103],[105.8868695,20.9769616],[105.889187,20.9795626]]}},{"type":"Feature","properties":{"osm_id":19338313,"osm_type":"relation","admin_level":"6","boundary":"administrative","name":"Phường Từ Liêm","name:en":"Tu Liem Ward","population":"119997","population:date":"2025-07-01","source:population":"gis.vn","type":"boundary","wikipedia":"vi:Từ Liêm (phường)","role":"outer","member_type":"way","member_ref":832455053},"geometry":{"type":"LineString","coordinates":[[105.755169,21.0219986],[105.7552214,21.022776],[105.7543239,21.0244415],[105.7541485,21.0249731],[105.7548127,21.0263521],[105.7579379,21.0296402],[105.7584872,21.0303877],[105.7586212,21.0308228],[105.7587181,21.0319048],[105.7588439,21.0340366],[105.7584203,21.0374089],[105.7584692,21.0379218],[105.7585526,21.0383606]]}},{"type":"Feature","properties":{"osm_id":19341252,"osm_type":"relation","admin_level":"6","boundary":"administrative","name":"Phường Xuân Phương","name:en":"Xuan Phuong Ward","population":"104947","population:date":"2025-07-01","source:population":"gis.vn","type":"boundary","wikidata":"Q10835047","wikipedia":"vi:Xuân Phương (phường)","role":"outer","member_type":"way","member_ref":832455053},"geometry":{"type":"LineString","coordinates":[[105.755169,21.0219986],[105.7552214,21.022776],[105.7543239,21.0244415],[105.7541485,21.0249731],[105.7548127,21.0263521],[105.7579379,21.0296402],[105.7584872,21.0303877],[105.7586212,21.0308228],[105.7587181,21.0319048],[105.7588439,21.0340366],[105.7584203,21.0374089],[105.7584692,21.0379218],[105.7585526,21.0383606]]}},{"type":"Feature","properties":{"osm_id":19334585,"osm_type":"relation","admin_level":"6","boundary":"administrative","name":"Phường Phương Liệt","name:en":"Phuong Liet Ward","population":"81977","population:date":"2025-07-01","postal_code":"11412","source:population":"gis.vn","type":"boundary","wikidata":"Q10806308","wikipedia":"vi:Phương Liệt","role":"outer","member_type":"way","member_ref":1413240409},"geometry":{"type":"LineString","coordinates":[[105.8410347,20.9836706],[105.8332739,20.9836438],[105.8319943,20.9836612],[105.8314246,20.9836961],[105.8307521,20.9838182],[105.8299769,20.9840449],[105.8293885,20.9843414],[105.8285479,20.984917],[105.8256525,20.9877424],[105.8249429,20.988673]]}},{"type":"Feature","properties":{"osm_id":19334588,"osm_type":"relation","admin_level":"6","boundary":"administrative","name":"Phường Định Công","name:en":"Dinh Cong Ward","population":"85502","population:date":"2025-07-01","postal_code":"11717","source:population":"gis.vn","type":"boundary","wikidata":"Q10841794","wikipedia":"vi:Định Công (phường)","role":"outer","member_type":"way","member_ref":1413240409},"geometry":{"type":"LineString","coordinates":[[105.8410347,20.9836706],[105.8332739,20.9836438],[105.8319943,20.9836612],[105.8314246,20.9836961],[105.8307521,20.9838182],[105.8299769,20.9840449],[105.8293885,20.9843414],[105.8285479,20.984917],[105.8256525,20.9877424],[105.8249429,20.988673]]}},{"type":"Feature","properties":{"osm_id":19322847,"osm_type":"relation","UArea":"22.52","admin_level":"6","boundary":"administrative","name":"Xã Vĩnh Thanh","name:en":"Vinh Thanh Commune","population":"64698","type":"boundary","wikipedia":"vi:Vĩnh Thanh, Hà Nội","role":"outer","member_type":"way","member_ref":705212236},"geometry":{"type":"LineString","coordinates":[[105.8271842,21.0913874],[105.834592,21.0865736],[105.8378886,21.0837455],[105.8410552,21.0808132]]}},{"type":"Feature","properties":{"osm_id":19334582,"osm_type":"relation","admin_level":"6","boundary":"administrative","name":"Phường Hồng Hà","name:en":"Hong Ha Ward","population":"123282","population:date":"2025-07-01","postal_code":"11025","source:population":"gis.vn","type":"boundary","wikipedia":"vi:Hồng Hà, Hà Nội","role":"outer","member_type":"way","member_ref":705212236},"geometry":{"type":"LineString","coordinates":[[105.8271842,21.0913874],[105.834592,21.0865736],[105.8378886,21.0837455],[105.8410552,21.0808132]]}},{"type":"Feature","properties":{"osm_id":19338318,"osm_type":"relation","admin_level":"6","boundary":"administrative","name":"Phường Lĩnh Nam","name:en":"Linh Nam Ward","population":"20706","population:date":"2025-07-01","postal_code":"11709","source:population":"gis.vn","type":"boundary","wikidata":"Q10788200","wikipedia":"vi:Lĩnh Nam (phường)","role":"outer","member_type":"way","member_ref":1013247508},"geometry":{"type":"LineString","coordinates":[[105.8860035,20.9454443],[105.8792114,20.951191],[105.872107,20.9559281]]}},{"type":"Feature","properties":{"osm_id":19437088,"osm_type":"relation","admin_level":"6","boundary":"administrative","name":"Xã Thanh Trì","name:en":"Thanh Tri Commune","type":"boundary","wikipedia":"vi:Thanh Trì (xã)","role":"outer","member_type":"way","member_ref":1013247508},"geometry":{"type":"LineString","coordinates":[[105.8860035,20.9454443],[105.8792114,20.951191],[105.872107,20.9559281]]}},{"type":"Feature","properties":{"osm_id":19267328,"osm_type":"relation","boundary":"administrative","name":"Trung tâm Hà Nội","note":"This is not a historical boundary, but rather an subtraction of the defunct Hà Tây province and Mê Linh, Sóc Sơn districts (formerly in Vĩnh Phúc province) from Hà Nội","type":"boundary","role":"outer","member_type":"way","member_ref":1098119919},"geometry":{"type":"LineString","coordinates":[[105.7968304,20.9630724],[105.7949434,20.9640518],[105.7934529,20.9648869],[105.7927223,20.9652844],[105.7938162,20.9670775],[105.7932562,20.9678197],[105.7923162,20.9679517],[105.7923835,20.9684345],[105.7915826,20.9689167],[105.7913086,20.9684973],[105.7904617,20.9689632],[105.791228,20.9691818],[105.7921193,20.9697222],[105.7927846,20.9702212],[105.7933777,20.9707436],[105.7936575,20.9712463],[105.7939063,20.9719034],[105.7939724,20.9725628],[105.7940402,20.9729903]]}},{"type":"Feature","properties":{"osm_id":19334584,"osm_type":"relation","admin_level":"6","boundary":"administrative","name":"Phường Tương Mai","name:en":"Tuong Mai Ward","population":"136292","population:date":"2025-07-01","postal_code":"11715","source:population":"gis.vn","type":"boundary","wikidata":"Q10831416","wikipedia":"vi:Tương Mai","role":"outer","member_type":"way","member_ref":1413240402},"geometry":{"type":"LineString","coordinates":[[105.8520753,20.9835923],[105.8563647,20.9835789],[105.8590947,20.9835703],[105.8637832,20.9837005],[105.8691535,20.9836961]]}},{"type":"Feature","properties":{"osm_id":19334587,"osm_type":"relation","admin_level":"6","boundary":"administrative","name":"Phường Hoàng Mai","name:en":"Hoang Mai Ward","population":"98502","population:date":"2025-07-01","postal_code":"11720","source:population":"gis.vn","type":"boundary","wikidata":"Q137323701","wikipedia":"vi:Hoàng Mai, Hà Nội","role":"outer","member_type":"way","member_ref":1413240402},"geometry":{"type":"LineString","coordinates":[[105.8520753,20.9835923],[105.8563647,20.9835789],[105.8590947,20.9835703],[105.8637832,20.9837005],[105.8691535,20.9836961]]}},{"type":"Feature","properties":{"osm_id":19301118,"osm_type":"relation","admin_level":"6","boundary":"administrative","name":"Phường Bồ Đề","name:en":"Bo De Ward","population":"120028","population:date":"2025-07-01","source:population":"gis.vn","type":"boundary","wikidata":"Q10743634","role":"outer","member_type":"way","member_ref":1311284928},"geometry":{"type":"LineString","coordinates":[[105.8553573,21.0726673],[105.855,21.0729624],[105.852719,21.0748454],[105.848901,21.0775404],[105.846071,21.0799644],[105.8441845,21.0804038],[105.8410552,21.0808132]]}},{"type":"Feature","properties":{"osm_id":19322845,"osm_type":"relation","UArea":"48.68","admin_level":"6","boundary":"administrative","name":"Xã Đông Anh","name:en":"Dong Anh Commune","population":"118183","type":"boundary","wikidata":"Q10840690","role":"outer","member_type":"way","member_ref":1311284928},"geometry":{"type":"LineString","coordinates":[[105.8553573,21.0726673],[105.855,21.0729624],[105.852719,21.0748454],[105.848901,21.0775404],[105.846071,21.0799644],[105.8441845,21.0804038],[105.8410552,21.0808132]]}},{"type":"Feature","properties":{"osm_id":19301119,"osm_type":"relation","admin_level":"6","boundary":"administrative","name":"Phường Long Biên","name:en":"Long Bien Ward","population":"62887","population:date":"2025-07-01","source:population":"gis.vn","type":"boundary","wikidata":"Q16480224","role":"outer","member_type":"way","member_ref":1411809928},"geometry":{"type":"LineString","coordinates":[[105.9290946,21.0247498],[105.928837,21.0241791],[105.9284887,21.0234814],[105.9281065,21.0228392],[105.9277032,21.0222638],[105.9271807,21.0216265],[105.9266507,21.0210881],[105.9260616,21.020582],[105.9225054,21.0178589],[105.9220409,21.0174584],[105.9214272,21.0168855],[105.9209101,21.0163267],[105.9203715,21.0156877],[105.919893,21.0150788],[105.9194418,21.0144745],[105.9179062,21.0123306]]}},{"type":"Feature","properties":{"osm_id":19317430,"osm_type":"relation","UArea":"25.72","admin_level":"6","boundary":"administrative","name":"Xã Gia Lâm","name:en":"Gia Lam Commune","population":"90498","type":"boundary","wikidata":"Q1134500","wikipedia":"vi:Gia Lâm, Hà Nội","role":"outer","member_type":"way","member_ref":1411809928},"geometry":{"type":"LineString","coordinates":[[105.9290946,21.0247498],[105.928837,21.0241791],[105.9284887,21.0234814],[105.9281065,21.0228392],[105.9277032,21.0222638],[105.9271807,21.0216265],[105.9266507,21.0210881],[105.9260616,21.020582],[105.9225054,21.0178589],[105.9220409,21.0174584],[105.9214272,21.0168855],[105.9209101,21.0163267],[105.9203715,21.0156877],[105.919893,21.0150788],[105.9194418,21.0144745],[105.9179062,21.0123306]]}},{"type":"Feature","properties":{"osm_id":19338317,"osm_type":"relation","admin_level":"6","boundary":"administrative","name":"Phường Yên Sở","name:en":"Yen So Ward","population":"40913","population:date":"2025-07-01","postal_code":"11707","source:population":"gis.vn","type":"boundary","wikidata":"Q16481034","wikipedia":"vi:Yên Sở (phường)","role":"outer","member_type":"way","member_ref":1413520803},"geometry":{"type":"LineString","coordinates":[[105.848873,20.9479649],[105.84933,20.9476786],[105.8523234,20.9469808],[105.8541961,20.9471553],[105.8573343,20.9457422],[105.8578939,20.9454849],[105.8590809,20.9449615],[105.8613786,20.9442113],[105.8627142,20.9436748],[105.8639138,20.9433109],[105.8642429,20.9432589]]}},{"type":"Feature","properties":{"osm_id":19437088,"osm_type":"relation","admin_level":"6","boundary":"administrative","name":"Xã Thanh Trì","name:en":"Thanh Tri Commune","type":"boundary","wikipedia":"vi:Thanh Trì (xã)","role":"outer","member_type":"way","member_ref":1413520803},"geometry":{"type":"LineString","coordinates":[[105.848873,20.9479649],[105.84933,20.9476786],[105.8523234,20.9469808],[105.8541961,20.9471553],[105.8573343,20.9457422],[105.8578939,20.9454849],[105.8590809,20.9449615],[105.8613786,20.9442113],[105.8627142,20.9436748],[105.8639138,20.9433109],[105.8642429,20.9432589]]}},{"type":"Feature","properties":{"osm_id":19332321,"osm_type":"relation","admin_level":"6","boundary":"administrative","name":"Phường Tây Hồ","name:en":"Tay Ho Ward","population":"100122","population:date":"2025-07-01","postal_code":"11214","source:population":"gis.vn","type":"boundary","wikipedia":"vi:Tây Hồ (phường)","role":"outer","member_type":"way","member_ref":1418571364},"geometry":{"type":"LineString","coordinates":[[105.8090098,21.0704391],[105.8095655,21.0716034],[105.8099978,21.0727324],[105.8108638,21.0749937],[105.8113822,21.0760875],[105.8126711,21.0782009],[105.8156599,21.0830202],[105.8166966,21.0846499]]}},{"type":"Feature","properties":{"osm_id":19335056,"osm_type":"relation","admin_level":"6","boundary":"administrative","name":"Phường Phú Thượng","name:en":"Phu Thuong Ward","population":"39322","population:date":"2025-07-01","postal_code":"11210","source:population":"gis.vn","type":"boundary","wikidata":"Q10806100","wikipedia":"vi:Phú Thượng, Hà Nội","role":"outer","member_type":"way","member_ref":1418571364},"geometry":{"type":"LineString","coordinates":[[105.8090098,21.0704391],[105.8095655,21.0716034],[105.8099978,21.0727324],[105.8108638,21.0749937],[105.8113822,21.0760875],[105.8126711,21.0782009],[105.8156599,21.0830202],[105.8166966,21.0846499]]}},{"type":"Feature","properties":{"osm_id":1901032,"osm_type":"relation","ISO3166-2":"VN-66","admin_level":"4","boundary":"administrative","is_in:country_code":"VN","name":"Tỉnh Hưng Yên","name:ar":"محافظة هونغ اين","name:bg":"Хунг Йен","name:de":"Hưng Yên","name:en":"Hưng Yên Province","name:es":"Hưng Yên","name:fa":"استان هونگ ین","name:fi":"Hưng Yên","name:fr":"Province de Hưng Yên","name:id":"Provinsi Hung Yen","name:it":"Provincia di Hung Yen","name:ja":"フンイエン","name:ko":"흥옌성","name:mn":"Хыниэнь","name:nl":"Hưng Yên","name:pl":"Prowincja Hưng Yên","name:pt":"Hung Yen","name:ru":"Хынгйен","name:sr":"Хинг Јен","name:sv":"Hung Yen","name:sw":"Mkoa wa Hưng Yên","name:th":"จังหวัดฮึงเอียน","name:uk":"Хинґ'єн","name:ur":"ہونگ ین صوبہ","name:vi-Hani":"省興安","name:zh":"兴安省","name:zh-Hans":"兴安省","name:zh-Hant":"興安省","population":"1150400","type":"boundary","wikidata":"Q36235","wikipedia":"vi:Hưng Yên","role":"outer","member_type":"way","member_ref":1032879040},"geometry":{"type":"LineString","coordinates":[[105.9133018,20.9724065],[105.913257,20.9731029],[105.9129866,20.9737153],[105.9134517,20.9736345],[105.9141792,20.9736108],[105.9141503,20.9741137],[105.9145516,20.9743832],[105.9148007,20.9748164],[105.9155023,20.9748619],[105.9159487,20.9749632],[105.9171096,20.9750187],[105.9183193,20.9750762],[105.9184386,20.9757616],[105.9197844,20.9757135],[105.9197929,20.9745878],[105.9223799,20.9746612],[105.9225179,20.9757183],[105.9242945,20.9757413]]}},{"type":"Feature","properties":{"osm_id":1903516,"osm_type":"relation","ISO3166-2":"VN-HN","UArea":"3359.80","admin_level":"4","boundary":"administrative","is_in:country":"Vietnam","is_in:country_code":"VN","name":"Thành phố Hà Nội","name:am":"ሀኖይ","name:ar":"هانوي","name:arz":"هانوى","name:ast":"Ḥanói","name:az":"Hanoy","name:be":"Ханой","name:be-tarask":"Ханой","name:bg":"Ханой","name:bn":"হ্যানয়","name:bo":"ཧེ་ནོ།","name:br":"Ha Noi","name:ca":"Hanoi","name:ckb":"ھانۆی","name:cs":"Hanoj","name:cv":"Ханой","name:da":"Hanoi","name:de":"Hanoi","name:el":"Ανόι","name:en":"Hà Nội","name:eo":"Hanojo","name:es":"Hanói","name:et":"Hanoi","name:eu":"Hanoi","name:fa":"هانوی","name:fi":"Hanoi","name:fr":"Hanoï","name:ga":"Ha Noi","name:gl":"Hanoi","name:he":"האנוי","name:hi":"हनोई","name:hr":"Hanoi","name:ht":"Anòy","name:hu":"Hanoi","name:hy":"Հանոյ","name:is":"Hanoí","name:it":"Hanoi","name:ja":"ハノイ","name:ka":"ჰანოი","name:kk":"Ханой","name:km":"ទីក្រុងហានូយ","name:kn":"ಹಾನೊಯ್","name:ko":"하노이","name:ku":"Hanoi","name:lt":"Hanojus","name:lv":"Hanoja","name:mhr":"Ханой","name:mk":"Ханој","name:mn":"Ханой","name:mr":"हनोई","name:my":"ဟနွိုင်းမြို့","name:mzn":"هانوی","name:nan":"Hà Nội","name:nds":"Hà Nội","name:nl":"Hanoi","name:oc":"Hanòi","name:os":"Ханой","name:pcd":"Hanoï","name:pl":"Hanoi","name:pnb":"ہنوئی","name:pt":"Hanói","name:qu":"Ha Nui","name:ru":"Ханой","name:sah":"Ханой","name:si":"හැනෝයි","name:sk":"Hanoj","name:sl":"Hanoj","name:sr":"Ханој","name:sv":"Hanoi","name:ta":"ஹனோய்","name:tg":"Ханой","name:th":"ฮานอย","name:ug":"خانوي","name:uk":"Ханой","name:ur":"ہنوئی","name:vi":"Hà Nội","name:vi-Hani":"河內","name:wuu":"河內市","name:yue":"河內市","name:zh":"河内市","name:zh-Hans":"河内市","name:zh-Hant":"河內市","official_name":"Thành phố Hà Nội","old_name":"Thăng Long","population":"8718000","type":"boundary","website":"https://hanoi.gov.vn","wikidata":"Q1858","wikipedia":"vi:Hà Nội","wikivoyage":"en:Hanoi","role":"outer","member_type":"way","member_ref":1032879040},"geometry":{"type":"LineString","coordinates":[[105.9133018,20.9724065],[105.913257,20.9731029],[105.9129866,20.9737153],[105.9134517,20.9736345],[105.9141792,20.9736108],[105.9141503,20.9741137],[105.9145516,20.9743832],[105.9148007,20.9748164],[105.9155023,20.9748619],[105.9159487,20.9749632],[105.9171096,20.9750187],[105.9183193,20.9750762],[105.9184386,20.9757616],[105.9197844,20.9757135],[105.9197929,20.9745878],[105.9223799,20.9746612],[105.9225179,20.9757183],[105.9242945,20.9757413]]}},{"type":"Feature","properties":{"osm_id":19267328,"osm_type":"relation","boundary":"administrative","name":"Trung tâm Hà Nội","note":"This is not a historical boundary, but rather an subtraction of the defunct Hà Tây province and Mê Linh, Sóc Sơn districts (formerly in Vĩnh Phúc province) from Hà Nội","type":"boundary","role":"outer","member_type":"way","member_ref":1032879040},"geometry":{"type":"LineString","coordinates":[[105.9133018,20.9724065],[105.913257,20.9731029],[105.9129866,20.9737153],[105.9134517,20.9736345],[105.9141792,20.9736108],[105.9141503,20.9741137],[105.9145516,20.9743832],[105.9148007,20.9748164],[105.9155023,20.9748619],[105.9159487,20.9749632],[105.9171096,20.9750187],[105.9183193,20.9750762],[105.9184386,20.9757616],[105.9197844,20.9757135],[105.9197929,20.9745878],[105.9223799,20.9746612],[105.9225179,20.9757183],[105.9242945,20.9757413]]}},{"type":"Feature","properties":{"osm_id":19317431,"osm_type":"relation","UArea":"20.67","admin_level":"6","boundary":"administrative","name":"Xã Bát Tràng","name:en":"Bat Trang Commune","population":"48987","type":"boundary","wikidata":"Q1094370","role":"outer","member_type":"way","member_ref":1032879040},"geometry":{"type":"LineString","coordinates":[[105.9133018,20.9724065],[105.913257,20.9731029],[105.9129866,20.9737153],[105.9134517,20.9736345],[105.9141792,20.9736108],[105.9141503,20.9741137],[105.9145516,20.9743832],[105.9148007,20.9748164],[105.9155023,20.9748619],[105.9159487,20.9749632],[105.9171096,20.9750187],[105.9183193,20.9750762],[105.9184386,20.9757616],[105.9197844,20.9757135],[105.9197929,20.9745878],[105.9223799,20.9746612],[105.9225179,20.9757183],[105.9242945,20.9757413]]}},{"type":"Feature","properties":{"osm_id":19541868,"osm_type":"relation","admin_level":"6","boundary":"administrative","name":"Xã Phụng Công","name:en":"Phụng Công Commune","name:vi":"Xã Phụng Công","place":"town","type":"boundary","role":"outer","member_type":"way","member_ref":1032879040},"geometry":{"type":"LineString","coordinates":[[105.9133018,20.9724065],[105.913257,20.9731029],[105.9129866,20.9737153],[105.9134517,20.9736345],[105.9141792,20.9736108],[105.9141503,20.9741137],[105.9145516,20.9743832],[105.9148007,20.9748164],[105.9155023,20.9748619],[105.9159487,20.9749632],[105.9171096,20.9750187],[105.9183193,20.9750762],[105.9184386,20.9757616],[105.9197844,20.9757135],[105.9197929,20.9745878],[105.9223799,20.9746612],[105.9225179,20.9757183],[105.9242945,20.9757413]]}},{"type":"Feature","properties":{"osm_id":19335053,"osm_type":"relation","admin_level":"6","boundary":"administrative","name":"Phường Cầu Giấy","name:en":"Cau Giay Ward","population":"74516","population:date":"2025-07-01","postal_code":"11314","source:population":"gis.vn","type":"boundary","wikipedia":"vi:Cầu Giấy","role":"outer","member_type":"way","member_ref":1413266882},"geometry":{"type":"LineString","coordinates":[[105.7822037,21.0176697],[105.7804673,21.0197194],[105.7798879,21.0204905],[105.7794051,21.0212817],[105.7790832,21.0220628],[105.7788365,21.022874],[105.7787077,21.0236351],[105.7786326,21.0245565],[105.7787077,21.0255679],[105.7798595,21.0323643]]}},{"type":"Feature","properties":{"osm_id":19338313,"osm_type":"relation","admin_level":"6","boundary":"administrative","name":"Phường Từ Liêm","name:en":"Tu Liem Ward","population":"119997","population:date":"2025-07-01","source:population":"gis.vn","type":"boundary","wikipedia":"vi:Từ Liêm (phường)","role":"outer","member_type":"way","member_ref":1413266882},"geometry":{"type":"LineString","coordinates":[[105.7822037,21.0176697],[105.7804673,21.0197194],[105.7798879,21.0204905],[105.7794051,21.0212817],[105.7790832,21.0220628],[105.7788365,21.022874],[105.7787077,21.0236351],[105.7786326,21.0245565],[105.7787077,21.0255679],[105.7798595,21.0323643]]}},{"type":"Feature","properties":{"osm_id":19335052,"osm_type":"relation","admin_level":"6","boundary":"administrative","name":"Phường Yên Hòa","name:en":"Yen Hoa Ward","population":"77029","population:date":"2025-07-01","postal_code":"11312","source:population":"gis.vn","type":"boundary","wikidata":"Q10838003","wikipedia":"vi:Yên Hòa (phường)","role":"outer","member_type":"way","member_ref":1413266880},"geometry":{"type":"LineString","coordinates":[[105.784204,21.0190776],[105.7900697,21.0232672],[105.7925613,21.0250644],[105.793885,21.0260158],[105.7976476,21.0249094]]}},{"type":"Feature","properties":{"osm_id":19335053,"osm_type":"relation","admin_level":"6","boundary":"administrative","name":"Phường Cầu Giấy","name:en":"Cau Giay Ward","population":"74516","population:date":"2025-07-01","postal_code":"11314","source:population":"gis.vn","type":"boundary","wikipedia":"vi:Cầu Giấy","role":"outer","member_type":"way","member_ref":1413266880},"geometry":{"type":"LineString","coordinates":[[105.784204,21.0190776],[105.7900697,21.0232672],[105.7925613,21.0250644],[105.793885,21.0260158],[105.7976476,21.0249094]]}},{"type":"Feature","properties":{"osm_id":19335055,"osm_type":"relation","admin_level":"6","boundary":"administrative","name":"Phường Xuân Đỉnh","name:en":"Xuan Dinh Ward","population":"48658","population:date":"2025-07-01","source:population":"gis.vn","type":"boundary","wikidata":"Q10835185","wikipedia":"vi:Xuân Đỉnh","role":"outer","member_type":"way","member_ref":1413266903},"geometry":{"type":"LineString","coordinates":[[105.7879035,21.0791385],[105.7884359,21.0784108],[105.7930545,21.0765196],[105.7938718,21.0762015],[105.7943808,21.0773519],[105.7988687,21.0756525],[105.7983503,21.0744933],[105.7999578,21.0738816]]}},{"type":"Feature","properties":{"osm_id":19335056,"osm_type":"relation","admin_level":"6","boundary":"administrative","name":"Phường Phú Thượng","name:en":"Phu Thuong Ward","population":"39322","population:date":"2025-07-01","postal_code":"11210","source:population":"gis.vn","type":"boundary","wikidata":"Q10806100","wikipedia":"vi:Phú Thượng, Hà Nội","role":"outer","member_type":"way","member_ref":1413266903},"geometry":{"type":"LineString","coordinates":[[105.7879035,21.0791385],[105.7884359,21.0784108],[105.7930545,21.0765196],[105.7938718,21.0762015],[105.7943808,21.0773519],[105.7988687,21.0756525],[105.7983503,21.0744933],[105.7999578,21.0738816]]}},{"type":"Feature","properties":{"osm_id":19301116,"osm_type":"relation","admin_level":"6","boundary":"administrative","name":"Phường Phúc Lợi","name:en":"Phuc Loi Ward","population":"66790","population:date":"2025-07-01","source:population":"gis.vn","type":"boundary","wikidata":"Q10806226","role":"outer","member_type":"way","member_ref":913216117},"geometry":{"type":"LineString","coordinates":[[105.9235095,21.0270936],[105.9225234,21.0274684],[105.9219513,21.027676],[105.9213679,21.0278714],[105.9207337,21.028063],[105.9197092,21.0283628],[105.9138426,21.0300473],[105.9133947,21.0302066],[105.9088357,21.032334]]}},{"type":"Feature","properties":{"osm_id":19301119,"osm_type":"relation","admin_level":"6","boundary":"administrative","name":"Phường Long Biên","name:en":"Long Bien Ward","population":"62887","population:date":"2025-07-01","source:population":"gis.vn","type":"boundary","wikidata":"Q16480224","role":"outer","member_type":"way","member_ref":913216117},"geometry":{"type":"LineString","coordinates":[[105.9235095,21.0270936],[105.9225234,21.0274684],[105.9219513,21.027676],[105.9213679,21.0278714],[105.9207337,21.028063],[105.9197092,21.0283628],[105.9138426,21.0300473],[105.9133947,21.0302066],[105.9088357,21.032334]]}},{"type":"Feature","properties":{"osm_id":19341254,"osm_type":"relation","admin_level":"6","boundary":"administrative","name":"Phường Dương Nội","name:en":"Duong Noi Ward","population":"56091","population:date":"2025-07-01","source:population":"gis.vn","type":"boundary","wikidata":"Q10757584","wikipedia":"vi:Dương Nội","role":"outer","member_type":"way","member_ref":1413922758},"geometry":{"type":"LineString","coordinates":[[105.740172,20.9620824],[105.7441253,20.9605441],[105.7450561,20.9601048],[105.7461796,20.9594373],[105.7498595,20.9569958],[105.751886,20.9557393],[105.753071,20.9551483],[105.7539214,20.9548658]]}},{"type":"Feature","properties":{"osm_id":19341927,"osm_type":"relation","admin_level":"6","boundary":"administrative","name":"Phường Yên Nghĩa","name:en":"Yen Nghia Ward","population":"49643","population:date":"2025-07-01","source:population":"gis.vn","type":"boundary","role":"outer","member_type":"way","member_ref":1413922758},"geometry":{"type":"LineString","coordinates":[[105.740172,20.9620824],[105.7441253,20.9605441],[105.7450561,20.9601048],[105.7461796,20.9594373],[105.7498595,20.9569958],[105.751886,20.9557393],[105.753071,20.9551483],[105.7539214,20.9548658]]}},{"type":"Feature","properties":{"osm_id":19301117,"osm_type":"relation","admin_level":"6","boundary":"administrative","name":"Phường Việt Hưng","name:en":"Viet Hung Ward","population":"83188","population:date":"2025-07-01","source:population":"gis.vn","type":"boundary","wikidata":"Q10832831","wikipedia":"vi:Việt Hưng, Hà Nội","role":"outer","member_type":"way","member_ref":913356897},"geometry":{"type":"LineString","coordinates":[[105.9322801,21.0581716],[105.9269924,21.0694404],[105.9250019,21.0715965]]}},{"type":"Feature","properties":{"osm_id":19317432,"osm_type":"relation","UArea":"41.62","admin_level":"6","boundary":"administrative","name":"Xã Phù Đổng","name:en":"Phu Dong Commune","population":"111484","type":"boundary","wikidata":"Q16481027","role":"outer","member_type":"way","member_ref":913356897},"geometry":{"type":"LineString","coordinates":[[105.9322801,21.0581716],[105.9269924,21.0694404],[105.9250019,21.0715965]]}},{"type":"Feature","properties":{"osm_id":1901032,"osm_type":"relation","ISO3166-2":"VN-66","admin_level":"4","boundary":"administrative","is_in:country_code":"VN","name":"Tỉnh Hưng Yên","name:ar":"محافظة هونغ اين","name:bg":"Хунг Йен","name:de":"Hưng Yên","name:en":"Hưng Yên Province","name:es":"Hưng Yên","name:fa":"استان هونگ ین","name:fi":"Hưng Yên","name:fr":"Province de Hưng Yên","name:id":"Provinsi Hung Yen","name:it":"Provincia di Hung Yen","name:ja":"フンイエン","name:ko":"흥옌성","name:mn":"Хыниэнь","name:nl":"Hưng Yên","name:pl":"Prowincja Hưng Yên","name:pt":"Hung Yen","name:ru":"Хынгйен","name:sr":"Хинг Јен","name:sv":"Hung Yen","name:sw":"Mkoa wa Hưng Yên","name:th":"จังหวัดฮึงเอียน","name:uk":"Хинґ'єн","name:ur":"ہونگ ین صوبہ","name:vi-Hani":"省興安","name:zh":"兴安省","name:zh-Hans":"兴安省","name:zh-Hant":"興安省","population":"1150400","type":"boundary","wikidata":"Q36235","wikipedia":"vi:Hưng Yên","role":"outer","member_type":"way","member_ref":1033173760},"geometry":{"type":"LineString","coordinates":[[105.9242945,20.9757413],[105.9244298,20.9745438],[105.9290699,20.9729547],[105.9298386,20.9726673],[105.9322605,20.9735945],[105.9362033,20.9697641]]}},{"type":"Feature","properties":{"osm_id":1903516,"osm_type":"relation","ISO3166-2":"VN-HN","UArea":"3359.80","admin_level":"4","boundary":"administrative","is_in:country":"Vietnam","is_in:country_code":"VN","name":"Thành phố Hà Nội","name:am":"ሀኖይ","name:ar":"هانوي","name:arz":"هانوى","name:ast":"Ḥanói","name:az":"Hanoy","name:be":"Ханой","name:be-tarask":"Ханой","name:bg":"Ханой","name:bn":"হ্যানয়","name:bo":"ཧེ་ནོ།","name:br":"Ha Noi","name:ca":"Hanoi","name:ckb":"ھانۆی","name:cs":"Hanoj","name:cv":"Ханой","name:da":"Hanoi","name:de":"Hanoi","name:el":"Ανόι","name:en":"Hà Nội","name:eo":"Hanojo","name:es":"Hanói","name:et":"Hanoi","name:eu":"Hanoi","name:fa":"هانوی","name:fi":"Hanoi","name:fr":"Hanoï","name:ga":"Ha Noi","name:gl":"Hanoi","name:he":"האנוי","name:hi":"हनोई","name:hr":"Hanoi","name:ht":"Anòy","name:hu":"Hanoi","name:hy":"Հանոյ","name:is":"Hanoí","name:it":"Hanoi","name:ja":"ハノイ","name:ka":"ჰანოი","name:kk":"Ханой","name:km":"ទីក្រុងហានូយ","name:kn":"ಹಾನೊಯ್","name:ko":"하노이","name:ku":"Hanoi","name:lt":"Hanojus","name:lv":"Hanoja","name:mhr":"Ханой","name:mk":"Ханој","name:mn":"Ханой","name:mr":"हनोई","name:my":"ဟနွိုင်းမြို့","name:mzn":"هانوی","name:nan":"Hà Nội","name:nds":"Hà Nội","name:nl":"Hanoi","name:oc":"Hanòi","name:os":"Ханой","name:pcd":"Hanoï","name:pl":"Hanoi","name:pnb":"ہنوئی","name:pt":"Hanói","name:qu":"Ha Nui","name:ru":"Ханой","name:sah":"Ханой","name:si":"හැනෝයි","name:sk":"Hanoj","name:sl":"Hanoj","name:sr":"Ханој","name:sv":"Hanoi","name:ta":"ஹனோய்","name:tg":"Ханой","name:th":"ฮานอย","name:ug":"خانوي","name:uk":"Ханой","name:ur":"ہنوئی","name:vi":"Hà Nội","name:vi-Hani":"河內","name:wuu":"河內市","name:yue":"河內市","name:zh":"河内市","name:zh-Hans":"河内市","name:zh-Hant":"河內市","official_name":"Thành phố Hà Nội","old_name":"Thăng Long","population":"8718000","type":"boundary","website":"https://hanoi.gov.vn","wikidata":"Q1858","wikipedia":"vi:Hà Nội","wikivoyage":"en:Hanoi","role":"outer","member_type":"way","member_ref":1033173760},"geometry":{"type":"LineString","coordinates":[[105.9242945,20.9757413],[105.9244298,20.9745438],[105.9290699,20.9729547],[105.9298386,20.9726673],[105.9322605,20.9735945],[105.9362033,20.9697641]]}},{"type":"Feature","properties":{"osm_id":19267328,"osm_type":"relation","boundary":"administrative","name":"Trung tâm Hà Nội","note":"This is not a historical boundary, but rather an subtraction of the defunct Hà Tây province and Mê Linh, Sóc Sơn districts (formerly in Vĩnh Phúc province) from Hà Nội","type":"boundary","role":"outer","member_type":"way","member_ref":1033173760},"geometry":{"type":"LineString","coordinates":[[105.9242945,20.9757413],[105.9244298,20.9745438],[105.9290699,20.9729547],[105.9298386,20.9726673],[105.9322605,20.9735945],[105.9362033,20.9697641]]}},{"type":"Feature","properties":{"osm_id":19317431,"osm_type":"relation","UArea":"20.67","admin_level":"6","boundary":"administrative","name":"Xã Bát Tràng","name:en":"Bat Trang Commune","population":"48987","type":"boundary","wikidata":"Q1094370","role":"outer","member_type":"way","member_ref":1033173760},"geometry":{"type":"LineString","coordinates":[[105.9242945,20.9757413],[105.9244298,20.9745438],[105.9290699,20.9729547],[105.9298386,20.9726673],[105.9322605,20.9735945],[105.9362033,20.9697641]]}},{"type":"Feature","properties":{"osm_id":19541868,"osm_type":"relation","admin_level":"6","boundary":"administrative","name":"Xã Phụng Công","name:en":"Phụng Công Commune","name:vi":"Xã Phụng Công","place":"town","type":"boundary","role":"outer","member_type":"way","member_ref":1033173760},"geometry":{"type":"LineString","coordinates":[[105.9242945,20.9757413],[105.9244298,20.9745438],[105.9290699,20.9729547],[105.9298386,20.9726673],[105.9322605,20.9735945],[105.9362033,20.9697641]]}},{"type":"Feature","properties":{"osm_id":19341927,"osm_type":"relation","admin_level":"6","boundary":"administrative","name":"Phường Yên Nghĩa","name:en":"Yen Nghia Ward","population":"49643","population:date":"2025-07-01","source:population":"gis.vn","type":"boundary","role":"outer","member_type":"way","member_ref":1418877636},"geometry":{"type":"LineString","coordinates":[[105.7452758,20.9455319],[105.7463706,20.9457321],[105.7479626,20.9471872],[105.7482075,20.9477781],[105.7484776,20.9483595],[105.7487813,20.9489467],[105.7491106,20.9495218],[105.7496953,20.9488455],[105.7511329,20.9503083],[105.7503658,20.9512802],[105.754215,20.9541502]]}},{"type":"Feature","properties":{"osm_id":19341928,"osm_type":"relation","admin_level":"6","boundary":"administrative","name":"Phường Phú Lương","name:en":"Phu Luong Ward","population":"52024","population:date":"2025-07-01","source:population":"gis.vn","type":"boundary","role":"outer","member_type":"way","member_ref":1418877636},"geometry":{"type":"LineString","coordinates":[[105.7452758,20.9455319],[105.7463706,20.9457321],[105.7479626,20.9471872],[105.7482075,20.9477781],[105.7484776,20.9483595],[105.7487813,20.9489467],[105.7491106,20.9495218],[105.7496953,20.9488455],[105.7511329,20.9503083],[105.7503658,20.9512802],[105.754215,20.9541502]]}},{"type":"Feature","properties":{"osm_id":19301117,"osm_type":"relation","admin_level":"6","boundary":"administrative","name":"Phường Việt Hưng","name:en":"Viet Hung Ward","population":"83188","population:date":"2025-07-01","source:population":"gis.vn","type":"boundary","wikidata":"Q10832831","wikipedia":"vi:Việt Hưng, Hà Nội","role":"outer","member_type":"way","member_ref":1067561902},"geometry":{"type":"LineString","coordinates":[[105.9250019,21.0715965],[105.924045,21.072633],[105.9208897,21.0749899],[105.9157,21.076792],[105.9118769,21.0772489]]}},{"type":"Feature","properties":{"osm_id":19317432,"osm_type":"relation","UArea":"41.62","admin_level":"6","boundary":"administrative","name":"Xã Phù Đổng","name:en":"Phu Dong Commune","population":"111484","type":"boundary","wikidata":"Q16481027","role":"outer","member_type":"way","member_ref":1067561902},"geometry":{"type":"LineString","coordinates":[[105.9250019,21.0715965],[105.924045,21.072633],[105.9208897,21.0749899],[105.9157,21.076792],[105.9118769,21.0772489]]}},{"type":"Feature","properties":{"osm_id":19331652,"osm_type":"relation","admin_level":"6","boundary":"administrative","name":"Phường Ba Đình","name:en":"Ba Dinh Ward","population":"65023","population:date":"2025-07-01","postal_code":"11120","source:population":"gis.vn","type":"boundary","wikidata":"Q135651473","wikipedia":"en:Ba Đình","role":"outer","member_type":"way","member_ref":1412546761},"geometry":{"type":"LineString","coordinates":[[105.8500934,21.0408299],[105.849391,21.041421],[105.848365,21.04247],[105.847212,21.0439491],[105.8468574,21.0442951],[105.8463743,21.0446433],[105.8459476,21.044953],[105.845554,21.045228],[105.8448535,21.0457489],[105.8442011,21.0463448],[105.8434194,21.0471149],[105.842897,21.0476853],[105.8425361,21.0480868],[105.842184,21.0484762],[105.8417859,21.0488767],[105.8412311,21.0494161],[105.8407804,21.0498549],[105.8404562,21.0502005],[105.8401665,21.0506205]]}},{"type":"Feature","properties":{"osm_id":19334582,"osm_type":"relation","admin_level":"6","boundary":"administrative","name":"Phường Hồng Hà","name:en":"Hong Ha Ward","population":"123282","population:date":"2025-07-01","postal_code":"11025","source:population":"gis.vn","type":"boundary","wikipedia":"vi:Hồng Hà, Hà Nội","role":"outer","member_type":"way","member_ref":1412546761},"geometry":{"type":"LineString","coordinates":[[105.8500934,21.0408299],[105.849391,21.041421],[105.848365,21.04247],[105.847212,21.0439491],[105.8468574,21.0442951],[105.8463743,21.0446433],[105.8459476,21.044953],[105.845554,21.045228],[105.8448535,21.0457489],[105.8442011,21.0463448],[105.8434194,21.0471149],[105.842897,21.0476853],[105.8425361,21.0480868],[105.842184,21.0484762],[105.8417859,21.0488767],[105.8412311,21.0494161],[105.8407804,21.0498549],[105.8404562,21.0502005],[105.8401665,21.0506205]]}},{"type":"Feature","properties":{"osm_id":19332320,"osm_type":"relation","admin_level":"6","boundary":"administrative","name":"Phường Ngọc Hà","name:en":"Ngoc Ha Ward","population":"93536","population:date":"2025-07-01","postal_code":"11119","source:population":"gis.vn","type":"boundary","wikidata":"Q10800604","wikipedia":"vi:Ngọc Hà, Hà Nội","role":"outer","member_type":"way","member_ref":1413067867},"geometry":{"type":"LineString","coordinates":[[105.8068772,21.0475253],[105.8075709,21.0474616],[105.8082179,21.0473423],[105.809019,21.0470533],[105.8098175,21.0467055],[105.8104491,21.0464036],[105.8113396,21.0458601],[105.8118757,21.0454575],[105.8130773,21.0442613],[105.8135394,21.0438099],[105.8144144,21.0430708],[105.8152124,21.042674],[105.8162261,21.0423979],[105.8169378,21.042234],[105.8185492,21.0421046],[105.8191747,21.0421018]]}},{"type":"Feature","properties":{"osm_id":19332321,"osm_type":"relation","admin_level":"6","boundary":"administrative","name":"Phường Tây Hồ","name:en":"Tay Ho Ward","population":"100122","population:date":"2025-07-01","postal_code":"11214","source:population":"gis.vn","type":"boundary","wikipedia":"vi:Tây Hồ (phường)","role":"outer","member_type":"way","member_ref":1413067867},"geometry":{"type":"LineString","coordinates":[[105.8068772,21.0475253],[105.8075709,21.0474616],[105.8082179,21.0473423],[105.809019,21.0470533],[105.8098175,21.0467055],[105.8104491,21.0464036],[105.8113396,21.0458601],[105.8118757,21.0454575],[105.8130773,21.0442613],[105.8135394,21.0438099],[105.8144144,21.0430708],[105.8152124,21.042674],[105.8162261,21.0423979],[105.8169378,21.042234],[105.8185492,21.0421046],[105.8191747,21.0421018]]}},{"type":"Feature","properties":{"osm_id":19437088,"osm_type":"relation","admin_level":"6","boundary":"administrative","name":"Xã Thanh Trì","name:en":"Thanh Tri Commune","type":"boundary","wikipedia":"vi:Thanh Trì (xã)","role":"outer","member_type":"way","member_ref":1420761626},"geometry":{"type":"LineString","coordinates":[[105.8441773,20.9511261],[105.8443404,20.9493621],[105.8443498,20.9482979],[105.8443031,20.9472076],[105.8443218,20.9464487],[105.8444805,20.945088],[105.8444712,20.9445035],[105.8443031,20.9436661],[105.8441536,20.9430119],[105.8430048,20.9431079],[105.8421359,20.9433165],[105.8416853,20.94259],[105.8412025,20.9416983],[105.8409128,20.9409117],[105.8405695,20.9402554]]}},{"type":"Feature","properties":{"osm_id":19437089,"osm_type":"relation","admin_level":"6","boundary":"administrative","name":"Xã Đại Thanh","name:en":"Dai Thanh Commune","type":"boundary","wikipedia":"vi:Đại Thanh, Hà Nội","role":"outer","member_type":"way","member_ref":1420761626},"geometry":{"type":"LineString","coordinates":[[105.8441773,20.9511261],[105.8443404,20.9493621],[105.8443498,20.9482979],[105.8443031,20.9472076],[105.8443218,20.9464487],[105.8444805,20.945088],[105.8444712,20.9445035],[105.8443031,20.9436661],[105.8441536,20.9430119],[105.8430048,20.9431079],[105.8421359,20.9433165],[105.8416853,20.94259],[105.8412025,20.9416983],[105.8409128,20.9409117],[105.8405695,20.9402554]]}},{"type":"Feature","properties":{"osm_id":19331656,"osm_type":"relation","admin_level":"6","boundary":"administrative","name":"Phường Kim Liên","name:en":"Kim Lien Ward","population":"109107","population:date":"2025-07-01","postal_code":"11520","source:population":"gis.vn","type":"boundary","wikidata":"Q10779914","wikipedia":"vi:Kim Liên (phường)","role":"outer","member_type":"way","member_ref":678539323},"geometry":{"type":"LineString","coordinates":[[105.8228045,21.0024161],[105.8238785,21.0021323],[105.8250722,21.0018275],[105.8257817,21.0016637],[105.8267548,21.0014485],[105.8277757,21.0011512],[105.8283003,21.0009726],[105.8297848,21.0004506],[105.8321365,20.9998186],[105.8329565,20.9996053],[105.8335372,20.9994635],[105.8349333,20.9992194],[105.8358104,20.9990678]]}},{"type":"Feature","properties":{"osm_id":19334585,"osm_type":"relation","admin_level":"6","boundary":"administrative","name":"Phường Phương Liệt","name:en":"Phuong Liet Ward","population":"81977","population:date":"2025-07-01","postal_code":"11412","source:population":"gis.vn","type":"boundary","wikidata":"Q10806308","wikipedia":"vi:Phương Liệt","role":"outer","member_type":"way","member_ref":678539323},"geometry":{"type":"LineString","coordinates":[[105.8228045,21.0024161],[105.8238785,21.0021323],[105.8250722,21.0018275],[105.8257817,21.0016637],[105.8267548,21.0014485],[105.8277757,21.0011512],[105.8283003,21.0009726],[105.8297848,21.0004506],[105.8321365,20.9998186],[105.8329565,20.9996053],[105.8335372,20.9994635],[105.8349333,20.9992194],[105.8358104,20.9990678]]}},{"type":"Feature","properties":{"osm_id":19338319,"osm_type":"relation","admin_level":"6","boundary":"administrative","name":"Phường Phú Diễn","name:en":"Phu Dien Ward","population":"74603","population:date":"2025-07-01","source:population":"gis.vn","type":"boundary","wikidata":"Q10805916","wikipedia":"vi:Phú Diễn","role":"outer","member_type":"way","member_ref":705491704},"geometry":{"type":"LineString","coordinates":[[105.7726822,21.0563622],[105.7726258,21.0571232],[105.7719649,21.0571063],[105.7709348,21.0567652],[105.7698891,21.0569547],[105.7690971,21.0572747],[105.7681122,21.057354],[105.7666831,21.0579874],[105.7608109,21.0603638]]}},{"type":"Feature","properties":{"osm_id":19338320,"osm_type":"relation","admin_level":"6","boundary":"administrative","name":"Phường Đông Ngạc","name:en":"Dong Ngac Ward","population":"83544","population:date":"2025-07-01","source:population":"gis.vn","type":"boundary","wikidata":"Q10840807","wikipedia":"vi:Đông Ngạc","role":"outer","member_type":"way","member_ref":705491704},"geometry":{"type":"LineString","coordinates":[[105.7726822,21.0563622],[105.7726258,21.0571232],[105.7719649,21.0571063],[105.7709348,21.0567652],[105.7698891,21.0569547],[105.7690971,21.0572747],[105.7681122,21.057354],[105.7666831,21.0579874],[105.7608109,21.0603638]]}},{"type":"Feature","properties":{"osm_id":19338313,"osm_type":"relation","admin_level":"6","boundary":"administrative","name":"Phường Từ Liêm","name:en":"Tu Liem Ward","population":"119997","population:date":"2025-07-01","source:population":"gis.vn","type":"boundary","wikipedia":"vi:Từ Liêm (phường)","role":"outer","member_type":"way","member_ref":1413520748},"geometry":{"type":"LineString","coordinates":[[105.7805736,21.0366027],[105.7792687,21.0365709],[105.7784158,21.036611],[105.7777935,21.0366811],[105.7769513,21.0368813],[105.77362,21.0378977],[105.7705837,21.0386938],[105.7677076,21.0395819]]}},{"type":"Feature","properties":{"osm_id":19338319,"osm_type":"relation","admin_level":"6","boundary":"administrative","name":"Phường Phú Diễn","name:en":"Phu Dien Ward","population":"74603","population:date":"2025-07-01","source:population":"gis.vn","type":"boundary","wikidata":"Q10805916","wikipedia":"vi:Phú Diễn","role":"outer","member_type":"way","member_ref":1413520748},"geometry":{"type":"LineString","coordinates":[[105.7805736,21.0366027],[105.7792687,21.0365709],[105.7784158,21.036611],[105.7777935,21.0366811],[105.7769513,21.0368813],[105.77362,21.0378977],[105.7705837,21.0386938],[105.7677076,21.0395819]]}},{"type":"Feature","properties":{"osm_id":19331654,"osm_type":"relation","admin_level":"6","boundary":"administrative","name":"Phường Hai Bà Trưng","name:en":"Hai Ba Trung Ward","name:ja":"ハイバーチュン坊","population":"87801","population:date":"2025-07-01","postal_code":"11626","source:population":"gis.vn","type":"boundary","wikipedia":"vi:Phường Hai Bà Trưng, Hà Nội","role":"outer","member_type":"way","member_ref":1413041706},"geometry":{"type":"LineString","coordinates":[[105.8414269,21.0206574],[105.8414051,21.017273],[105.8413928,21.0139166],[105.8413643,21.0077057]]}},{"type":"Feature","properties":{"osm_id":19331655,"osm_type":"relation","admin_level":"6","boundary":"administrative","name":"Phường Văn Miếu - Quốc Tử Giám","name:en":"Van Mieu - Quoc Tu Giam Ward","name:ja":"ヴァンミエウ=クォットゥーザム坊","population":"105604","population:date":"2025-07-01","postal_code":"11508","source:population":"gis.vn","type":"boundary","wikidata":"Q10833399","wikipedia":"vi:Văn Miếu – Quốc Tử Giám, Hà Nội","role":"outer","member_type":"way","member_ref":1413041706},"geometry":{"type":"LineString","coordinates":[[105.8414269,21.0206574],[105.8414051,21.017273],[105.8413928,21.0139166],[105.8413643,21.0077057]]}},{"type":"Feature","properties":{"osm_id":19267328,"osm_type":"relation","boundary":"administrative","name":"Trung tâm Hà Nội","note":"This is not a historical boundary, but rather an subtraction of the defunct Hà Tây province and Mê Linh, Sóc Sơn districts (formerly in Vĩnh Phúc province) from Hà Nội","type":"boundary","role":"outer","member_type":"way","member_ref":832454937},"geometry":{"type":"LineString","coordinates":[[105.7840789,20.9865921],[105.7863146,20.9860584],[105.7867901,20.9859547],[105.78731,20.9859762],[105.7874252,20.9864116],[105.7879352,20.9862953],[105.7882976,20.9868821],[105.7876904,20.9870935],[105.7861041,20.9877465],[105.7864437,20.9881802],[105.7860339,20.988438],[105.7852904,20.988882],[105.7843141,20.9889682],[105.7838931,20.988496],[105.7844306,20.9882535],[105.7839731,20.987276],[105.7836958,20.9870738]]}},{"type":"Feature","properties":{"osm_id":19322848,"osm_type":"relation","UArea":"27.96","admin_level":"6","boundary":"administrative","name":"Xã Thiên Lộc","name:en":"Thien Loc Commune","population":"74597","type":"boundary","role":"outer","member_type":"way","member_ref":705491711},"geometry":{"type":"LineString","coordinates":[[105.740566,21.1081244],[105.744832,21.1034401],[105.7480948,21.0998572],[105.748926,21.0989445]]}},{"type":"Feature","properties":{"osm_id":19341250,"osm_type":"relation","admin_level":"6","boundary":"administrative","name":"Phường Thượng Cát","name:en":"Thuong Cat Ward","population":"24692","population:date":"2025-07-01","source:population":"gis.vn","type":"boundary","wikidata":"Q10826052","wikipedia":"vi:Thượng Cát","role":"outer","member_type":"way","member_ref":705491711},"geometry":{"type":"LineString","coordinates":[[105.740566,21.1081244],[105.744832,21.1034401],[105.7480948,21.0998572],[105.748926,21.0989445]]}},{"type":"Feature","properties":{"osm_id":19301116,"osm_type":"relation","admin_level":"6","boundary":"administrative","name":"Phường Phúc Lợi","name:en":"Phuc Loi Ward","population":"66790","population:date":"2025-07-01","source:population":"gis.vn","type":"boundary","wikidata":"Q10806226","role":"outer","member_type":"way","member_ref":1410558565},"geometry":{"type":"LineString","coordinates":[[105.9290946,21.0247498],[105.9314646,21.0300129],[105.9320041,21.0311144],[105.932995,21.0329432],[105.9339467,21.0344657],[105.9348101,21.0356593]]}},{"type":"Feature","properties":{"osm_id":19317430,"osm_type":"relation","UArea":"25.72","admin_level":"6","boundary":"administrative","name":"Xã Gia Lâm","name:en":"Gia Lam Commune","population":"90498","type":"boundary","wikidata":"Q1134500","wikipedia":"vi:Gia Lâm, Hà Nội","role":"outer","member_type":"way","member_ref":1410558565},"geometry":{"type":"LineString","coordinates":[[105.9290946,21.0247498],[105.9314646,21.0300129],[105.9320041,21.0311144],[105.932995,21.0329432],[105.9339467,21.0344657],[105.9348101,21.0356593]]}},{"type":"Feature","properties":{"osm_id":19338313,"osm_type":"relation","admin_level":"6","boundary":"administrative","name":"Phường Từ Liêm","name:en":"Tu Liem Ward","population":"119997","population:date":"2025-07-01","source:population":"gis.vn","type":"boundary","wikipedia":"vi:Từ Liêm (phường)","role":"outer","member_type":"way","member_ref":1414621914},"geometry":{"type":"LineString","coordinates":[[105.756184,21.0154854],[105.7577002,21.0137638],[105.7591367,21.0124347],[105.7622223,21.0102634],[105.7627849,21.009435],[105.7631989,21.0085659],[105.7632246,21.0078434],[105.7630655,21.0073203],[105.7628208,21.0063691]]}},{"type":"Feature","properties":{"osm_id":19341252,"osm_type":"relation","admin_level":"6","boundary":"administrative","name":"Phường Xuân Phương","name:en":"Xuan Phuong Ward","population":"104947","population:date":"2025-07-01","source:population":"gis.vn","type":"boundary","wikidata":"Q10835047","wikipedia":"vi:Xuân Phương (phường)","role":"outer","member_type":"way","member_ref":1414621914},"geometry":{"type":"LineString","coordinates":[[105.756184,21.0154854],[105.7577002,21.0137638],[105.7591367,21.0124347],[105.7622223,21.0102634],[105.7627849,21.009435],[105.7631989,21.0085659],[105.7632246,21.0078434],[105.7630655,21.0073203],[105.7628208,21.0063691]]}},{"type":"Feature","properties":{"osm_id":19435883,"osm_type":"relation","admin_level":"6","boundary":"administrative","name":"Phường Từ Sơn","name:de":"Stadtviertel Từ Sơn","name:en":"Tu Son Ward","name:lzh":"慈山社","name:vi-Hani":"社慈山","name:zh":"慈山社","name:zh-Hans":"慈山社","name:zh-Hant":"慈山社","population":"65697","population:date":"2025-07-01","source:population":"gis.vn","type":"boundary","role":"outer","member_type":"way","member_ref":1336851662},"geometry":{"type":"LineString","coordinates":[[105.9389611,21.1098283],[105.9392094,21.1094016],[105.9394745,21.1089597],[105.939753,21.1084621],[105.9392048,21.1086732],[105.9365393,21.1097455],[105.9362507,21.1093365],[105.9373904,21.1077829],[105.936878,21.1074491],[105.9373575,21.1067905],[105.9365415,21.1062504],[105.9357365,21.1056587],[105.9348624,21.1049381]]}},{"type":"Feature","properties":{"osm_id":19338319,"osm_type":"relation","admin_level":"6","boundary":"administrative","name":"Phường Phú Diễn","name:en":"Phu Dien Ward","population":"74603","population:date":"2025-07-01","source:population":"gis.vn","type":"boundary","wikidata":"Q10805916","wikipedia":"vi:Phú Diễn","role":"outer","member_type":"way","member_ref":1413520817},"geometry":{"type":"LineString","coordinates":[[105.7453232,21.0477734],[105.7565308,21.043499]]}},{"type":"Feature","properties":{"osm_id":19341252,"osm_type":"relation","admin_level":"6","boundary":"administrative","name":"Phường Xuân Phương","name:en":"Xuan Phuong Ward","population":"104947","population:date":"2025-07-01","source:population":"gis.vn","type":"boundary","wikidata":"Q10835047","wikipedia":"vi:Xuân Phương (phường)","role":"outer","member_type":"way","member_ref":1413520817},"geometry":{"type":"LineString","coordinates":[[105.7453232,21.0477734],[105.7565308,21.043499]]}},{"type":"Feature","properties":{"osm_id":19317431,"osm_type":"relation","UArea":"20.67","admin_level":"6","boundary":"administrative","name":"Xã Bát Tràng","name:en":"Bat Trang Commune","population":"48987","type":"boundary","wikidata":"Q1094370","role":"outer","member_type":"way","member_ref":1032879033},"geometry":{"type":"LineString","coordinates":[[105.8928347,20.9548896],[105.890152,20.9516888],[105.8860035,20.9454443]]}},{"type":"Feature","properties":{"osm_id":19338318,"osm_type":"relation","admin_level":"6","boundary":"administrative","name":"Phường Lĩnh Nam","name:en":"Linh Nam Ward","population":"20706","population:date":"2025-07-01","postal_code":"11709","source:population":"gis.vn","type":"boundary","wikidata":"Q10788200","wikipedia":"vi:Lĩnh Nam (phường)","role":"outer","member_type":"way","member_ref":1032879033},"geometry":{"type":"LineString","coordinates":[[105.8928347,20.9548896],[105.890152,20.9516888],[105.8860035,20.9454443]]}},{"type":"Feature","properties":{"osm_id":19335052,"osm_type":"relation","admin_level":"6","boundary":"administrative","name":"Phường Yên Hòa","name:en":"Yen Hoa Ward","population":"77029","population:date":"2025-07-01","postal_code":"11312","source:population":"gis.vn","type":"boundary","wikidata":"Q10838003","wikipedia":"vi:Yên Hòa (phường)","role":"outer","member_type":"way","member_ref":1413266878},"geometry":{"type":"LineString","coordinates":[[105.789528,21.0086363],[105.784945,21.0142613],[105.7822037,21.0176697]]}},{"type":"Feature","properties":{"osm_id":19338313,"osm_type":"relation","admin_level":"6","boundary":"administrative","name":"Phường Từ Liêm","name:en":"Tu Liem Ward","population":"119997","population:date":"2025-07-01","source:population":"gis.vn","type":"boundary","wikipedia":"vi:Từ Liêm (phường)","role":"outer","member_type":"way","member_ref":1413266878},"geometry":{"type":"LineString","coordinates":[[105.789528,21.0086363],[105.784945,21.0142613],[105.7822037,21.0176697]]}},{"type":"Feature","properties":{"osm_id":19301118,"osm_type":"relation","admin_level":"6","boundary":"administrative","name":"Phường Bồ Đề","name:en":"Bo De Ward","population":"120028","population:date":"2025-07-01","source:population":"gis.vn","type":"boundary","wikidata":"Q10743634","role":"outer","member_type":"way","member_ref":914393202},"geometry":{"type":"LineString","coordinates":[[105.8812728,21.0329656],[105.8815711,21.033591],[105.8822442,21.0350019],[105.8829722,21.0365279],[105.8834485,21.0376847],[105.8838064,21.0384256],[105.8842565,21.039346],[105.885728,21.0423543],[105.8860792,21.0430348],[105.8861043,21.0430979]]}},{"type":"Feature","properties":{"osm_id":19301119,"osm_type":"relation","admin_level":"6","boundary":"administrative","name":"Phường Long Biên","name:en":"Long Bien Ward","population":"62887","population:date":"2025-07-01","source:population":"gis.vn","type":"boundary","wikidata":"Q16480224","role":"outer","member_type":"way","member_ref":914393202},"geometry":{"type":"LineString","coordinates":[[105.8812728,21.0329656],[105.8815711,21.033591],[105.8822442,21.0350019],[105.8829722,21.0365279],[105.8834485,21.0376847],[105.8838064,21.0384256],[105.8842565,21.039346],[105.885728,21.0423543],[105.8860792,21.0430348],[105.8861043,21.0430979]]}},{"type":"Feature","properties":{"osm_id":19317432,"osm_type":"relation","UArea":"41.62","admin_level":"6","boundary":"administrative","name":"Xã Phù Đổng","name:en":"Phu Dong Commune","population":"111484","type":"boundary","wikidata":"Q16481027","role":"outer","member_type":"way","member_ref":1311284936},"geometry":{"type":"LineString","coordinates":[[105.9057199,21.0897177],[105.9049108,21.0899039],[105.9045768,21.0894803],[105.9035012,21.0900308],[105.9024203,21.0913697],[105.9020501,21.0918439],[105.9016827,21.092741],[105.9013957,21.093209],[105.9009263,21.0937395],[105.8996306,21.0952674],[105.8991882,21.0957891],[105.8985874,21.0967049],[105.898338,21.0968676]]}},{"type":"Feature","properties":{"osm_id":19322845,"osm_type":"relation","UArea":"48.68","admin_level":"6","boundary":"administrative","name":"Xã Đông Anh","name:en":"Dong Anh Commune","population":"118183","type":"boundary","wikidata":"Q10840690","role":"outer","member_type":"way","member_ref":1311284936},"geometry":{"type":"LineString","coordinates":[[105.9057199,21.0897177],[105.9049108,21.0899039],[105.9045768,21.0894803],[105.9035012,21.0900308],[105.9024203,21.0913697],[105.9020501,21.0918439],[105.9016827,21.092741],[105.9013957,21.093209],[105.9009263,21.0937395],[105.8996306,21.0952674],[105.8991882,21.0957891],[105.8985874,21.0967049],[105.898338,21.0968676]]}},{"type":"Feature","properties":{"osm_id":19317431,"osm_type":"relation","UArea":"20.67","admin_level":"6","boundary":"administrative","name":"Xã Bát Tràng","name:en":"Bat Trang Commune","population":"48987","type":"boundary","wikidata":"Q1094370","role":"outer","member_type":"way","member_ref":1032879036},"geometry":{"type":"LineString","coordinates":[[105.9016624,20.9933107],[105.9035184,20.9915822],[105.9067548,20.9878294],[105.9086238,20.9846903]]}},{"type":"Feature","properties":{"osm_id":19338318,"osm_type":"relation","admin_level":"6","boundary":"administrative","name":"Phường Lĩnh Nam","name:en":"Linh Nam Ward","population":"20706","population:date":"2025-07-01","postal_code":"11709","source:population":"gis.vn","type":"boundary","wikidata":"Q10788200","wikipedia":"vi:Lĩnh Nam (phường)","role":"outer","member_type":"way","member_ref":1032879036},"geometry":{"type":"LineString","coordinates":[[105.9016624,20.9933107],[105.9035184,20.9915822],[105.9067548,20.9878294],[105.9086238,20.9846903]]}},{"type":"Feature","properties":{"osm_id":1098119897,"osm_type":"way","admin_level":"6","boundary":"administrative","name":"Sông Nhuệ","name:en":"Nhue River","name:id":"Sungai Nhue","name:ko":"뉘에강","name:ru":"Ньюе","name:vi":"Sông Nhuệ","name:zh":"锐江","tunnel":"no","waterway":"river"},"geometry":{"type":"LineString","coordinates":[[105.7866722,20.961763],[105.7870376,20.9613508],[105.7881965,20.9610618],[105.7891018,20.9605454],[105.7907358,20.9595875],[105.7913801,20.9593825],[105.7930429,20.9597354],[105.7935287,20.9597522],[105.7943385,20.9597421],[105.7949216,20.959806],[105.7953319,20.960011],[105.7957926,20.9607336],[105.7965088,20.9611806]]}},{"type":"Feature","properties":{"osm_id":19341924,"osm_type":"relation","admin_level":"6","boundary":"administrative","name":"Phường Hà Đông","name:en":"Ha Dong Ward","population":"185205","population:date":"2025-07-01","source:population":"gis.vn","type":"boundary","role":"outer","member_type":"way","member_ref":1098119897},"geometry":{"type":"LineString","coordinates":[[105.7866722,20.961763],[105.7870376,20.9613508],[105.7881965,20.9610618],[105.7891018,20.9605454],[105.7907358,20.9595875],[105.7913801,20.9593825],[105.7930429,20.9597354],[105.7935287,20.9597522],[105.7943385,20.9597421],[105.7949216,20.959806],[105.7953319,20.960011],[105.7957926,20.9607336],[105.7965088,20.9611806]]}},{"type":"Feature","properties":{"osm_id":19341926,"osm_type":"relation","admin_level":"6","boundary":"administrative","name":"Phường Kiến Hưng","name:en":"Kien Hung Ward","population":"70833","population:date":"2025-07-01","source:population":"gis.vn","type":"boundary","role":"outer","member_type":"way","member_ref":1098119897},"geometry":{"type":"LineString","coordinates":[[105.7866722,20.961763],[105.7870376,20.9613508],[105.7881965,20.9610618],[105.7891018,20.9605454],[105.7907358,20.9595875],[105.7913801,20.9593825],[105.7930429,20.9597354],[105.7935287,20.9597522],[105.7943385,20.9597421],[105.7949216,20.959806],[105.7953319,20.960011],[105.7957926,20.9607336],[105.7965088,20.9611806]]}},{"type":"Feature","properties":{"osm_id":19338314,"osm_type":"relation","admin_level":"6","boundary":"administrative","name":"Phường Đại Mỗ","name:en":"Dai Mo Ward","population":"80462","population:date":"2025-07-01","source:population":"gis.vn","type":"boundary","wikidata":"Q10841119","wikipedia":"vi:Đại Mỗ","role":"outer","member_type":"way","member_ref":1413520755},"geometry":{"type":"LineString","coordinates":[[105.7526722,20.9916197],[105.7528339,20.9908369],[105.7537276,20.9865096],[105.7539237,20.9859253],[105.7541853,20.9853672],[105.7546149,20.9847393],[105.755194,20.9841987],[105.7576629,20.9823668]]}},{"type":"Feature","properties":{"osm_id":19341254,"osm_type":"relation","admin_level":"6","boundary":"administrative","name":"Phường Dương Nội","name:en":"Duong Noi Ward","population":"56091","population:date":"2025-07-01","source:population":"gis.vn","type":"boundary","wikidata":"Q10757584","wikipedia":"vi:Dương Nội","role":"outer","member_type":"way","member_ref":1413520755},"geometry":{"type":"LineString","coordinates":[[105.7526722,20.9916197],[105.7528339,20.9908369],[105.7537276,20.9865096],[105.7539237,20.9859253],[105.7541853,20.9853672],[105.7546149,20.9847393],[105.755194,20.9841987],[105.7576629,20.9823668]]}},{"type":"Feature","properties":{"osm_id":19335055,"osm_type":"relation","admin_level":"6","boundary":"administrative","name":"Phường Xuân Đỉnh","name:en":"Xuan Dinh Ward","population":"48658","population:date":"2025-07-01","source:population":"gis.vn","type":"boundary","wikidata":"Q10835185","wikipedia":"vi:Xuân Đỉnh","role":"outer","member_type":"way","member_ref":1413266909},"geometry":{"type":"LineString","coordinates":[[105.7853196,21.0688436],[105.7855512,21.0716616],[105.7857951,21.0746889],[105.7859496,21.0755766],[105.7862423,21.0764491],[105.7866895,21.0772837],[105.7879035,21.0791385]]}},{"type":"Feature","properties":{"osm_id":19338320,"osm_type":"relation","admin_level":"6","boundary":"administrative","name":"Phường Đông Ngạc","name:en":"Dong Ngac Ward","population":"83544","population:date":"2025-07-01","source:population":"gis.vn","type":"boundary","wikidata":"Q10840807","wikipedia":"vi:Đông Ngạc","role":"outer","member_type":"way","member_ref":1413266909},"geometry":{"type":"LineString","coordinates":[[105.7853196,21.0688436],[105.7855512,21.0716616],[105.7857951,21.0746889],[105.7859496,21.0755766],[105.7862423,21.0764491],[105.7866895,21.0772837],[105.7879035,21.0791385]]}},{"type":"Feature","properties":{"osm_id":1901032,"osm_type":"relation","ISO3166-2":"VN-66","admin_level":"4","boundary":"administrative","is_in:country_code":"VN","name":"Tỉnh Hưng Yên","name:ar":"محافظة هونغ اين","name:bg":"Хунг Йен","name:de":"Hưng Yên","name:en":"Hưng Yên Province","name:es":"Hưng Yên","name:fa":"استان هونگ ین","name:fi":"Hưng Yên","name:fr":"Province de Hưng Yên","name:id":"Provinsi Hung Yen","name:it":"Provincia di Hung Yen","name:ja":"フンイエン","name:ko":"흥옌성","name:mn":"Хыниэнь","name:nl":"Hưng Yên","name:pl":"Prowincja Hưng Yên","name:pt":"Hung Yen","name:ru":"Хынгйен","name:sr":"Хинг Јен","name:sv":"Hung Yen","name:sw":"Mkoa wa Hưng Yên","name:th":"จังหวัดฮึงเอียน","name:uk":"Хинґ'єн","name:ur":"ہونگ ین صوبہ","name:vi-Hani":"省興安","name:zh":"兴安省","name:zh-Hans":"兴安省","name:zh-Hant":"興安省","population":"1150400","type":"boundary","wikidata":"Q36235","wikipedia":"vi:Hưng Yên","role":"outer","member_type":"way","member_ref":1032879034},"geometry":{"type":"LineString","coordinates":[[105.9108922,20.9401337],[105.9104235,20.9411379],[105.9100767,20.942083],[105.9085764,20.9430936],[105.9067854,20.9444799],[105.9051263,20.9457072],[105.9030199,20.9471529]]}},{"type":"Feature","properties":{"osm_id":1903516,"osm_type":"relation","ISO3166-2":"VN-HN","UArea":"3359.80","admin_level":"4","boundary":"administrative","is_in:country":"Vietnam","is_in:country_code":"VN","name":"Thành phố Hà Nội","name:am":"ሀኖይ","name:ar":"هانوي","name:arz":"هانوى","name:ast":"Ḥanói","name:az":"Hanoy","name:be":"Ханой","name:be-tarask":"Ханой","name:bg":"Ханой","name:bn":"হ্যানয়","name:bo":"ཧེ་ནོ།","name:br":"Ha Noi","name:ca":"Hanoi","name:ckb":"ھانۆی","name:cs":"Hanoj","name:cv":"Ханой","name:da":"Hanoi","name:de":"Hanoi","name:el":"Ανόι","name:en":"Hà Nội","name:eo":"Hanojo","name:es":"Hanói","name:et":"Hanoi","name:eu":"Hanoi","name:fa":"هانوی","name:fi":"Hanoi","name:fr":"Hanoï","name:ga":"Ha Noi","name:gl":"Hanoi","name:he":"האנוי","name:hi":"हनोई","name:hr":"Hanoi","name:ht":"Anòy","name:hu":"Hanoi","name:hy":"Հանոյ","name:is":"Hanoí","name:it":"Hanoi","name:ja":"ハノイ","name:ka":"ჰანოი","name:kk":"Ханой","name:km":"ទីក្រុងហានូយ","name:kn":"ಹಾನೊಯ್","name:ko":"하노이","name:ku":"Hanoi","name:lt":"Hanojus","name:lv":"Hanoja","name:mhr":"Ханой","name:mk":"Ханој","name:mn":"Ханой","name:mr":"हनोई","name:my":"ဟနွိုင်းမြို့","name:mzn":"هانوی","name:nan":"Hà Nội","name:nds":"Hà Nội","name:nl":"Hanoi","name:oc":"Hanòi","name:os":"Ханой","name:pcd":"Hanoï","name:pl":"Hanoi","name:pnb":"ہنوئی","name:pt":"Hanói","name:qu":"Ha Nui","name:ru":"Ханой","name:sah":"Ханой","name:si":"හැනෝයි","name:sk":"Hanoj","name:sl":"Hanoj","name:sr":"Ханој","name:sv":"Hanoi","name:ta":"ஹனோய்","name:tg":"Ханой","name:th":"ฮานอย","name:ug":"خانوي","name:uk":"Ханой","name:ur":"ہنوئی","name:vi":"Hà Nội","name:vi-Hani":"河內","name:wuu":"河內市","name:yue":"河內市","name:zh":"河内市","name:zh-Hans":"河内市","name:zh-Hant":"河內市","official_name":"Thành phố Hà Nội","old_name":"Thăng Long","population":"8718000","type":"boundary","website":"https://hanoi.gov.vn","wikidata":"Q1858","wikipedia":"vi:Hà Nội","wikivoyage":"en:Hanoi","role":"outer","member_type":"way","member_ref":1032879034},"geometry":{"type":"LineString","coordinates":[[105.9108922,20.9401337],[105.9104235,20.9411379],[105.9100767,20.942083],[105.9085764,20.9430936],[105.9067854,20.9444799],[105.9051263,20.9457072],[105.9030199,20.9471529]]}},{"type":"Feature","properties":{"osm_id":19267328,"osm_type":"relation","boundary":"administrative","name":"Trung tâm Hà Nội","note":"This is not a historical boundary, but rather an subtraction of the defunct Hà Tây province and Mê Linh, Sóc Sơn districts (formerly in Vĩnh Phúc province) from Hà Nội","type":"boundary","role":"outer","member_type":"way","member_ref":1032879034},"geometry":{"type":"LineString","coordinates":[[105.9108922,20.9401337],[105.9104235,20.9411379],[105.9100767,20.942083],[105.9085764,20.9430936],[105.9067854,20.9444799],[105.9051263,20.9457072],[105.9030199,20.9471529]]}},{"type":"Feature","properties":{"osm_id":19317431,"osm_type":"relation","UArea":"20.67","admin_level":"6","boundary":"administrative","name":"Xã Bát Tràng","name:en":"Bat Trang Commune","population":"48987","type":"boundary","wikidata":"Q1094370","role":"outer","member_type":"way","member_ref":1032879034},"geometry":{"type":"LineString","coordinates":[[105.9108922,20.9401337],[105.9104235,20.9411379],[105.9100767,20.942083],[105.9085764,20.9430936],[105.9067854,20.9444799],[105.9051263,20.9457072],[105.9030199,20.9471529]]}},{"type":"Feature","properties":{"osm_id":19541868,"osm_type":"relation","admin_level":"6","boundary":"administrative","name":"Xã Phụng Công","name:en":"Phụng Công Commune","name:vi":"Xã Phụng Công","place":"town","type":"boundary","role":"outer","member_type":"way","member_ref":1032879034},"geometry":{"type":"LineString","coordinates":[[105.9108922,20.9401337],[105.9104235,20.9411379],[105.9100767,20.942083],[105.9085764,20.9430936],[105.9067854,20.9444799],[105.9051263,20.9457072],[105.9030199,20.9471529]]}},{"type":"Feature","properties":{"osm_id":19338317,"osm_type":"relation","admin_level":"6","boundary":"administrative","name":"Phường Yên Sở","name:en":"Yen So Ward","population":"40913","population:date":"2025-07-01","postal_code":"11707","source:population":"gis.vn","type":"boundary","wikidata":"Q16481034","wikipedia":"vi:Yên Sở (phường)","role":"outer","member_type":"way","member_ref":1413520806},"geometry":{"type":"LineString","coordinates":[[105.8710473,20.9565806],[105.8714038,20.9570971],[105.8726485,20.9586392],[105.8729196,20.9593413],[105.8732894,20.9600203],[105.8736344,20.9604231],[105.8743739,20.9609985],[105.8747066,20.9616085],[105.8748176,20.9624601],[105.8748792,20.9633002],[105.8751626,20.9641634],[105.8757172,20.9647503],[105.8767154,20.9649721]]}},{"type":"Feature","properties":{"osm_id":19338318,"osm_type":"relation","admin_level":"6","boundary":"administrative","name":"Phường Lĩnh Nam","name:en":"Linh Nam Ward","population":"20706","population:date":"2025-07-01","postal_code":"11709","source:population":"gis.vn","type":"boundary","wikidata":"Q10788200","wikipedia":"vi:Lĩnh Nam (phường)","role":"outer","member_type":"way","member_ref":1413520806},"geometry":{"type":"LineString","coordinates":[[105.8710473,20.9565806],[105.8714038,20.9570971],[105.8726485,20.9586392],[105.8729196,20.9593413],[105.8732894,20.9600203],[105.8736344,20.9604231],[105.8743739,20.9609985],[105.8747066,20.9616085],[105.8748176,20.9624601],[105.8748792,20.9633002],[105.8751626,20.9641634],[105.8757172,20.9647503],[105.8767154,20.9649721]]}},{"type":"Feature","properties":{"osm_id":19338316,"osm_type":"relation","admin_level":"6","boundary":"administrative","name":"Phường Hoàng Liệt","name:en":"Hoang Liet Ward","population":"55820","population:date":"2025-07-01","postal_code":"11719","source:population":"gis.vn","type":"boundary","wikidata":"Q10768953","wikipedia":"vi:Hoàng Liệt","role":"outer","member_type":"way","member_ref":1420677840},"geometry":{"type":"LineString","coordinates":[[105.8307969,20.9530369],[105.8289386,20.954084],[105.8271392,20.9555681],[105.8256989,20.956419],[105.8221871,20.9569799],[105.8212204,20.9571343]]}},{"type":"Feature","properties":{"osm_id":19437089,"osm_type":"relation","admin_level":"6","boundary":"administrative","name":"Xã Đại Thanh","name:en":"Dai Thanh Commune","type":"boundary","wikipedia":"vi:Đại Thanh, Hà Nội","role":"outer","member_type":"way","member_ref":1420677840},"geometry":{"type":"LineString","coordinates":[[105.8307969,20.9530369],[105.8289386,20.954084],[105.8271392,20.9555681],[105.8256989,20.956419],[105.8221871,20.9569799],[105.8212204,20.9571343]]}},{"type":"Feature","properties":{"osm_id":19322847,"osm_type":"relation","UArea":"22.52","admin_level":"6","boundary":"administrative","name":"Xã Vĩnh Thanh","name:en":"Vinh Thanh Commune","population":"64698","type":"boundary","wikipedia":"vi:Vĩnh Thanh, Hà Nội","role":"outer","member_type":"way","member_ref":1412300283},"geometry":{"type":"LineString","coordinates":[[105.7908852,21.0974865],[105.7894689,21.1027922],[105.7891928,21.1033931],[105.7884991,21.1037695],[105.7885274,21.1049582],[105.7882726,21.1057044],[105.7882392,21.1063972],[105.7871887,21.106263]]}},{"type":"Feature","properties":{"osm_id":19322848,"osm_type":"relation","UArea":"27.96","admin_level":"6","boundary":"administrative","name":"Xã Thiên Lộc","name:en":"Thien Loc Commune","population":"74597","type":"boundary","role":"outer","member_type":"way","member_ref":1412300283},"geometry":{"type":"LineString","coordinates":[[105.7908852,21.0974865],[105.7894689,21.1027922],[105.7891928,21.1033931],[105.7884991,21.1037695],[105.7885274,21.1049582],[105.7882726,21.1057044],[105.7882392,21.1063972],[105.7871887,21.106263]]}},{"type":"Feature","properties":{"osm_id":19331654,"osm_type":"relation","admin_level":"6","boundary":"administrative","name":"Phường Hai Bà Trưng","name:en":"Hai Ba Trung Ward","name:ja":"ハイバーチュン坊","population":"87801","population:date":"2025-07-01","postal_code":"11626","source:population":"gis.vn","type":"boundary","wikipedia":"vi:Phường Hai Bà Trưng, Hà Nội","role":"outer","member_type":"way","member_ref":1413041707},"geometry":{"type":"LineString","coordinates":[[105.8620546,21.0185286],[105.8626448,21.0158374],[105.8633593,21.0131259],[105.8636441,21.0121973],[105.8640504,21.0112208],[105.8645548,21.0103489],[105.8650171,21.0096862],[105.8658715,21.0087667]]}},{"type":"Feature","properties":{"osm_id":19334582,"osm_type":"relation","admin_level":"6","boundary":"administrative","name":"Phường Hồng Hà","name:en":"Hong Ha Ward","population":"123282","population:date":"2025-07-01","postal_code":"11025","source:population":"gis.vn","type":"boundary","wikipedia":"vi:Hồng Hà, Hà Nội","role":"outer","member_type":"way","member_ref":1413041707},"geometry":{"type":"LineString","coordinates":[[105.8620546,21.0185286],[105.8626448,21.0158374],[105.8633593,21.0131259],[105.8636441,21.0121973],[105.8640504,21.0112208],[105.8645548,21.0103489],[105.8650171,21.0096862],[105.8658715,21.0087667]]}},{"type":"Feature","properties":{"osm_id":19317430,"osm_type":"relation","UArea":"25.72","admin_level":"6","boundary":"administrative","name":"Xã Gia Lâm","name:en":"Gia Lam Commune","population":"90498","type":"boundary","wikidata":"Q1134500","wikipedia":"vi:Gia Lâm, Hà Nội","role":"outer","member_type":"way","member_ref":1411809918},"geometry":{"type":"LineString","coordinates":[[105.9387681,21.0410105],[105.9401623,21.040078],[105.9420214,21.039275],[105.9440239,21.0385636],[105.9462506,21.0379081],[105.9485383,21.0374868]]}},{"type":"Feature","properties":{"osm_id":19317432,"osm_type":"relation","UArea":"41.62","admin_level":"6","boundary":"administrative","name":"Xã Phù Đổng","name:en":"Phu Dong Commune","population":"111484","type":"boundary","wikidata":"Q16481027","role":"outer","member_type":"way","member_ref":1411809918},"geometry":{"type":"LineString","coordinates":[[105.9387681,21.0410105],[105.9401623,21.040078],[105.9420214,21.039275],[105.9440239,21.0385636],[105.9462506,21.0379081],[105.9485383,21.0374868]]}},{"type":"Feature","properties":{"osm_id":19331658,"osm_type":"relation","admin_level":"6","boundary":"administrative","name":"Phường Ô Chợ Dừa","name:en":"O Cho Dua Ward","population":"71293","population:date":"2025-07-01","postal_code":"11511","source:population":"gis.vn","type":"boundary","wikidata":"Q30923306","wikipedia":"vi:Ô Chợ Dừa (phường)","role":"outer","member_type":"way","member_ref":1413041738},"geometry":{"type":"LineString","coordinates":[[105.8188301,21.0138594],[105.8205691,21.0157478],[105.8209044,21.0161123],[105.8216429,21.0163896],[105.823001,21.0164054],[105.8235188,21.016655],[105.8249738,21.0193842],[105.8256795,21.0208061]]}},{"type":"Feature","properties":{"osm_id":19331659,"osm_type":"relation","admin_level":"6","boundary":"administrative","name":"Phường Đống Đa","name:en":"Dong Da Ward","population":"81358","population:date":"2025-07-01","postal_code":"11527","source:population":"gis.vn","type":"boundary","wikipedia":"vi:Đống Đa, Hà Nội","role":"outer","member_type":"way","member_ref":1413041738},"geometry":{"type":"LineString","coordinates":[[105.8188301,21.0138594],[105.8205691,21.0157478],[105.8209044,21.0161123],[105.8216429,21.0163896],[105.823001,21.0164054],[105.8235188,21.016655],[105.8249738,21.0193842],[105.8256795,21.0208061]]}},{"type":"Feature","properties":{"osm_id":19338319,"osm_type":"relation","admin_level":"6","boundary":"administrative","name":"Phường Phú Diễn","name:en":"Phu Dien Ward","population":"74603","population:date":"2025-07-01","source:population":"gis.vn","type":"boundary","wikidata":"Q10805916","wikipedia":"vi:Phú Diễn","role":"outer","member_type":"way","member_ref":1413520813},"geometry":{"type":"LineString","coordinates":[[105.7822137,21.055682],[105.7790834,21.0552834],[105.7748237,21.0546878],[105.7720697,21.0542996]]}},{"type":"Feature","properties":{"osm_id":19338320,"osm_type":"relation","admin_level":"6","boundary":"administrative","name":"Phường Đông Ngạc","name:en":"Dong Ngac Ward","population":"83544","population:date":"2025-07-01","source:population":"gis.vn","type":"boundary","wikidata":"Q10840807","wikipedia":"vi:Đông Ngạc","role":"outer","member_type":"way","member_ref":1413520813},"geometry":{"type":"LineString","coordinates":[[105.7822137,21.055682],[105.7790834,21.0552834],[105.7748237,21.0546878],[105.7720697,21.0542996]]}},{"type":"Feature","properties":{"osm_id":19334582,"osm_type":"relation","admin_level":"6","boundary":"administrative","name":"Phường Hồng Hà","name:en":"Hong Ha Ward","population":"123282","population:date":"2025-07-01","postal_code":"11025","source:population":"gis.vn","type":"boundary","wikipedia":"vi:Hồng Hà, Hà Nội","role":"outer","member_type":"way","member_ref":1413240394},"geometry":{"type":"LineString","coordinates":[[105.8211303,21.0937909],[105.8201312,21.0916346],[105.8185087,21.0880854],[105.8181185,21.087258],[105.8177054,21.0864439],[105.8166966,21.0846499]]}},{"type":"Feature","properties":{"osm_id":19335056,"osm_type":"relation","admin_level":"6","boundary":"administrative","name":"Phường Phú Thượng","name:en":"Phu Thuong Ward","population":"39322","population:date":"2025-07-01","postal_code":"11210","source:population":"gis.vn","type":"boundary","wikidata":"Q10806100","wikipedia":"vi:Phú Thượng, Hà Nội","role":"outer","member_type":"way","member_ref":1413240394},"geometry":{"type":"LineString","coordinates":[[105.8211303,21.0937909],[105.8201312,21.0916346],[105.8185087,21.0880854],[105.8181185,21.087258],[105.8177054,21.0864439],[105.8166966,21.0846499]]}},{"type":"Feature","properties":{"osm_id":19331652,"osm_type":"relation","admin_level":"6","boundary":"administrative","name":"Phường Ba Đình","name:en":"Ba Dinh Ward","population":"65023","population:date":"2025-07-01","postal_code":"11120","source:population":"gis.vn","type":"boundary","wikidata":"Q135651473","wikipedia":"en:Ba Đình","role":"outer","member_type":"way","member_ref":1413067865},"geometry":{"type":"LineString","coordinates":[[105.835801,21.042768],[105.8353,21.042767],[105.835249,21.041829],[105.833357,21.041896],[105.832161,21.041887],[105.831334,21.041809],[105.830705,21.041611],[105.83016,21.04121],[105.829648,21.040645],[105.828857,21.0396975],[105.8279734,21.0395642],[105.8274538,21.0396876]]}},{"type":"Feature","properties":{"osm_id":19332321,"osm_type":"relation","admin_level":"6","boundary":"administrative","name":"Phường Tây Hồ","name:en":"Tay Ho Ward","population":"100122","population:date":"2025-07-01","postal_code":"11214","source:population":"gis.vn","type":"boundary","wikipedia":"vi:Tây Hồ (phường)","role":"outer","member_type":"way","member_ref":1413067865},"geometry":{"type":"LineString","coordinates":[[105.835801,21.042768],[105.8353,21.042767],[105.835249,21.041829],[105.833357,21.041896],[105.832161,21.041887],[105.831334,21.041809],[105.830705,21.041611],[105.83016,21.04121],[105.829648,21.040645],[105.828857,21.0396975],[105.8279734,21.0395642],[105.8274538,21.0396876]]}},{"type":"Feature","properties":{"osm_id":19338315,"osm_type":"relation","admin_level":"6","boundary":"administrative","name":"Phường Thanh Liệt","name:en":"Thanh Liet Ward","population":"76238","population:date":"2025-07-01","source:population":"gis.vn","type":"boundary","wikipedia":"vi:Thanh Liệt, Hà Nội","role":"outer","member_type":"way","member_ref":1420677843},"geometry":{"type":"LineString","coordinates":[[105.8168265,20.9496099],[105.8160552,20.9501666],[105.8155561,20.9513844],[105.8141479,20.9524199],[105.8148222,20.9534308],[105.8105569,20.9557482]]}},{"type":"Feature","properties":{"osm_id":19437089,"osm_type":"relation","admin_level":"6","boundary":"administrative","name":"Xã Đại Thanh","name:en":"Dai Thanh Commune","type":"boundary","wikipedia":"vi:Đại Thanh, Hà Nội","role":"outer","member_type":"way","member_ref":1420677843},"geometry":{"type":"LineString","coordinates":[[105.8168265,20.9496099],[105.8160552,20.9501666],[105.8155561,20.9513844],[105.8141479,20.9524199],[105.8148222,20.9534308],[105.8105569,20.9557482]]}},{"type":"Feature","properties":{"osm_id":19338314,"osm_type":"relation","admin_level":"6","boundary":"administrative","name":"Phường Đại Mỗ","name:en":"Dai Mo Ward","population":"80462","population:date":"2025-07-01","source:population":"gis.vn","type":"boundary","wikidata":"Q10841119","wikipedia":"vi:Đại Mỗ","role":"outer","member_type":"way","member_ref":832454975},"geometry":{"type":"LineString","coordinates":[[105.7628208,21.0063691],[105.7626178,21.0055797],[105.7624991,21.0046849],[105.7622051,21.0040472],[105.761863,21.0029406],[105.7619232,21.0023233],[105.7628326,21.0004787],[105.7626049,20.9994359],[105.7622669,20.9982795],[105.7622375,20.9977283],[105.7625314,20.9971933],[105.7628022,20.9969881]]}},{"type":"Feature","properties":{"osm_id":19341253,"osm_type":"relation","admin_level":"6","boundary":"administrative","name":"Phường Tây Mỗ","name:en":"Tay Mo Ward","population":"46894","population:date":"2025-07-01","source:population":"gis.vn","type":"boundary","wikidata":"Q10831060","wikipedia":"vi:Tây Mỗ","role":"outer","member_type":"way","member_ref":832454975},"geometry":{"type":"LineString","coordinates":[[105.7628208,21.0063691],[105.7626178,21.0055797],[105.7624991,21.0046849],[105.7622051,21.0040472],[105.761863,21.0029406],[105.7619232,21.0023233],[105.7628326,21.0004787],[105.7626049,20.9994359],[105.7622669,20.9982795],[105.7622375,20.9977283],[105.7625314,20.9971933],[105.7628022,20.9969881]]}},{"type":"Feature","properties":{"osm_id":19331652,"osm_type":"relation","admin_level":"6","boundary":"administrative","name":"Phường Ba Đình","name:en":"Ba Dinh Ward","population":"65023","population:date":"2025-07-01","postal_code":"11120","source:population":"gis.vn","type":"boundary","wikidata":"Q135651473","wikipedia":"en:Ba Đình","role":"outer","member_type":"way","member_ref":1413041699},"geometry":{"type":"LineString","coordinates":[[105.8274538,21.0396876],[105.8272786,21.039189],[105.8269499,21.0386781],[105.8268191,21.0382001],[105.8265879,21.0372917],[105.8278287,21.0371642],[105.8283641,21.0370563],[105.8282513,21.0364327],[105.8280025,21.0355165],[105.8279532,21.034706],[105.827481,21.0347475],[105.827135,21.0343028],[105.8271652,21.0338253],[105.8271154,21.0330225],[105.827009,21.0320818]]}},{"type":"Feature","properties":{"osm_id":19332320,"osm_type":"relation","admin_level":"6","boundary":"administrative","name":"Phường Ngọc Hà","name:en":"Ngoc Ha Ward","population":"93536","population:date":"2025-07-01","postal_code":"11119","source:population":"gis.vn","type":"boundary","wikidata":"Q10800604","wikipedia":"vi:Ngọc Hà, Hà Nội","role":"outer","member_type":"way","member_ref":1413041699},"geometry":{"type":"LineString","coordinates":[[105.8274538,21.0396876],[105.8272786,21.039189],[105.8269499,21.0386781],[105.8268191,21.0382001],[105.8265879,21.0372917],[105.8278287,21.0371642],[105.8283641,21.0370563],[105.8282513,21.0364327],[105.8280025,21.0355165],[105.8279532,21.034706],[105.827481,21.0347475],[105.827135,21.0343028],[105.8271652,21.0338253],[105.8271154,21.0330225],[105.827009,21.0320818]]}},{"type":"Feature","properties":{"osm_id":19331655,"osm_type":"relation","admin_level":"6","boundary":"administrative","name":"Phường Văn Miếu - Quốc Tử Giám","name:en":"Van Mieu - Quoc Tu Giam Ward","name:ja":"ヴァンミエウ=クォットゥーザム坊","population":"105604","population:date":"2025-07-01","postal_code":"11508","source:population":"gis.vn","type":"boundary","wikidata":"Q10833399","wikipedia":"vi:Văn Miếu – Quốc Tử Giám, Hà Nội","role":"outer","member_type":"way","member_ref":1413041715},"geometry":{"type":"LineString","coordinates":[[105.8413643,21.0077057],[105.8406462,21.0078405],[105.8397371,21.0082245],[105.83906,21.0087694],[105.8383315,21.0094747],[105.8377057,21.0101994],[105.8369351,21.0112762],[105.8357022,21.012584],[105.8343479,21.0140095],[105.8341068,21.0142617]]}},{"type":"Feature","properties":{"osm_id":19331656,"osm_type":"relation","admin_level":"6","boundary":"administrative","name":"Phường Kim Liên","name:en":"Kim Lien Ward","population":"109107","population:date":"2025-07-01","postal_code":"11520","source:population":"gis.vn","type":"boundary","wikidata":"Q10779914","wikipedia":"vi:Kim Liên (phường)","role":"outer","member_type":"way","member_ref":1413041715},"geometry":{"type":"LineString","coordinates":[[105.8413643,21.0077057],[105.8406462,21.0078405],[105.8397371,21.0082245],[105.83906,21.0087694],[105.8383315,21.0094747],[105.8377057,21.0101994],[105.8369351,21.0112762],[105.8357022,21.012584],[105.8343479,21.0140095],[105.8341068,21.0142617]]}},{"type":"Feature","properties":{"osm_id":19331655,"osm_type":"relation","admin_level":"6","boundary":"administrative","name":"Phường Văn Miếu - Quốc Tử Giám","name:en":"Van Mieu - Quoc Tu Giam Ward","name:ja":"ヴァンミエウ=クォットゥーザム坊","population":"105604","population:date":"2025-07-01","postal_code":"11508","source:population":"gis.vn","type":"boundary","wikidata":"Q10833399","wikipedia":"vi:Văn Miếu – Quốc Tử Giám, Hà Nội","role":"outer","member_type":"way","member_ref":1413041716},"geometry":{"type":"LineString","coordinates":[[105.8300267,21.0188353],[105.8308128,21.020348],[105.8319382,21.0227543],[105.8330954,21.0253007],[105.8342273,21.027759]]}},{"type":"Feature","properties":{"osm_id":19331658,"osm_type":"relation","admin_level":"6","boundary":"administrative","name":"Phường Ô Chợ Dừa","name:en":"O Cho Dua Ward","population":"71293","population:date":"2025-07-01","postal_code":"11511","source:population":"gis.vn","type":"boundary","wikidata":"Q30923306","wikipedia":"vi:Ô Chợ Dừa (phường)","role":"outer","member_type":"way","member_ref":1413041716},"geometry":{"type":"LineString","coordinates":[[105.8300267,21.0188353],[105.8308128,21.020348],[105.8319382,21.0227543],[105.8330954,21.0253007],[105.8342273,21.027759]]}},{"type":"Feature","properties":{"osm_id":19332319,"osm_type":"relation","admin_level":"6","boundary":"administrative","name":"Phường Giảng Võ","name:en":"Giang Vo Ward","population":"97034","population:date":"2025-07-01","postal_code":"11110","source:population":"gis.vn","type":"boundary","wikidata":"Q10761913","wikipedia":"vi:Giảng Võ","role":"outer","member_type":"way","member_ref":1413067859},"geometry":{"type":"LineString","coordinates":[[105.827009,21.0320818],[105.824349,21.031651],[105.8172712,21.0306282]]}},{"type":"Feature","properties":{"osm_id":19332320,"osm_type":"relation","admin_level":"6","boundary":"administrative","name":"Phường Ngọc Hà","name:en":"Ngoc Ha Ward","population":"93536","population:date":"2025-07-01","postal_code":"11119","source:population":"gis.vn","type":"boundary","wikidata":"Q10800604","wikipedia":"vi:Ngọc Hà, Hà Nội","role":"outer","member_type":"way","member_ref":1413067859},"geometry":{"type":"LineString","coordinates":[[105.827009,21.0320818],[105.824349,21.031651],[105.8172712,21.0306282]]}},{"type":"Feature","properties":{"osm_id":19331651,"osm_type":"relation","admin_level":"6","boundary":"administrative","name":"Phường Hoàn Kiếm","name:en":"Hoan Kiem Ward","population":"105301","population:date":"2025-07-01","postal_code":"11024","source:population":"gis.vn","type":"boundary","wikipedia":"vi:Hoàn Kiếm","role":"outer","member_type":"way","member_ref":1413041696},"geometry":{"type":"LineString","coordinates":[[105.8582993,21.0247211],[105.8571911,21.0244532],[105.8533652,21.0253782],[105.8503746,21.0262701],[105.8488489,21.0267212]]}},{"type":"Feature","properties":{"osm_id":19331653,"osm_type":"relation","admin_level":"6","boundary":"administrative","name":"Phường Cửa Nam","name:en":"Cua Nam Ward","name:ja":"クアナム坊","population":"52751","population:date":"2025-07-01","postal_code":"11018","source:population":"gis.vn","type":"boundary","wikidata":"Q10752772","wikipedia":"vi:Cửa Nam, Hà Nội","role":"outer","member_type":"way","member_ref":1413041696},"geometry":{"type":"LineString","coordinates":[[105.8582993,21.0247211],[105.8571911,21.0244532],[105.8533652,21.0253782],[105.8503746,21.0262701],[105.8488489,21.0267212]]}},{"type":"Feature","properties":{"osm_id":19341250,"osm_type":"relation","admin_level":"6","boundary":"administrative","name":"Phường Thượng Cát","name:en":"Thuong Cat Ward","population":"24692","population:date":"2025-07-01","source:population":"gis.vn","type":"boundary","wikidata":"Q10826052","wikipedia":"vi:Thượng Cát","role":"outer","member_type":"way","member_ref":1413836593},"geometry":{"type":"LineString","coordinates":[[105.7560622,21.0669724],[105.7470167,21.0704096]]}}]}
